parameter_id,condition,run_id,seed,profile,scenario,identity_continuity,lure_capture,recovery_latency_s,selection_switches,final_lineage_retention
06377b5b0d8e7e68,cias_full,361_drone_matched_adversarial_identity,361,drone,matched_adversarial_identity,0.9305555555555556,0.06944444444444445,0.5,8,1
06377b5b0d8e7e68,cias_full,361_ground_creature_matched_adversarial_identity,361,ground_creature,matched_adversarial_identity,1.0,0.0,0.0,4,1
06377b5b0d8e7e68,cias_full,361_virtual_avatar_matched_adversarial_identity,361,virtual_avatar,matched_adversarial_identity,1.0,0.0,0.0,4,1
06377b5b0d8e7e68,cias_full,361_wheeled_robot_matched_adversarial_identity,361,wheeled_robot,matched_adversarial_identity,1.0,0.0,0.0,4,1
06377b5b0d8e7e68,cias_full,362_drone_matched_adversarial_identity,362,drone,matched_adversarial_identity,0.9027777777777778,0.09722222222222222,0.7000000000000001,14,1
06377b5b0d8e7e68,cias_full,362_ground_creature_matched_adversarial_identity,362,ground_creature,matched_adversarial_identity,1.0,0.0,0.0,4,1
06377b5b0d8e7e68,cias_full,362_virtual_avatar_matched_adversarial_identity,362,virtual_avatar,matched_adversarial_identity,1.0,0.0,0.0,4,1
06377b5b0d8e7e68,cias_full,362_wheeled_robot_matched_adversarial_identity,362,wheeled_robot,matched_adversarial_identity,1.0,0.0,0.0,4,1
06377b5b0d8e7e68,cias_full,363_drone_matched_adversarial_identity,363,drone,matched_adversarial_identity,0.625,0.09722222222222222,0.7000000000000001,20,1
06377b5b0d8e7e68,cias_full,363_ground_creature_matched_adversarial_identity,363,ground_creature,matched_adversarial_identity,1.0,0.0,0.0,4,1
06377b5b0d8e7e68,cias_full,363_virtual_avatar_matched_adversarial_identity,363,virtual_avatar,matched_adversarial_identity,1.0,0.0,0.0,4,1
06377b5b0d8e7e68,cias_full,363_wheeled_robot_matched_adversarial_identity,363,wheeled_robot,matched_adversarial_identity,0.9305555555555556,0.06944444444444445,0.5,6,1
06377b5b0d8e7e68,cias_full,364_drone_matched_adversarial_identity,364,drone,matched_adversarial_identity,0.9027777777777778,0.09722222222222222,0.7000000000000001,14,1
06377b5b0d8e7e68,cias_full,364_ground_creature_matched_adversarial_identity,364,ground_creature,matched_adversarial_identity,1.0,0.0,0.0,4,1
06377b5b0d8e7e68,cias_full,364_virtual_avatar_matched_adversarial_identity,364,virtual_avatar,matched_adversarial_identity,1.0,0.0,0.0,2,1
06377b5b0d8e7e68,cias_full,364_wheeled_robot_matched_adversarial_identity,364,wheeled_robot,matched_adversarial_identity,1.0,0.0,0.0,4,1
06377b5b0d8e7e68,cias_full,365_drone_matched_adversarial_identity,365,drone,matched_adversarial_identity,0.4166666666666667,0.2916666666666667,2.3000000000000003,20,1
06377b5b0d8e7e68,cias_full,365_ground_creature_matched_adversarial_identity,365,ground_creature,matched_adversarial_identity,1.0,0.0,0.0,4,1
06377b5b0d8e7e68,cias_full,365_virtual_avatar_matched_adversarial_identity,365,virtual_avatar,matched_adversarial_identity,1.0,0.0,0.0,4,1
06377b5b0d8e7e68,cias_full,365_wheeled_robot_matched_adversarial_identity,365,wheeled_robot,matched_adversarial_identity,1.0,0.0,0.0,4,1
06377b5b0d8e7e68,cias_full,366_drone_matched_adversarial_identity,366,drone,matched_adversarial_identity,0.6666666666666666,0.08333333333333333,0.6000000000000001,18,1
06377b5b0d8e7e68,cias_full,366_ground_creature_matched_adversarial_identity,366,ground_creature,matched_adversarial_identity,1.0,0.0,0.0,4,1
06377b5b0d8e7e68,cias_full,366_virtual_avatar_matched_adversarial_identity,366,virtual_avatar,matched_adversarial_identity,1.0,0.0,0.0,4,1
06377b5b0d8e7e68,cias_full,366_wheeled_robot_matched_adversarial_identity,366,wheeled_robot,matched_adversarial_identity,0.9305555555555556,0.06944444444444445,0.5,8,1
06377b5b0d8e7e68,cias_full,367_drone_matched_adversarial_identity,367,drone,matched_adversarial_identity,0.6111111111111112,0.09722222222222222,0.7000000000000001,18,1
06377b5b0d8e7e68,cias_full,367_ground_creature_matched_adversarial_identity,367,ground_creature,matched_adversarial_identity,1.0,0.0,0.0,4,1
06377b5b0d8e7e68,cias_full,367_virtual_avatar_matched_adversarial_identity,367,virtual_avatar,matched_adversarial_identity,1.0,0.0,0.0,4,1
06377b5b0d8e7e68,cias_full,367_wheeled_robot_matched_adversarial_identity,367,wheeled_robot,matched_adversarial_identity,1.0,0.0,0.0,4,1
06377b5b0d8e7e68,cias_full,368_drone_matched_adversarial_identity,368,drone,matched_adversarial_identity,0.9027777777777778,0.09722222222222222,0.7000000000000001,14,1
06377b5b0d8e7e68,cias_full,368_ground_creature_matched_adversarial_identity,368,ground_creature,matched_adversarial_identity,1.0,0.0,0.0,4,1
06377b5b0d8e7e68,cias_full,368_virtual_avatar_matched_adversarial_identity,368,virtual_avatar,matched_adversarial_identity,1.0,0.0,0.0,4,1
06377b5b0d8e7e68,cias_full,368_wheeled_robot_matched_adversarial_identity,368,wheeled_robot,matched_adversarial_identity,0.9166666666666666,0.08333333333333333,0.6000000000000001,10,1
06377b5b0d8e7e68,cias_full,369_drone_matched_adversarial_identity,369,drone,matched_adversarial_identity,0.625,0.09722222222222222,0.7000000000000001,20,1
06377b5b0d8e7e68,cias_full,369_ground_creature_matched_adversarial_identity,369,ground_creature,matched_adversarial_identity,1.0,0.0,0.0,2,1
06377b5b0d8e7e68,cias_full,369_virtual_avatar_matched_adversarial_identity,369,virtual_avatar,matched_adversarial_identity,1.0,0.0,0.0,4,1
06377b5b0d8e7e68,cias_full,369_wheeled_robot_matched_adversarial_identity,369,wheeled_robot,matched_adversarial_identity,1.0,0.0,0.0,4,1
06377b5b0d8e7e68,cias_full,370_drone_matched_adversarial_identity,370,drone,matched_adversarial_identity,0.6388888888888888,0.09722222222222222,0.7000000000000001,22,1
06377b5b0d8e7e68,cias_full,370_ground_creature_matched_adversarial_identity,370,ground_creature,matched_adversarial_identity,1.0,0.0,0.0,4,1
06377b5b0d8e7e68,cias_full,370_virtual_avatar_matched_adversarial_identity,370,virtual_avatar,matched_adversarial_identity,1.0,0.0,0.0,4,1
06377b5b0d8e7e68,cias_full,370_wheeled_robot_matched_adversarial_identity,370,wheeled_robot,matched_adversarial_identity,1.0,0.0,0.0,4,1
06377b5b0d8e7e68,cias_full,371_drone_matched_adversarial_identity,371,drone,matched_adversarial_identity,0.7222222222222222,0.0,0.0,12,1
06377b5b0d8e7e68,cias_full,371_ground_creature_matched_adversarial_identity,371,ground_creature,matched_adversarial_identity,1.0,0.0,0.0,2,1
06377b5b0d8e7e68,cias_full,371_virtual_avatar_matched_adversarial_identity,371,virtual_avatar,matched_adversarial_identity,1.0,0.0,0.0,4,1
06377b5b0d8e7e68,cias_full,371_wheeled_robot_matched_adversarial_identity,371,wheeled_robot,matched_adversarial_identity,0.9444444444444444,0.05555555555555555,0.4,8,1
06377b5b0d8e7e68,cias_full,372_drone_matched_adversarial_identity,372,drone,matched_adversarial_identity,1.0,0.0,0.0,10,1
06377b5b0d8e7e68,cias_full,372_ground_creature_matched_adversarial_identity,372,ground_creature,matched_adversarial_identity,1.0,0.0,0.0,4,1
06377b5b0d8e7e68,cias_full,372_virtual_avatar_matched_adversarial_identity,372,virtual_avatar,matched_adversarial_identity,1.0,0.0,0.0,4,1
06377b5b0d8e7e68,cias_full,372_wheeled_robot_matched_adversarial_identity,372,wheeled_robot,matched_adversarial_identity,1.0,0.0,0.0,4,1
06377b5b0d8e7e68,cias_full,373_drone_matched_adversarial_identity,373,drone,matched_adversarial_identity,0.6666666666666666,0.06944444444444445,0.5,22,1
06377b5b0d8e7e68,cias_full,373_ground_creature_matched_adversarial_identity,373,ground_creature,matched_adversarial_identity,1.0,0.0,0.0,4,1
06377b5b0d8e7e68,cias_full,373_virtual_avatar_matched_adversarial_identity,373,virtual_avatar,matched_adversarial_identity,1.0,0.0,0.0,4,1
06377b5b0d8e7e68,cias_full,373_wheeled_robot_matched_adversarial_identity,373,wheeled_robot,matched_adversarial_identity,1.0,0.0,0.0,4,1
06377b5b0d8e7e68,cias_full,374_drone_matched_adversarial_identity,374,drone,matched_adversarial_identity,0.75,0.0,0.0,22,1
06377b5b0d8e7e68,cias_full,374_ground_creature_matched_adversarial_identity,374,ground_creature,matched_adversarial_identity,1.0,0.0,0.0,4,1
06377b5b0d8e7e68,cias_full,374_virtual_avatar_matched_adversarial_identity,374,virtual_avatar,matched_adversarial_identity,1.0,0.0,0.0,4,1
06377b5b0d8e7e68,cias_full,374_wheeled_robot_matched_adversarial_identity,374,wheeled_robot,matched_adversarial_identity,0.9166666666666666,0.08333333333333333,0.6000000000000001,8,1
06377b5b0d8e7e68,cias_full,375_drone_matched_adversarial_identity,375,drone,matched_adversarial_identity,0.5277777777777778,0.19444444444444445,1.5,16,1
06377b5b0d8e7e68,cias_full,375_ground_creature_matched_adversarial_identity,375,ground_creature,matched_adversarial_identity,1.0,0.0,0.0,4,1
06377b5b0d8e7e68,cias_full,375_virtual_avatar_matched_adversarial_identity,375,virtual_avatar,matched_adversarial_identity,1.0,0.0,0.0,4,1
06377b5b0d8e7e68,cias_full,375_wheeled_robot_matched_adversarial_identity,375,wheeled_robot,matched_adversarial_identity,0.9305555555555556,0.06944444444444445,0.5,8,1
06377b5b0d8e7e68,cias_full,376_drone_matched_adversarial_identity,376,drone,matched_adversarial_identity,0.6527777777777778,0.06944444444444445,0.5,18,1
06377b5b0d8e7e68,cias_full,376_ground_creature_matched_adversarial_identity,376,ground_creature,matched_adversarial_identity,1.0,0.0,0.0,4,1
06377b5b0d8e7e68,cias_full,376_virtual_avatar_matched_adversarial_identity,376,virtual_avatar,matched_adversarial_identity,1.0,0.0,0.0,4,1
06377b5b0d8e7e68,cias_full,376_wheeled_robot_matched_adversarial_identity,376,wheeled_robot,matched_adversarial_identity,0.9305555555555556,0.06944444444444445,0.5,10,1
06377b5b0d8e7e68,cias_full,377_drone_matched_adversarial_identity,377,drone,matched_adversarial_identity,0.6388888888888888,0.09722222222222222,0.7000000000000001,20,1
06377b5b0d8e7e68,cias_full,377_ground_creature_matched_adversarial_identity,377,ground_creature,matched_adversarial_identity,1.0,0.0,0.0,4,1
06377b5b0d8e7e68,cias_full,377_virtual_avatar_matched_adversarial_identity,377,virtual_avatar,matched_adversarial_identity,1.0,0.0,0.0,4,1
06377b5b0d8e7e68,cias_full,377_wheeled_robot_matched_adversarial_identity,377,wheeled_robot,matched_adversarial_identity,1.0,0.0,0.0,4,1
06377b5b0d8e7e68,cias_full,378_drone_matched_adversarial_identity,378,drone,matched_adversarial_identity,0.6388888888888888,0.09722222222222222,0.7000000000000001,14,1
06377b5b0d8e7e68,cias_full,378_ground_creature_matched_adversarial_identity,378,ground_creature,matched_adversarial_identity,1.0,0.0,0.0,4,1
06377b5b0d8e7e68,cias_full,378_virtual_avatar_matched_adversarial_identity,378,virtual_avatar,matched_adversarial_identity,1.0,0.0,0.0,4,1
06377b5b0d8e7e68,cias_full,378_wheeled_robot_matched_adversarial_identity,378,wheeled_robot,matched_adversarial_identity,1.0,0.0,0.0,4,1
06377b5b0d8e7e68,cias_full,379_drone_matched_adversarial_identity,379,drone,matched_adversarial_identity,1.0,0.0,0.0,22,1
06377b5b0d8e7e68,cias_full,379_ground_creature_matched_adversarial_identity,379,ground_creature,matched_adversarial_identity,1.0,0.0,0.0,4,1
06377b5b0d8e7e68,cias_full,379_virtual_avatar_matched_adversarial_identity,379,virtual_avatar,matched_adversarial_identity,1.0,0.0,0.0,4,1
06377b5b0d8e7e68,cias_full,379_wheeled_robot_matched_adversarial_identity,379,wheeled_robot,matched_adversarial_identity,1.0,0.0,0.0,4,1
06377b5b0d8e7e68,cias_full,380_drone_matched_adversarial_identity,380,drone,matched_adversarial_identity,0.6805555555555556,0.06944444444444445,0.5,14,1
06377b5b0d8e7e68,cias_full,380_ground_creature_matched_adversarial_identity,380,ground_creature,matched_adversarial_identity,1.0,0.0,0.0,4,1
06377b5b0d8e7e68,cias_full,380_virtual_avatar_matched_adversarial_identity,380,virtual_avatar,matched_adversarial_identity,1.0,0.0,0.0,4,1
06377b5b0d8e7e68,cias_full,380_wheeled_robot_matched_adversarial_identity,380,wheeled_robot,matched_adversarial_identity,1.0,0.0,0.0,4,1
06377b5b0d8e7e68,cias_full,381_drone_matched_adversarial_identity,381,drone,matched_adversarial_identity,1.0,0.0,0.0,10,1
06377b5b0d8e7e68,cias_full,381_ground_creature_matched_adversarial_identity,381,ground_creature,matched_adversarial_identity,1.0,0.0,0.0,4,1
06377b5b0d8e7e68,cias_full,381_virtual_avatar_matched_adversarial_identity,381,virtual_avatar,matched_adversarial_identity,1.0,0.0,0.0,4,1
06377b5b0d8e7e68,cias_full,381_wheeled_robot_matched_adversarial_identity,381,wheeled_robot,matched_adversarial_identity,1.0,0.0,0.0,6,1
06377b5b0d8e7e68,cias_full,382_drone_matched_adversarial_identity,382,drone,matched_adversarial_identity,1.0,0.0,0.0,16,1
06377b5b0d8e7e68,cias_full,382_ground_creature_matched_adversarial_identity,382,ground_creature,matched_adversarial_identity,1.0,0.0,0.0,4,1
06377b5b0d8e7e68,cias_full,382_virtual_avatar_matched_adversarial_identity,382,virtual_avatar,matched_adversarial_identity,1.0,0.0,0.0,4,1
06377b5b0d8e7e68,cias_full,382_wheeled_robot_matched_adversarial_identity,382,wheeled_robot,matched_adversarial_identity,1.0,0.0,0.0,6,1
06377b5b0d8e7e68,cias_full,383_drone_matched_adversarial_identity,383,drone,matched_adversarial_identity,0.9027777777777778,0.09722222222222222,0.7000000000000001,10,1
06377b5b0d8e7e68,cias_full,383_ground_creature_matched_adversarial_identity,383,ground_creature,matched_adversarial_identity,1.0,0.0,0.0,4,1
06377b5b0d8e7e68,cias_full,383_virtual_avatar_matched_adversarial_identity,383,virtual_avatar,matched_adversarial_identity,1.0,0.0,0.0,4,1
06377b5b0d8e7e68,cias_full,383_wheeled_robot_matched_adversarial_identity,383,wheeled_robot,matched_adversarial_identity,1.0,0.0,0.0,4,1
06377b5b0d8e7e68,cias_full,384_drone_matched_adversarial_identity,384,drone,matched_adversarial_identity,1.0,0.0,0.0,8,1
06377b5b0d8e7e68,cias_full,384_ground_creature_matched_adversarial_identity,384,ground_creature,matched_adversarial_identity,1.0,0.0,0.0,4,1
06377b5b0d8e7e68,cias_full,384_virtual_avatar_matched_adversarial_identity,384,virtual_avatar,matched_adversarial_identity,1.0,0.0,0.0,2,1
06377b5b0d8e7e68,cias_full,384_wheeled_robot_matched_adversarial_identity,384,wheeled_robot,matched_adversarial_identity,1.0,0.0,0.0,4,1
06377b5b0d8e7e68,cias_full,385_drone_matched_adversarial_identity,385,drone,matched_adversarial_identity,0.9027777777777778,0.09722222222222222,0.7000000000000001,10,1
06377b5b0d8e7e68,cias_full,385_ground_creature_matched_adversarial_identity,385,ground_creature,matched_adversarial_identity,1.0,0.0,0.0,4,1
06377b5b0d8e7e68,cias_full,385_virtual_avatar_matched_adversarial_identity,385,virtual_avatar,matched_adversarial_identity,1.0,0.0,0.0,4,1
06377b5b0d8e7e68,cias_full,385_wheeled_robot_matched_adversarial_identity,385,wheeled_robot,matched_adversarial_identity,1.0,0.0,0.0,4,1
06377b5b0d8e7e68,cias_full,386_drone_matched_adversarial_identity,386,drone,matched_adversarial_identity,0.9305555555555556,0.06944444444444445,0.5,14,1
06377b5b0d8e7e68,cias_full,386_ground_creature_matched_adversarial_identity,386,ground_creature,matched_adversarial_identity,1.0,0.0,0.0,4,1
06377b5b0d8e7e68,cias_full,386_virtual_avatar_matched_adversarial_identity,386,virtual_avatar,matched_adversarial_identity,1.0,0.0,0.0,4,1
06377b5b0d8e7e68,cias_full,386_wheeled_robot_matched_adversarial_identity,386,wheeled_robot,matched_adversarial_identity,1.0,0.0,0.0,4,1
06377b5b0d8e7e68,cias_full,387_drone_matched_adversarial_identity,387,drone,matched_adversarial_identity,1.0,0.0,0.0,14,1
06377b5b0d8e7e68,cias_full,387_ground_creature_matched_adversarial_identity,387,ground_creature,matched_adversarial_identity,1.0,0.0,0.0,4,1
06377b5b0d8e7e68,cias_full,387_virtual_avatar_matched_adversarial_identity,387,virtual_avatar,matched_adversarial_identity,1.0,0.0,0.0,4,1
06377b5b0d8e7e68,cias_full,387_wheeled_robot_matched_adversarial_identity,387,wheeled_robot,matched_adversarial_identity,1.0,0.0,0.0,4,1
06377b5b0d8e7e68,cias_full,388_drone_matched_adversarial_identity,388,drone,matched_adversarial_identity,0.75,0.0,0.0,22,1
06377b5b0d8e7e68,cias_full,388_ground_creature_matched_adversarial_identity,388,ground_creature,matched_adversarial_identity,1.0,0.0,0.0,4,1
06377b5b0d8e7e68,cias_full,388_virtual_avatar_matched_adversarial_identity,388,virtual_avatar,matched_adversarial_identity,1.0,0.0,0.0,4,1
06377b5b0d8e7e68,cias_full,388_wheeled_robot_matched_adversarial_identity,388,wheeled_robot,matched_adversarial_identity,1.0,0.0,0.0,4,1
06377b5b0d8e7e68,cias_full,389_drone_matched_adversarial_identity,389,drone,matched_adversarial_identity,0.7361111111111112,0.0,0.0,16,1
06377b5b0d8e7e68,cias_full,389_ground_creature_matched_adversarial_identity,389,ground_creature,matched_adversarial_identity,1.0,0.0,0.0,4,1
06377b5b0d8e7e68,cias_full,389_virtual_avatar_matched_adversarial_identity,389,virtual_avatar,matched_adversarial_identity,1.0,0.0,0.0,4,1
06377b5b0d8e7e68,cias_full,389_wheeled_robot_matched_adversarial_identity,389,wheeled_robot,matched_adversarial_identity,1.0,0.0,0.0,4,1
06377b5b0d8e7e68,cias_full,390_drone_matched_adversarial_identity,390,drone,matched_adversarial_identity,1.0,0.0,0.0,4,1
06377b5b0d8e7e68,cias_full,390_ground_creature_matched_adversarial_identity,390,ground_creature,matched_adversarial_identity,1.0,0.0,0.0,4,1
06377b5b0d8e7e68,cias_full,390_virtual_avatar_matched_adversarial_identity,390,virtual_avatar,matched_adversarial_identity,1.0,0.0,0.0,4,1
06377b5b0d8e7e68,cias_full,390_wheeled_robot_matched_adversarial_identity,390,wheeled_robot,matched_adversarial_identity,1.0,0.0,0.0,4,1
06377b5b0d8e7e68,cias_no_persistent_self,361_drone_matched_adversarial_identity,361,drone,matched_adversarial_identity,0.0,0.6666666666666666,,4,0
06377b5b0d8e7e68,cias_no_persistent_self,361_ground_creature_matched_adversarial_identity,361,ground_creature,matched_adversarial_identity,0.0,0.6666666666666666,,4,0
06377b5b0d8e7e68,cias_no_persistent_self,361_virtual_avatar_matched_adversarial_identity,361,virtual_avatar,matched_adversarial_identity,0.0,0.6666666666666666,,4,0
06377b5b0d8e7e68,cias_no_persistent_self,361_wheeled_robot_matched_adversarial_identity,361,wheeled_robot,matched_adversarial_identity,0.0,0.6666666666666666,,4,0
06377b5b0d8e7e68,cias_no_persistent_self,362_drone_matched_adversarial_identity,362,drone,matched_adversarial_identity,0.0,0.6666666666666666,,4,0
06377b5b0d8e7e68,cias_no_persistent_self,362_ground_creature_matched_adversarial_identity,362,ground_creature,matched_adversarial_identity,0.0,0.6666666666666666,,4,0
06377b5b0d8e7e68,cias_no_persistent_self,362_virtual_avatar_matched_adversarial_identity,362,virtual_avatar,matched_adversarial_identity,0.0,0.6666666666666666,,4,0
06377b5b0d8e7e68,cias_no_persistent_self,362_wheeled_robot_matched_adversarial_identity,362,wheeled_robot,matched_adversarial_identity,0.0,0.6666666666666666,,4,0
06377b5b0d8e7e68,cias_no_persistent_self,363_drone_matched_adversarial_identity,363,drone,matched_adversarial_identity,0.0,0.6666666666666666,,4,0
06377b5b0d8e7e68,cias_no_persistent_self,363_ground_creature_matched_adversarial_identity,363,ground_creature,matched_adversarial_identity,0.0,0.6666666666666666,,4,0
06377b5b0d8e7e68,cias_no_persistent_self,363_virtual_avatar_matched_adversarial_identity,363,virtual_avatar,matched_adversarial_identity,0.0,0.6666666666666666,,4,0
06377b5b0d8e7e68,cias_no_persistent_self,363_wheeled_robot_matched_adversarial_identity,363,wheeled_robot,matched_adversarial_identity,0.0,0.6666666666666666,,4,0
06377b5b0d8e7e68,cias_no_persistent_self,364_drone_matched_adversarial_identity,364,drone,matched_adversarial_identity,0.0,0.6666666666666666,,4,0
06377b5b0d8e7e68,cias_no_persistent_self,364_ground_creature_matched_adversarial_identity,364,ground_creature,matched_adversarial_identity,0.0,0.6666666666666666,,4,0
06377b5b0d8e7e68,cias_no_persistent_self,364_virtual_avatar_matched_adversarial_identity,364,virtual_avatar,matched_adversarial_identity,0.0,0.6666666666666666,,4,0
06377b5b0d8e7e68,cias_no_persistent_self,364_wheeled_robot_matched_adversarial_identity,364,wheeled_robot,matched_adversarial_identity,0.0,0.6666666666666666,,4,0
06377b5b0d8e7e68,cias_no_persistent_self,365_drone_matched_adversarial_identity,365,drone,matched_adversarial_identity,0.0,0.6666666666666666,,4,0
06377b5b0d8e7e68,cias_no_persistent_self,365_ground_creature_matched_adversarial_identity,365,ground_creature,matched_adversarial_identity,0.0,0.6666666666666666,,4,0
06377b5b0d8e7e68,cias_no_persistent_self,365_virtual_avatar_matched_adversarial_identity,365,virtual_avatar,matched_adversarial_identity,0.0,0.6666666666666666,,4,0
06377b5b0d8e7e68,cias_no_persistent_self,365_wheeled_robot_matched_adversarial_identity,365,wheeled_robot,matched_adversarial_identity,0.0,0.6666666666666666,,4,0
06377b5b0d8e7e68,cias_no_persistent_self,366_drone_matched_adversarial_identity,366,drone,matched_adversarial_identity,0.0,0.6666666666666666,,4,0
06377b5b0d8e7e68,cias_no_persistent_self,366_ground_creature_matched_adversarial_identity,366,ground_creature,matched_adversarial_identity,0.0,0.6666666666666666,,4,0
06377b5b0d8e7e68,cias_no_persistent_self,366_virtual_avatar_matched_adversarial_identity,366,virtual_avatar,matched_adversarial_identity,1.0,0.0,0.0,3,1
06377b5b0d8e7e68,cias_no_persistent_self,366_wheeled_robot_matched_adversarial_identity,366,wheeled_robot,matched_adversarial_identity,0.0,0.6666666666666666,,4,0
06377b5b0d8e7e68,cias_no_persistent_self,367_drone_matched_adversarial_identity,367,drone,matched_adversarial_identity,0.0,0.6666666666666666,,4,0
06377b5b0d8e7e68,cias_no_persistent_self,367_ground_creature_matched_adversarial_identity,367,ground_creature,matched_adversarial_identity,0.0,0.6666666666666666,,4,0
06377b5b0d8e7e68,cias_no_persistent_self,367_virtual_avatar_matched_adversarial_identity,367,virtual_avatar,matched_adversarial_identity,1.0,0.0,0.0,3,1
06377b5b0d8e7e68,cias_no_persistent_self,367_wheeled_robot_matched_adversarial_identity,367,wheeled_robot,matched_adversarial_identity,0.0,0.6666666666666666,,4,0
06377b5b0d8e7e68,cias_no_persistent_self,368_drone_matched_adversarial_identity,368,drone,matched_adversarial_identity,0.0,0.6666666666666666,,4,0
06377b5b0d8e7e68,cias_no_persistent_self,368_ground_creature_matched_adversarial_identity,368,ground_creature,matched_adversarial_identity,1.0,0.0,0.0,3,1
06377b5b0d8e7e68,cias_no_persistent_self,368_virtual_avatar_matched_adversarial_identity,368,virtual_avatar,matched_adversarial_identity,1.0,0.0,0.0,3,1
06377b5b0d8e7e68,cias_no_persistent_self,368_wheeled_robot_matched_adversarial_identity,368,wheeled_robot,matched_adversarial_identity,1.0,0.0,0.0,3,1
06377b5b0d8e7e68,cias_no_persistent_self,369_drone_matched_adversarial_identity,369,drone,matched_adversarial_identity,0.0,0.6666666666666666,,4,0
06377b5b0d8e7e68,cias_no_persistent_self,369_ground_creature_matched_adversarial_identity,369,ground_creature,matched_adversarial_identity,0.0,0.6666666666666666,,4,0
06377b5b0d8e7e68,cias_no_persistent_self,369_virtual_avatar_matched_adversarial_identity,369,virtual_avatar,matched_adversarial_identity,1.0,0.0,0.0,3,1
06377b5b0d8e7e68,cias_no_persistent_self,369_wheeled_robot_matched_adversarial_identity,369,wheeled_robot,matched_adversarial_identity,0.0,0.6666666666666666,,4,0
06377b5b0d8e7e68,cias_no_persistent_self,370_drone_matched_adversarial_identity,370,drone,matched_adversarial_identity,0.0,0.6666666666666666,,4,0
06377b5b0d8e7e68,cias_no_persistent_self,370_ground_creature_matched_adversarial_identity,370,ground_creature,matched_adversarial_identity,0.0,0.6666666666666666,,4,0
06377b5b0d8e7e68,cias_no_persistent_self,370_virtual_avatar_matched_adversarial_identity,370,virtual_avatar,matched_adversarial_identity,1.0,0.0,0.0,3,1
06377b5b0d8e7e68,cias_no_persistent_self,370_wheeled_robot_matched_adversarial_identity,370,wheeled_robot,matched_adversarial_identity,0.0,0.6666666666666666,,4,0
06377b5b0d8e7e68,cias_no_persistent_self,371_drone_matched_adversarial_identity,371,drone,matched_adversarial_identity,0.0,0.6666666666666666,,4,0
06377b5b0d8e7e68,cias_no_persistent_self,371_ground_creature_matched_adversarial_identity,371,ground_creature,matched_adversarial_identity,1.0,0.0,0.0,3,1
06377b5b0d8e7e68,cias_no_persistent_self,371_virtual_avatar_matched_adversarial_identity,371,virtual_avatar,matched_adversarial_identity,1.0,0.0,0.0,3,1
06377b5b0d8e7e68,cias_no_persistent_self,371_wheeled_robot_matched_adversarial_identity,371,wheeled_robot,matched_adversarial_identity,1.0,0.0,0.0,3,1
06377b5b0d8e7e68,cias_no_persistent_self,372_drone_matched_adversarial_identity,372,drone,matched_adversarial_identity,0.0,0.6666666666666666,,4,0
06377b5b0d8e7e68,cias_no_persistent_self,372_ground_creature_matched_adversarial_identity,372,ground_creature,matched_adversarial_identity,0.0,0.6666666666666666,,4,0
06377b5b0d8e7e68,cias_no_persistent_self,372_virtual_avatar_matched_adversarial_identity,372,virtual_avatar,matched_adversarial_identity,1.0,0.0,0.0,3,1
06377b5b0d8e7e68,cias_no_persistent_self,372_wheeled_robot_matched_adversarial_identity,372,wheeled_robot,matched_adversarial_identity,0.0,0.6666666666666666,,4,0
06377b5b0d8e7e68,cias_no_persistent_self,373_drone_matched_adversarial_identity,373,drone,matched_adversarial_identity,0.0,0.6666666666666666,,4,0
06377b5b0d8e7e68,cias_no_persistent_self,373_ground_creature_matched_adversarial_identity,373,ground_creature,matched_adversarial_identity,1.0,0.0,0.0,3,1
06377b5b0d8e7e68,cias_no_persistent_self,373_virtual_avatar_matched_adversarial_identity,373,virtual_avatar,matched_adversarial_identity,1.0,0.0,0.0,3,1
06377b5b0d8e7e68,cias_no_persistent_self,373_wheeled_robot_matched_adversarial_identity,373,wheeled_robot,matched_adversarial_identity,0.0,0.6666666666666666,,4,0
06377b5b0d8e7e68,cias_no_persistent_self,374_drone_matched_adversarial_identity,374,drone,matched_adversarial_identity,0.0,0.6666666666666666,,4,0
06377b5b0d8e7e68,cias_no_persistent_self,374_ground_creature_matched_adversarial_identity,374,ground_creature,matched_adversarial_identity,0.0,0.6666666666666666,,4,0
06377b5b0d8e7e68,cias_no_persistent_self,374_virtual_avatar_matched_adversarial_identity,374,virtual_avatar,matched_adversarial_identity,1.0,0.0,0.0,3,1
06377b5b0d8e7e68,cias_no_persistent_self,374_wheeled_robot_matched_adversarial_identity,374,wheeled_robot,matched_adversarial_identity,0.0,0.6666666666666666,,4,0
06377b5b0d8e7e68,cias_no_persistent_self,375_drone_matched_adversarial_identity,375,drone,matched_adversarial_identity,0.0,0.6666666666666666,,4,0
06377b5b0d8e7e68,cias_no_persistent_self,375_ground_creature_matched_adversarial_identity,375,ground_creature,matched_adversarial_identity,0.0,0.6666666666666666,,4,0
06377b5b0d8e7e68,cias_no_persistent_self,375_virtual_avatar_matched_adversarial_identity,375,virtual_avatar,matched_adversarial_identity,0.0,0.6666666666666666,,4,0
06377b5b0d8e7e68,cias_no_persistent_self,375_wheeled_robot_matched_adversarial_identity,375,wheeled_robot,matched_adversarial_identity,0.0,0.6666666666666666,,4,0
06377b5b0d8e7e68,cias_no_persistent_self,376_drone_matched_adversarial_identity,376,drone,matched_adversarial_identity,0.0,0.6666666666666666,,4,0
06377b5b0d8e7e68,cias_no_persistent_self,376_ground_creature_matched_adversarial_identity,376,ground_creature,matched_adversarial_identity,0.0,0.6666666666666666,,4,0
06377b5b0d8e7e68,cias_no_persistent_self,376_virtual_avatar_matched_adversarial_identity,376,virtual_avatar,matched_adversarial_identity,0.0,0.6666666666666666,,4,0
06377b5b0d8e7e68,cias_no_persistent_self,376_wheeled_robot_matched_adversarial_identity,376,wheeled_robot,matched_adversarial_identity,0.0,0.6666666666666666,,4,0
06377b5b0d8e7e68,cias_no_persistent_self,377_drone_matched_adversarial_identity,377,drone,matched_adversarial_identity,0.0,0.6666666666666666,,4,0
06377b5b0d8e7e68,cias_no_persistent_self,377_ground_creature_matched_adversarial_identity,377,ground_creature,matched_adversarial_identity,0.0,0.6666666666666666,,4,0
06377b5b0d8e7e68,cias_no_persistent_self,377_virtual_avatar_matched_adversarial_identity,377,virtual_avatar,matched_adversarial_identity,0.0,0.6666666666666666,,4,0
06377b5b0d8e7e68,cias_no_persistent_self,377_wheeled_robot_matched_adversarial_identity,377,wheeled_robot,matched_adversarial_identity,0.0,0.6666666666666666,,4,0
06377b5b0d8e7e68,cias_no_persistent_self,378_drone_matched_adversarial_identity,378,drone,matched_adversarial_identity,0.0,0.6666666666666666,,4,0
06377b5b0d8e7e68,cias_no_persistent_self,378_ground_creature_matched_adversarial_identity,378,ground_creature,matched_adversarial_identity,0.0,0.6666666666666666,,4,0
06377b5b0d8e7e68,cias_no_persistent_self,378_virtual_avatar_matched_adversarial_identity,378,virtual_avatar,matched_adversarial_identity,0.0,0.6666666666666666,,4,0
06377b5b0d8e7e68,cias_no_persistent_self,378_wheeled_robot_matched_adversarial_identity,378,wheeled_robot,matched_adversarial_identity,0.0,0.6666666666666666,,4,0
06377b5b0d8e7e68,cias_no_persistent_self,379_drone_matched_adversarial_identity,379,drone,matched_adversarial_identity,0.0,0.6666666666666666,,4,0
06377b5b0d8e7e68,cias_no_persistent_self,379_ground_creature_matched_adversarial_identity,379,ground_creature,matched_adversarial_identity,0.0,0.6666666666666666,,4,0
06377b5b0d8e7e68,cias_no_persistent_self,379_virtual_avatar_matched_adversarial_identity,379,virtual_avatar,matched_adversarial_identity,0.0,0.6666666666666666,,4,0
06377b5b0d8e7e68,cias_no_persistent_self,379_wheeled_robot_matched_adversarial_identity,379,wheeled_robot,matched_adversarial_identity,0.0,0.6666666666666666,,4,0
06377b5b0d8e7e68,cias_no_persistent_self,380_drone_matched_adversarial_identity,380,drone,matched_adversarial_identity,0.0,0.6666666666666666,,4,0
06377b5b0d8e7e68,cias_no_persistent_self,380_ground_creature_matched_adversarial_identity,380,ground_creature,matched_adversarial_identity,0.0,0.6666666666666666,,4,0
06377b5b0d8e7e68,cias_no_persistent_self,380_virtual_avatar_matched_adversarial_identity,380,virtual_avatar,matched_adversarial_identity,0.0,0.6666666666666666,,4,0
06377b5b0d8e7e68,cias_no_persistent_self,380_wheeled_robot_matched_adversarial_identity,380,wheeled_robot,matched_adversarial_identity,0.0,0.6666666666666666,,4,0
06377b5b0d8e7e68,cias_no_persistent_self,381_drone_matched_adversarial_identity,381,drone,matched_adversarial_identity,0.0,0.6666666666666666,,4,0
06377b5b0d8e7e68,cias_no_persistent_self,381_ground_creature_matched_adversarial_identity,381,ground_creature,matched_adversarial_identity,0.0,0.6666666666666666,,4,0
06377b5b0d8e7e68,cias_no_persistent_self,381_virtual_avatar_matched_adversarial_identity,381,virtual_avatar,matched_adversarial_identity,0.0,0.6666666666666666,,4,0
06377b5b0d8e7e68,cias_no_persistent_self,381_wheeled_robot_matched_adversarial_identity,381,wheeled_robot,matched_adversarial_identity,0.0,0.6666666666666666,,4,0
06377b5b0d8e7e68,cias_no_persistent_self,382_drone_matched_adversarial_identity,382,drone,matched_adversarial_identity,0.0,0.6666666666666666,,4,0
06377b5b0d8e7e68,cias_no_persistent_self,382_ground_creature_matched_adversarial_identity,382,ground_creature,matched_adversarial_identity,0.0,0.6666666666666666,,4,0
06377b5b0d8e7e68,cias_no_persistent_self,382_virtual_avatar_matched_adversarial_identity,382,virtual_avatar,matched_adversarial_identity,0.0,0.6666666666666666,,4,0
06377b5b0d8e7e68,cias_no_persistent_self,382_wheeled_robot_matched_adversarial_identity,382,wheeled_robot,matched_adversarial_identity,0.0,0.6666666666666666,,4,0
06377b5b0d8e7e68,cias_no_persistent_self,383_drone_matched_adversarial_identity,383,drone,matched_adversarial_identity,0.0,0.6666666666666666,,4,0
06377b5b0d8e7e68,cias_no_persistent_self,383_ground_creature_matched_adversarial_identity,383,ground_creature,matched_adversarial_identity,0.0,0.6666666666666666,,4,0
06377b5b0d8e7e68,cias_no_persistent_self,383_virtual_avatar_matched_adversarial_identity,383,virtual_avatar,matched_adversarial_identity,0.0,0.6666666666666666,,4,0
06377b5b0d8e7e68,cias_no_persistent_self,383_wheeled_robot_matched_adversarial_identity,383,wheeled_robot,matched_adversarial_identity,0.0,0.6666666666666666,,4,0
06377b5b0d8e7e68,cias_no_persistent_self,384_drone_matched_adversarial_identity,384,drone,matched_adversarial_identity,0.0,0.6666666666666666,,4,0
06377b5b0d8e7e68,cias_no_persistent_self,384_ground_creature_matched_adversarial_identity,384,ground_creature,matched_adversarial_identity,0.0,0.6666666666666666,,4,0
06377b5b0d8e7e68,cias_no_persistent_self,384_virtual_avatar_matched_adversarial_identity,384,virtual_avatar,matched_adversarial_identity,1.0,0.0,0.0,3,1
06377b5b0d8e7e68,cias_no_persistent_self,384_wheeled_robot_matched_adversarial_identity,384,wheeled_robot,matched_adversarial_identity,0.0,0.6666666666666666,,4,0
06377b5b0d8e7e68,cias_no_persistent_self,385_drone_matched_adversarial_identity,385,drone,matched_adversarial_identity,0.0,0.6666666666666666,,4,0
06377b5b0d8e7e68,cias_no_persistent_self,385_ground_creature_matched_adversarial_identity,385,ground_creature,matched_adversarial_identity,0.0,0.6666666666666666,,4,0
06377b5b0d8e7e68,cias_no_persistent_self,385_virtual_avatar_matched_adversarial_identity,385,virtual_avatar,matched_adversarial_identity,1.0,0.0,0.0,3,1
06377b5b0d8e7e68,cias_no_persistent_self,385_wheeled_robot_matched_adversarial_identity,385,wheeled_robot,matched_adversarial_identity,0.0,0.6666666666666666,,4,0
06377b5b0d8e7e68,cias_no_persistent_self,386_drone_matched_adversarial_identity,386,drone,matched_adversarial_identity,0.0,0.6666666666666666,,4,0
06377b5b0d8e7e68,cias_no_persistent_self,386_ground_creature_matched_adversarial_identity,386,ground_creature,matched_adversarial_identity,0.0,0.6666666666666666,,4,0
06377b5b0d8e7e68,cias_no_persistent_self,386_virtual_avatar_matched_adversarial_identity,386,virtual_avatar,matched_adversarial_identity,1.0,0.0,0.0,3,1
06377b5b0d8e7e68,cias_no_persistent_self,386_wheeled_robot_matched_adversarial_identity,386,wheeled_robot,matched_adversarial_identity,0.0,0.6666666666666666,,4,0
06377b5b0d8e7e68,cias_no_persistent_self,387_drone_matched_adversarial_identity,387,drone,matched_adversarial_identity,0.0,0.6666666666666666,,4,0
06377b5b0d8e7e68,cias_no_persistent_self,387_ground_creature_matched_adversarial_identity,387,ground_creature,matched_adversarial_identity,0.0,0.6666666666666666,,4,0
06377b5b0d8e7e68,cias_no_persistent_self,387_virtual_avatar_matched_adversarial_identity,387,virtual_avatar,matched_adversarial_identity,1.0,0.0,0.0,3,1
06377b5b0d8e7e68,cias_no_persistent_self,387_wheeled_robot_matched_adversarial_identity,387,wheeled_robot,matched_adversarial_identity,0.0,0.6666666666666666,,4,0
06377b5b0d8e7e68,cias_no_persistent_self,388_drone_matched_adversarial_identity,388,drone,matched_adversarial_identity,0.0,0.6666666666666666,,4,0
06377b5b0d8e7e68,cias_no_persistent_self,388_ground_creature_matched_adversarial_identity,388,ground_creature,matched_adversarial_identity,0.0,0.6666666666666666,,4,0
06377b5b0d8e7e68,cias_no_persistent_self,388_virtual_avatar_matched_adversarial_identity,388,virtual_avatar,matched_adversarial_identity,1.0,0.0,0.0,3,1
06377b5b0d8e7e68,cias_no_persistent_self,388_wheeled_robot_matched_adversarial_identity,388,wheeled_robot,matched_adversarial_identity,0.0,0.6666666666666666,,4,0
06377b5b0d8e7e68,cias_no_persistent_self,389_drone_matched_adversarial_identity,389,drone,matched_adversarial_identity,0.0,0.6666666666666666,,4,0
06377b5b0d8e7e68,cias_no_persistent_self,389_ground_creature_matched_adversarial_identity,389,ground_creature,matched_adversarial_identity,1.0,0.0,0.0,3,1
06377b5b0d8e7e68,cias_no_persistent_self,389_virtual_avatar_matched_adversarial_identity,389,virtual_avatar,matched_adversarial_identity,1.0,0.0,0.0,3,1
06377b5b0d8e7e68,cias_no_persistent_self,389_wheeled_robot_matched_adversarial_identity,389,wheeled_robot,matched_adversarial_identity,0.0,0.6666666666666666,,4,0
06377b5b0d8e7e68,cias_no_persistent_self,390_drone_matched_adversarial_identity,390,drone,matched_adversarial_identity,0.0,0.6666666666666666,,4,0
06377b5b0d8e7e68,cias_no_persistent_self,390_ground_creature_matched_adversarial_identity,390,ground_creature,matched_adversarial_identity,0.0,0.6666666666666666,,4,0
06377b5b0d8e7e68,cias_no_persistent_self,390_virtual_avatar_matched_adversarial_identity,390,virtual_avatar,matched_adversarial_identity,1.0,0.0,0.0,3,1
06377b5b0d8e7e68,cias_no_persistent_self,390_wheeled_robot_matched_adversarial_identity,390,wheeled_robot,matched_adversarial_identity,0.0,0.6666666666666666,,4,0
1537795a9efbba4d,cias_full,361_drone_matched_adversarial_identity,361,drone,matched_adversarial_identity,0.9861111111111112,0.013888888888888888,0.0,8,1
1537795a9efbba4d,cias_full,361_ground_creature_matched_adversarial_identity,361,ground_creature,matched_adversarial_identity,1.0,0.0,0.0,0,1
1537795a9efbba4d,cias_full,361_virtual_avatar_matched_adversarial_identity,361,virtual_avatar,matched_adversarial_identity,1.0,0.0,0.0,0,1
1537795a9efbba4d,cias_full,361_wheeled_robot_matched_adversarial_identity,361,wheeled_robot,matched_adversarial_identity,1.0,0.0,0.0,0,1
1537795a9efbba4d,cias_full,362_drone_matched_adversarial_identity,362,drone,matched_adversarial_identity,1.0,0.0,0.0,8,1
1537795a9efbba4d,cias_full,362_ground_creature_matched_adversarial_identity,362,ground_creature,matched_adversarial_identity,1.0,0.0,0.0,0,1
1537795a9efbba4d,cias_full,362_virtual_avatar_matched_adversarial_identity,362,virtual_avatar,matched_adversarial_identity,1.0,0.0,0.0,0,1
1537795a9efbba4d,cias_full,362_wheeled_robot_matched_adversarial_identity,362,wheeled_robot,matched_adversarial_identity,1.0,0.0,0.0,0,1
1537795a9efbba4d,cias_full,363_drone_matched_adversarial_identity,363,drone,matched_adversarial_identity,0.8888888888888888,0.0,0.0,14,1
1537795a9efbba4d,cias_full,363_ground_creature_matched_adversarial_identity,363,ground_creature,matched_adversarial_identity,1.0,0.0,0.0,0,1
1537795a9efbba4d,cias_full,363_virtual_avatar_matched_adversarial_identity,363,virtual_avatar,matched_adversarial_identity,1.0,0.0,0.0,0,1
1537795a9efbba4d,cias_full,363_wheeled_robot_matched_adversarial_identity,363,wheeled_robot,matched_adversarial_identity,1.0,0.0,0.0,0,1
1537795a9efbba4d,cias_full,364_drone_matched_adversarial_identity,364,drone,matched_adversarial_identity,0.9861111111111112,0.013888888888888888,0.1,12,1
1537795a9efbba4d,cias_full,364_ground_creature_matched_adversarial_identity,364,ground_creature,matched_adversarial_identity,1.0,0.0,0.0,0,1
1537795a9efbba4d,cias_full,364_virtual_avatar_matched_adversarial_identity,364,virtual_avatar,matched_adversarial_identity,1.0,0.0,0.0,0,1
1537795a9efbba4d,cias_full,364_wheeled_robot_matched_adversarial_identity,364,wheeled_robot,matched_adversarial_identity,1.0,0.0,0.0,0,1
1537795a9efbba4d,cias_full,365_drone_matched_adversarial_identity,365,drone,matched_adversarial_identity,0.9305555555555556,0.013888888888888888,0.1,12,1
1537795a9efbba4d,cias_full,365_ground_creature_matched_adversarial_identity,365,ground_creature,matched_adversarial_identity,1.0,0.0,0.0,0,1
1537795a9efbba4d,cias_full,365_virtual_avatar_matched_adversarial_identity,365,virtual_avatar,matched_adversarial_identity,1.0,0.0,0.0,0,1
1537795a9efbba4d,cias_full,365_wheeled_robot_matched_adversarial_identity,365,wheeled_robot,matched_adversarial_identity,1.0,0.0,0.0,0,1
1537795a9efbba4d,cias_full,366_drone_matched_adversarial_identity,366,drone,matched_adversarial_identity,0.9444444444444444,0.0,0.0,14,1
1537795a9efbba4d,cias_full,366_ground_creature_matched_adversarial_identity,366,ground_creature,matched_adversarial_identity,1.0,0.0,0.0,0,1
1537795a9efbba4d,cias_full,366_virtual_avatar_matched_adversarial_identity,366,virtual_avatar,matched_adversarial_identity,1.0,0.0,0.0,0,1
1537795a9efbba4d,cias_full,366_wheeled_robot_matched_adversarial_identity,366,wheeled_robot,matched_adversarial_identity,1.0,0.0,0.0,0,1
1537795a9efbba4d,cias_full,367_drone_matched_adversarial_identity,367,drone,matched_adversarial_identity,0.875,0.05555555555555555,0.5,20,1
1537795a9efbba4d,cias_full,367_ground_creature_matched_adversarial_identity,367,ground_creature,matched_adversarial_identity,1.0,0.0,0.0,0,1
1537795a9efbba4d,cias_full,367_virtual_avatar_matched_adversarial_identity,367,virtual_avatar,matched_adversarial_identity,1.0,0.0,0.0,0,1
1537795a9efbba4d,cias_full,367_wheeled_robot_matched_adversarial_identity,367,wheeled_robot,matched_adversarial_identity,1.0,0.0,0.0,0,1
1537795a9efbba4d,cias_full,368_drone_matched_adversarial_identity,368,drone,matched_adversarial_identity,1.0,0.0,0.0,8,1
1537795a9efbba4d,cias_full,368_ground_creature_matched_adversarial_identity,368,ground_creature,matched_adversarial_identity,1.0,0.0,0.0,0,1
1537795a9efbba4d,cias_full,368_virtual_avatar_matched_adversarial_identity,368,virtual_avatar,matched_adversarial_identity,1.0,0.0,0.0,0,1
1537795a9efbba4d,cias_full,368_wheeled_robot_matched_adversarial_identity,368,wheeled_robot,matched_adversarial_identity,1.0,0.0,0.0,0,1
1537795a9efbba4d,cias_full,369_drone_matched_adversarial_identity,369,drone,matched_adversarial_identity,0.8333333333333334,0.06944444444444445,0.5,20,1
1537795a9efbba4d,cias_full,369_ground_creature_matched_adversarial_identity,369,ground_creature,matched_adversarial_identity,1.0,0.0,0.0,0,1
1537795a9efbba4d,cias_full,369_virtual_avatar_matched_adversarial_identity,369,virtual_avatar,matched_adversarial_identity,1.0,0.0,0.0,0,1
1537795a9efbba4d,cias_full,369_wheeled_robot_matched_adversarial_identity,369,wheeled_robot,matched_adversarial_identity,1.0,0.0,0.0,0,1
1537795a9efbba4d,cias_full,370_drone_matched_adversarial_identity,370,drone,matched_adversarial_identity,0.9861111111111112,0.013888888888888888,0.1,12,1
1537795a9efbba4d,cias_full,370_ground_creature_matched_adversarial_identity,370,ground_creature,matched_adversarial_identity,1.0,0.0,0.0,0,1
1537795a9efbba4d,cias_full,370_virtual_avatar_matched_adversarial_identity,370,virtual_avatar,matched_adversarial_identity,1.0,0.0,0.0,0,1
1537795a9efbba4d,cias_full,370_wheeled_robot_matched_adversarial_identity,370,wheeled_robot,matched_adversarial_identity,1.0,0.0,0.0,0,1
1537795a9efbba4d,cias_full,371_drone_matched_adversarial_identity,371,drone,matched_adversarial_identity,0.9027777777777778,0.0,0.0,12,1
1537795a9efbba4d,cias_full,371_ground_creature_matched_adversarial_identity,371,ground_creature,matched_adversarial_identity,1.0,0.0,0.0,0,1
1537795a9efbba4d,cias_full,371_virtual_avatar_matched_adversarial_identity,371,virtual_avatar,matched_adversarial_identity,1.0,0.0,0.0,0,1
1537795a9efbba4d,cias_full,371_wheeled_robot_matched_adversarial_identity,371,wheeled_robot,matched_adversarial_identity,1.0,0.0,0.0,0,1
1537795a9efbba4d,cias_full,372_drone_matched_adversarial_identity,372,drone,matched_adversarial_identity,0.9722222222222222,0.027777777777777776,0.5,10,1
1537795a9efbba4d,cias_full,372_ground_creature_matched_adversarial_identity,372,ground_creature,matched_adversarial_identity,1.0,0.0,0.0,0,1
1537795a9efbba4d,cias_full,372_virtual_avatar_matched_adversarial_identity,372,virtual_avatar,matched_adversarial_identity,1.0,0.0,0.0,0,1
1537795a9efbba4d,cias_full,372_wheeled_robot_matched_adversarial_identity,372,wheeled_robot,matched_adversarial_identity,1.0,0.0,0.0,0,1
1537795a9efbba4d,cias_full,373_drone_matched_adversarial_identity,373,drone,matched_adversarial_identity,0.9027777777777778,0.013888888888888888,0.1,18,1
1537795a9efbba4d,cias_full,373_ground_creature_matched_adversarial_identity,373,ground_creature,matched_adversarial_identity,1.0,0.0,0.0,0,1
1537795a9efbba4d,cias_full,373_virtual_avatar_matched_adversarial_identity,373,virtual_avatar,matched_adversarial_identity,1.0,0.0,0.0,0,1
1537795a9efbba4d,cias_full,373_wheeled_robot_matched_adversarial_identity,373,wheeled_robot,matched_adversarial_identity,1.0,0.0,0.0,0,1
1537795a9efbba4d,cias_full,374_drone_matched_adversarial_identity,374,drone,matched_adversarial_identity,0.9861111111111112,0.0,0.0,10,1
1537795a9efbba4d,cias_full,374_ground_creature_matched_adversarial_identity,374,ground_creature,matched_adversarial_identity,1.0,0.0,0.0,0,1
1537795a9efbba4d,cias_full,374_virtual_avatar_matched_adversarial_identity,374,virtual_avatar,matched_adversarial_identity,1.0,0.0,0.0,0,1
1537795a9efbba4d,cias_full,374_wheeled_robot_matched_adversarial_identity,374,wheeled_robot,matched_adversarial_identity,1.0,0.0,0.0,0,1
1537795a9efbba4d,cias_full,375_drone_matched_adversarial_identity,375,drone,matched_adversarial_identity,0.8333333333333334,0.05555555555555555,0.4,16,1
1537795a9efbba4d,cias_full,375_ground_creature_matched_adversarial_identity,375,ground_creature,matched_adversarial_identity,1.0,0.0,0.0,0,1
1537795a9efbba4d,cias_full,375_virtual_avatar_matched_adversarial_identity,375,virtual_avatar,matched_adversarial_identity,1.0,0.0,0.0,0,1
1537795a9efbba4d,cias_full,375_wheeled_robot_matched_adversarial_identity,375,wheeled_robot,matched_adversarial_identity,1.0,0.0,0.0,0,1
1537795a9efbba4d,cias_full,376_drone_matched_adversarial_identity,376,drone,matched_adversarial_identity,0.8472222222222222,0.041666666666666664,0.30000000000000004,24,1
1537795a9efbba4d,cias_full,376_ground_creature_matched_adversarial_identity,376,ground_creature,matched_adversarial_identity,1.0,0.0,0.0,0,1
1537795a9efbba4d,cias_full,376_virtual_avatar_matched_adversarial_identity,376,virtual_avatar,matched_adversarial_identity,1.0,0.0,0.0,0,1
1537795a9efbba4d,cias_full,376_wheeled_robot_matched_adversarial_identity,376,wheeled_robot,matched_adversarial_identity,1.0,0.0,0.0,0,1
1537795a9efbba4d,cias_full,377_drone_matched_adversarial_identity,377,drone,matched_adversarial_identity,0.9444444444444444,0.013888888888888888,0.1,10,1
1537795a9efbba4d,cias_full,377_ground_creature_matched_adversarial_identity,377,ground_creature,matched_adversarial_identity,1.0,0.0,0.0,0,1
1537795a9efbba4d,cias_full,377_virtual_avatar_matched_adversarial_identity,377,virtual_avatar,matched_adversarial_identity,1.0,0.0,0.0,0,1
1537795a9efbba4d,cias_full,377_wheeled_robot_matched_adversarial_identity,377,wheeled_robot,matched_adversarial_identity,1.0,0.0,0.0,0,1
1537795a9efbba4d,cias_full,378_drone_matched_adversarial_identity,378,drone,matched_adversarial_identity,0.9166666666666666,0.013888888888888888,0.1,12,1
1537795a9efbba4d,cias_full,378_ground_creature_matched_adversarial_identity,378,ground_creature,matched_adversarial_identity,1.0,0.0,0.0,0,1
1537795a9efbba4d,cias_full,378_virtual_avatar_matched_adversarial_identity,378,virtual_avatar,matched_adversarial_identity,1.0,0.0,0.0,0,1
1537795a9efbba4d,cias_full,378_wheeled_robot_matched_adversarial_identity,378,wheeled_robot,matched_adversarial_identity,1.0,0.0,0.0,0,1
1537795a9efbba4d,cias_full,379_drone_matched_adversarial_identity,379,drone,matched_adversarial_identity,1.0,0.0,0.0,8,1
1537795a9efbba4d,cias_full,379_ground_creature_matched_adversarial_identity,379,ground_creature,matched_adversarial_identity,1.0,0.0,0.0,0,1
1537795a9efbba4d,cias_full,379_virtual_avatar_matched_adversarial_identity,379,virtual_avatar,matched_adversarial_identity,1.0,0.0,0.0,0,1
1537795a9efbba4d,cias_full,379_wheeled_robot_matched_adversarial_identity,379,wheeled_robot,matched_adversarial_identity,1.0,0.0,0.0,0,1
1537795a9efbba4d,cias_full,380_drone_matched_adversarial_identity,380,drone,matched_adversarial_identity,0.875,0.013888888888888888,0.1,18,1
1537795a9efbba4d,cias_full,380_ground_creature_matched_adversarial_identity,380,ground_creature,matched_adversarial_identity,1.0,0.0,0.0,0,1
1537795a9efbba4d,cias_full,380_virtual_avatar_matched_adversarial_identity,380,virtual_avatar,matched_adversarial_identity,1.0,0.0,0.0,0,1
1537795a9efbba4d,cias_full,380_wheeled_robot_matched_adversarial_identity,380,wheeled_robot,matched_adversarial_identity,1.0,0.0,0.0,0,1
1537795a9efbba4d,cias_full,381_drone_matched_adversarial_identity,381,drone,matched_adversarial_identity,1.0,0.0,0.0,8,1
1537795a9efbba4d,cias_full,381_ground_creature_matched_adversarial_identity,381,ground_creature,matched_adversarial_identity,1.0,0.0,0.0,0,1
1537795a9efbba4d,cias_full,381_virtual_avatar_matched_adversarial_identity,381,virtual_avatar,matched_adversarial_identity,1.0,0.0,0.0,0,1
1537795a9efbba4d,cias_full,381_wheeled_robot_matched_adversarial_identity,381,wheeled_robot,matched_adversarial_identity,1.0,0.0,0.0,0,1
1537795a9efbba4d,cias_full,382_drone_matched_adversarial_identity,382,drone,matched_adversarial_identity,1.0,0.0,0.0,6,1
1537795a9efbba4d,cias_full,382_ground_creature_matched_adversarial_identity,382,ground_creature,matched_adversarial_identity,1.0,0.0,0.0,0,1
1537795a9efbba4d,cias_full,382_virtual_avatar_matched_adversarial_identity,382,virtual_avatar,matched_adversarial_identity,1.0,0.0,0.0,0,1
1537795a9efbba4d,cias_full,382_wheeled_robot_matched_adversarial_identity,382,wheeled_robot,matched_adversarial_identity,1.0,0.0,0.0,0,1
1537795a9efbba4d,cias_full,383_drone_matched_adversarial_identity,383,drone,matched_adversarial_identity,1.0,0.0,0.0,2,1
1537795a9efbba4d,cias_full,383_ground_creature_matched_adversarial_identity,383,ground_creature,matched_adversarial_identity,1.0,0.0,0.0,0,1
1537795a9efbba4d,cias_full,383_virtual_avatar_matched_adversarial_identity,383,virtual_avatar,matched_adversarial_identity,1.0,0.0,0.0,0,1
1537795a9efbba4d,cias_full,383_wheeled_robot_matched_adversarial_identity,383,wheeled_robot,matched_adversarial_identity,1.0,0.0,0.0,2,1
1537795a9efbba4d,cias_full,384_drone_matched_adversarial_identity,384,drone,matched_adversarial_identity,1.0,0.0,0.0,0,1
1537795a9efbba4d,cias_full,384_ground_creature_matched_adversarial_identity,384,ground_creature,matched_adversarial_identity,1.0,0.0,0.0,0,1
1537795a9efbba4d,cias_full,384_virtual_avatar_matched_adversarial_identity,384,virtual_avatar,matched_adversarial_identity,1.0,0.0,0.0,0,1
1537795a9efbba4d,cias_full,384_wheeled_robot_matched_adversarial_identity,384,wheeled_robot,matched_adversarial_identity,1.0,0.0,0.0,0,1
1537795a9efbba4d,cias_full,385_drone_matched_adversarial_identity,385,drone,matched_adversarial_identity,1.0,0.0,0.0,4,1
1537795a9efbba4d,cias_full,385_ground_creature_matched_adversarial_identity,385,ground_creature,matched_adversarial_identity,1.0,0.0,0.0,0,1
1537795a9efbba4d,cias_full,385_virtual_avatar_matched_adversarial_identity,385,virtual_avatar,matched_adversarial_identity,1.0,0.0,0.0,0,1
1537795a9efbba4d,cias_full,385_wheeled_robot_matched_adversarial_identity,385,wheeled_robot,matched_adversarial_identity,1.0,0.0,0.0,0,1
1537795a9efbba4d,cias_full,386_drone_matched_adversarial_identity,386,drone,matched_adversarial_identity,0.9722222222222222,0.027777777777777776,0.2,6,1
1537795a9efbba4d,cias_full,386_ground_creature_matched_adversarial_identity,386,ground_creature,matched_adversarial_identity,1.0,0.0,0.0,0,1
1537795a9efbba4d,cias_full,386_virtual_avatar_matched_adversarial_identity,386,virtual_avatar,matched_adversarial_identity,1.0,0.0,0.0,0,1
1537795a9efbba4d,cias_full,386_wheeled_robot_matched_adversarial_identity,386,wheeled_robot,matched_adversarial_identity,1.0,0.0,0.0,0,1
1537795a9efbba4d,cias_full,387_drone_matched_adversarial_identity,387,drone,matched_adversarial_identity,1.0,0.0,0.0,4,1
1537795a9efbba4d,cias_full,387_ground_creature_matched_adversarial_identity,387,ground_creature,matched_adversarial_identity,1.0,0.0,0.0,0,1
1537795a9efbba4d,cias_full,387_virtual_avatar_matched_adversarial_identity,387,virtual_avatar,matched_adversarial_identity,1.0,0.0,0.0,0,1
1537795a9efbba4d,cias_full,387_wheeled_robot_matched_adversarial_identity,387,wheeled_robot,matched_adversarial_identity,1.0,0.0,0.0,0,1
1537795a9efbba4d,cias_full,388_drone_matched_adversarial_identity,388,drone,matched_adversarial_identity,0.9722222222222222,0.0,0.0,14,1
1537795a9efbba4d,cias_full,388_ground_creature_matched_adversarial_identity,388,ground_creature,matched_adversarial_identity,1.0,0.0,0.0,0,1
1537795a9efbba4d,cias_full,388_virtual_avatar_matched_adversarial_identity,388,virtual_avatar,matched_adversarial_identity,1.0,0.0,0.0,0,1
1537795a9efbba4d,cias_full,388_wheeled_robot_matched_adversarial_identity,388,wheeled_robot,matched_adversarial_identity,1.0,0.0,0.0,0,1
1537795a9efbba4d,cias_full,389_drone_matched_adversarial_identity,389,drone,matched_adversarial_identity,0.9583333333333334,0.0,0.0,8,1
1537795a9efbba4d,cias_full,389_ground_creature_matched_adversarial_identity,389,ground_creature,matched_adversarial_identity,1.0,0.0,0.0,0,1
1537795a9efbba4d,cias_full,389_virtual_avatar_matched_adversarial_identity,389,virtual_avatar,matched_adversarial_identity,1.0,0.0,0.0,0,1
1537795a9efbba4d,cias_full,389_wheeled_robot_matched_adversarial_identity,389,wheeled_robot,matched_adversarial_identity,1.0,0.0,0.0,0,1
1537795a9efbba4d,cias_full,390_drone_matched_adversarial_identity,390,drone,matched_adversarial_identity,0.9861111111111112,0.013888888888888888,0.1,4,1
1537795a9efbba4d,cias_full,390_ground_creature_matched_adversarial_identity,390,ground_creature,matched_adversarial_identity,1.0,0.0,0.0,0,1
1537795a9efbba4d,cias_full,390_virtual_avatar_matched_adversarial_identity,390,virtual_avatar,matched_adversarial_identity,1.0,0.0,0.0,0,1
1537795a9efbba4d,cias_full,390_wheeled_robot_matched_adversarial_identity,390,wheeled_robot,matched_adversarial_identity,1.0,0.0,0.0,0,1
1537795a9efbba4d,cias_no_persistent_self,361_drone_matched_adversarial_identity,361,drone,matched_adversarial_identity,0.0,0.6666666666666666,,4,0
1537795a9efbba4d,cias_no_persistent_self,361_ground_creature_matched_adversarial_identity,361,ground_creature,matched_adversarial_identity,0.0,0.6666666666666666,,4,0
1537795a9efbba4d,cias_no_persistent_self,361_virtual_avatar_matched_adversarial_identity,361,virtual_avatar,matched_adversarial_identity,0.0,0.6666666666666666,,4,0
1537795a9efbba4d,cias_no_persistent_self,361_wheeled_robot_matched_adversarial_identity,361,wheeled_robot,matched_adversarial_identity,0.0,0.6666666666666666,,4,0
1537795a9efbba4d,cias_no_persistent_self,362_drone_matched_adversarial_identity,362,drone,matched_adversarial_identity,0.0,0.6666666666666666,,4,0
1537795a9efbba4d,cias_no_persistent_self,362_ground_creature_matched_adversarial_identity,362,ground_creature,matched_adversarial_identity,0.0,0.6666666666666666,,4,0
1537795a9efbba4d,cias_no_persistent_self,362_virtual_avatar_matched_adversarial_identity,362,virtual_avatar,matched_adversarial_identity,0.0,0.6666666666666666,,4,0
1537795a9efbba4d,cias_no_persistent_self,362_wheeled_robot_matched_adversarial_identity,362,wheeled_robot,matched_adversarial_identity,0.0,0.6666666666666666,,4,0
1537795a9efbba4d,cias_no_persistent_self,363_drone_matched_adversarial_identity,363,drone,matched_adversarial_identity,0.0,0.6666666666666666,,4,0
1537795a9efbba4d,cias_no_persistent_self,363_ground_creature_matched_adversarial_identity,363,ground_creature,matched_adversarial_identity,0.0,0.6666666666666666,,4,0
1537795a9efbba4d,cias_no_persistent_self,363_virtual_avatar_matched_adversarial_identity,363,virtual_avatar,matched_adversarial_identity,0.0,0.6666666666666666,,4,0
1537795a9efbba4d,cias_no_persistent_self,363_wheeled_robot_matched_adversarial_identity,363,wheeled_robot,matched_adversarial_identity,0.0,0.6666666666666666,,4,0
1537795a9efbba4d,cias_no_persistent_self,364_drone_matched_adversarial_identity,364,drone,matched_adversarial_identity,0.0,0.6666666666666666,,4,0
1537795a9efbba4d,cias_no_persistent_self,364_ground_creature_matched_adversarial_identity,364,ground_creature,matched_adversarial_identity,0.0,0.6666666666666666,,4,0
1537795a9efbba4d,cias_no_persistent_self,364_virtual_avatar_matched_adversarial_identity,364,virtual_avatar,matched_adversarial_identity,0.0,0.6666666666666666,,4,0
1537795a9efbba4d,cias_no_persistent_self,364_wheeled_robot_matched_adversarial_identity,364,wheeled_robot,matched_adversarial_identity,0.0,0.6666666666666666,,4,0
1537795a9efbba4d,cias_no_persistent_self,365_drone_matched_adversarial_identity,365,drone,matched_adversarial_identity,0.0,0.6666666666666666,,4,0
1537795a9efbba4d,cias_no_persistent_self,365_ground_creature_matched_adversarial_identity,365,ground_creature,matched_adversarial_identity,0.0,0.6666666666666666,,4,0
1537795a9efbba4d,cias_no_persistent_self,365_virtual_avatar_matched_adversarial_identity,365,virtual_avatar,matched_adversarial_identity,0.0,0.6666666666666666,,4,0
1537795a9efbba4d,cias_no_persistent_self,365_wheeled_robot_matched_adversarial_identity,365,wheeled_robot,matched_adversarial_identity,0.0,0.6666666666666666,,4,0
1537795a9efbba4d,cias_no_persistent_self,366_drone_matched_adversarial_identity,366,drone,matched_adversarial_identity,0.0,0.6666666666666666,,4,0
1537795a9efbba4d,cias_no_persistent_self,366_ground_creature_matched_adversarial_identity,366,ground_creature,matched_adversarial_identity,0.0,0.6666666666666666,,4,0
1537795a9efbba4d,cias_no_persistent_self,366_virtual_avatar_matched_adversarial_identity,366,virtual_avatar,matched_adversarial_identity,1.0,0.0,0.0,3,1
1537795a9efbba4d,cias_no_persistent_self,366_wheeled_robot_matched_adversarial_identity,366,wheeled_robot,matched_adversarial_identity,0.0,0.6666666666666666,,4,0
1537795a9efbba4d,cias_no_persistent_self,367_drone_matched_adversarial_identity,367,drone,matched_adversarial_identity,0.0,0.6666666666666666,,4,0
1537795a9efbba4d,cias_no_persistent_self,367_ground_creature_matched_adversarial_identity,367,ground_creature,matched_adversarial_identity,0.0,0.6666666666666666,,4,0
1537795a9efbba4d,cias_no_persistent_self,367_virtual_avatar_matched_adversarial_identity,367,virtual_avatar,matched_adversarial_identity,1.0,0.0,0.0,3,1
1537795a9efbba4d,cias_no_persistent_self,367_wheeled_robot_matched_adversarial_identity,367,wheeled_robot,matched_adversarial_identity,0.0,0.6666666666666666,,4,0
1537795a9efbba4d,cias_no_persistent_self,368_drone_matched_adversarial_identity,368,drone,matched_adversarial_identity,0.0,0.6666666666666666,,4,0
1537795a9efbba4d,cias_no_persistent_self,368_ground_creature_matched_adversarial_identity,368,ground_creature,matched_adversarial_identity,1.0,0.0,0.0,3,1
1537795a9efbba4d,cias_no_persistent_self,368_virtual_avatar_matched_adversarial_identity,368,virtual_avatar,matched_adversarial_identity,1.0,0.0,0.0,3,1
1537795a9efbba4d,cias_no_persistent_self,368_wheeled_robot_matched_adversarial_identity,368,wheeled_robot,matched_adversarial_identity,1.0,0.0,0.0,3,1
1537795a9efbba4d,cias_no_persistent_self,369_drone_matched_adversarial_identity,369,drone,matched_adversarial_identity,0.0,0.6666666666666666,,4,0
1537795a9efbba4d,cias_no_persistent_self,369_ground_creature_matched_adversarial_identity,369,ground_creature,matched_adversarial_identity,0.0,0.6666666666666666,,4,0
1537795a9efbba4d,cias_no_persistent_self,369_virtual_avatar_matched_adversarial_identity,369,virtual_avatar,matched_adversarial_identity,1.0,0.0,0.0,3,1
1537795a9efbba4d,cias_no_persistent_self,369_wheeled_robot_matched_adversarial_identity,369,wheeled_robot,matched_adversarial_identity,0.0,0.6666666666666666,,4,0
1537795a9efbba4d,cias_no_persistent_self,370_drone_matched_adversarial_identity,370,drone,matched_adversarial_identity,0.0,0.6666666666666666,,4,0
1537795a9efbba4d,cias_no_persistent_self,370_ground_creature_matched_adversarial_identity,370,ground_creature,matched_adversarial_identity,0.0,0.6666666666666666,,4,0
1537795a9efbba4d,cias_no_persistent_self,370_virtual_avatar_matched_adversarial_identity,370,virtual_avatar,matched_adversarial_identity,1.0,0.0,0.0,3,1
1537795a9efbba4d,cias_no_persistent_self,370_wheeled_robot_matched_adversarial_identity,370,wheeled_robot,matched_adversarial_identity,0.0,0.6666666666666666,,4,0
1537795a9efbba4d,cias_no_persistent_self,371_drone_matched_adversarial_identity,371,drone,matched_adversarial_identity,0.0,0.6666666666666666,,4,0
1537795a9efbba4d,cias_no_persistent_self,371_ground_creature_matched_adversarial_identity,371,ground_creature,matched_adversarial_identity,1.0,0.0,0.0,3,1
1537795a9efbba4d,cias_no_persistent_self,371_virtual_avatar_matched_adversarial_identity,371,virtual_avatar,matched_adversarial_identity,1.0,0.0,0.0,3,1
1537795a9efbba4d,cias_no_persistent_self,371_wheeled_robot_matched_adversarial_identity,371,wheeled_robot,matched_adversarial_identity,1.0,0.0,0.0,3,1
1537795a9efbba4d,cias_no_persistent_self,372_drone_matched_adversarial_identity,372,drone,matched_adversarial_identity,0.0,0.6666666666666666,,4,0
1537795a9efbba4d,cias_no_persistent_self,372_ground_creature_matched_adversarial_identity,372,ground_creature,matched_adversarial_identity,0.0,0.6666666666666666,,4,0
1537795a9efbba4d,cias_no_persistent_self,372_virtual_avatar_matched_adversarial_identity,372,virtual_avatar,matched_adversarial_identity,1.0,0.0,0.0,3,1
1537795a9efbba4d,cias_no_persistent_self,372_wheeled_robot_matched_adversarial_identity,372,wheeled_robot,matched_adversarial_identity,0.0,0.6666666666666666,,4,0
1537795a9efbba4d,cias_no_persistent_self,373_drone_matched_adversarial_identity,373,drone,matched_adversarial_identity,0.0,0.6666666666666666,,4,0
1537795a9efbba4d,cias_no_persistent_self,373_ground_creature_matched_adversarial_identity,373,ground_creature,matched_adversarial_identity,1.0,0.0,0.0,3,1
1537795a9efbba4d,cias_no_persistent_self,373_virtual_avatar_matched_adversarial_identity,373,virtual_avatar,matched_adversarial_identity,1.0,0.0,0.0,3,1
1537795a9efbba4d,cias_no_persistent_self,373_wheeled_robot_matched_adversarial_identity,373,wheeled_robot,matched_adversarial_identity,0.0,0.6666666666666666,,4,0
1537795a9efbba4d,cias_no_persistent_self,374_drone_matched_adversarial_identity,374,drone,matched_adversarial_identity,0.0,0.6666666666666666,,4,0
1537795a9efbba4d,cias_no_persistent_self,374_ground_creature_matched_adversarial_identity,374,ground_creature,matched_adversarial_identity,0.0,0.6666666666666666,,4,0
1537795a9efbba4d,cias_no_persistent_self,374_virtual_avatar_matched_adversarial_identity,374,virtual_avatar,matched_adversarial_identity,1.0,0.0,0.0,3,1
1537795a9efbba4d,cias_no_persistent_self,374_wheeled_robot_matched_adversarial_identity,374,wheeled_robot,matched_adversarial_identity,0.0,0.6666666666666666,,4,0
1537795a9efbba4d,cias_no_persistent_self,375_drone_matched_adversarial_identity,375,drone,matched_adversarial_identity,0.0,0.6666666666666666,,4,0
1537795a9efbba4d,cias_no_persistent_self,375_ground_creature_matched_adversarial_identity,375,ground_creature,matched_adversarial_identity,0.0,0.6666666666666666,,4,0
1537795a9efbba4d,cias_no_persistent_self,375_virtual_avatar_matched_adversarial_identity,375,virtual_avatar,matched_adversarial_identity,0.0,0.6666666666666666,,4,0
1537795a9efbba4d,cias_no_persistent_self,375_wheeled_robot_matched_adversarial_identity,375,wheeled_robot,matched_adversarial_identity,0.0,0.6666666666666666,,4,0
1537795a9efbba4d,cias_no_persistent_self,376_drone_matched_adversarial_identity,376,drone,matched_adversarial_identity,0.0,0.6666666666666666,,4,0
1537795a9efbba4d,cias_no_persistent_self,376_ground_creature_matched_adversarial_identity,376,ground_creature,matched_adversarial_identity,0.0,0.6666666666666666,,4,0
1537795a9efbba4d,cias_no_persistent_self,376_virtual_avatar_matched_adversarial_identity,376,virtual_avatar,matched_adversarial_identity,0.0,0.6666666666666666,,4,0
1537795a9efbba4d,cias_no_persistent_self,376_wheeled_robot_matched_adversarial_identity,376,wheeled_robot,matched_adversarial_identity,0.0,0.6666666666666666,,4,0
1537795a9efbba4d,cias_no_persistent_self,377_drone_matched_adversarial_identity,377,drone,matched_adversarial_identity,0.0,0.6666666666666666,,4,0
1537795a9efbba4d,cias_no_persistent_self,377_ground_creature_matched_adversarial_identity,377,ground_creature,matched_adversarial_identity,0.0,0.6666666666666666,,4,0
1537795a9efbba4d,cias_no_persistent_self,377_virtual_avatar_matched_adversarial_identity,377,virtual_avatar,matched_adversarial_identity,0.0,0.6666666666666666,,4,0
1537795a9efbba4d,cias_no_persistent_self,377_wheeled_robot_matched_adversarial_identity,377,wheeled_robot,matched_adversarial_identity,0.0,0.6666666666666666,,4,0
1537795a9efbba4d,cias_no_persistent_self,378_drone_matched_adversarial_identity,378,drone,matched_adversarial_identity,0.0,0.6666666666666666,,4,0
1537795a9efbba4d,cias_no_persistent_self,378_ground_creature_matched_adversarial_identity,378,ground_creature,matched_adversarial_identity,0.0,0.6666666666666666,,4,0
1537795a9efbba4d,cias_no_persistent_self,378_virtual_avatar_matched_adversarial_identity,378,virtual_avatar,matched_adversarial_identity,0.0,0.6666666666666666,,4,0
1537795a9efbba4d,cias_no_persistent_self,378_wheeled_robot_matched_adversarial_identity,378,wheeled_robot,matched_adversarial_identity,0.0,0.6666666666666666,,4,0
1537795a9efbba4d,cias_no_persistent_self,379_drone_matched_adversarial_identity,379,drone,matched_adversarial_identity,0.0,0.6666666666666666,,4,0
1537795a9efbba4d,cias_no_persistent_self,379_ground_creature_matched_adversarial_identity,379,ground_creature,matched_adversarial_identity,0.0,0.6666666666666666,,4,0
1537795a9efbba4d,cias_no_persistent_self,379_virtual_avatar_matched_adversarial_identity,379,virtual_avatar,matched_adversarial_identity,0.0,0.6666666666666666,,4,0
1537795a9efbba4d,cias_no_persistent_self,379_wheeled_robot_matched_adversarial_identity,379,wheeled_robot,matched_adversarial_identity,0.0,0.6666666666666666,,4,0
1537795a9efbba4d,cias_no_persistent_self,380_drone_matched_adversarial_identity,380,drone,matched_adversarial_identity,0.0,0.6666666666666666,,4,0
1537795a9efbba4d,cias_no_persistent_self,380_ground_creature_matched_adversarial_identity,380,ground_creature,matched_adversarial_identity,0.0,0.6666666666666666,,4,0
1537795a9efbba4d,cias_no_persistent_self,380_virtual_avatar_matched_adversarial_identity,380,virtual_avatar,matched_adversarial_identity,0.0,0.6666666666666666,,4,0
1537795a9efbba4d,cias_no_persistent_self,380_wheeled_robot_matched_adversarial_identity,380,wheeled_robot,matched_adversarial_identity,0.0,0.6666666666666666,,4,0
1537795a9efbba4d,cias_no_persistent_self,381_drone_matched_adversarial_identity,381,drone,matched_adversarial_identity,0.0,0.6666666666666666,,4,0
1537795a9efbba4d,cias_no_persistent_self,381_ground_creature_matched_adversarial_identity,381,ground_creature,matched_adversarial_identity,0.0,0.6666666666666666,,4,0
1537795a9efbba4d,cias_no_persistent_self,381_virtual_avatar_matched_adversarial_identity,381,virtual_avatar,matched_adversarial_identity,0.0,0.6666666666666666,,4,0
1537795a9efbba4d,cias_no_persistent_self,381_wheeled_robot_matched_adversarial_identity,381,wheeled_robot,matched_adversarial_identity,0.0,0.6666666666666666,,4,0
1537795a9efbba4d,cias_no_persistent_self,382_drone_matched_adversarial_identity,382,drone,matched_adversarial_identity,0.0,0.6666666666666666,,4,0
1537795a9efbba4d,cias_no_persistent_self,382_ground_creature_matched_adversarial_identity,382,ground_creature,matched_adversarial_identity,0.0,0.6666666666666666,,4,0
1537795a9efbba4d,cias_no_persistent_self,382_virtual_avatar_matched_adversarial_identity,382,virtual_avatar,matched_adversarial_identity,0.0,0.6666666666666666,,4,0
1537795a9efbba4d,cias_no_persistent_self,382_wheeled_robot_matched_adversarial_identity,382,wheeled_robot,matched_adversarial_identity,0.0,0.6666666666666666,,4,0
1537795a9efbba4d,cias_no_persistent_self,383_drone_matched_adversarial_identity,383,drone,matched_adversarial_identity,0.0,0.6666666666666666,,4,0
1537795a9efbba4d,cias_no_persistent_self,383_ground_creature_matched_adversarial_identity,383,ground_creature,matched_adversarial_identity,0.0,0.6666666666666666,,4,0
1537795a9efbba4d,cias_no_persistent_self,383_virtual_avatar_matched_adversarial_identity,383,virtual_avatar,matched_adversarial_identity,0.0,0.6666666666666666,,4,0
1537795a9efbba4d,cias_no_persistent_self,383_wheeled_robot_matched_adversarial_identity,383,wheeled_robot,matched_adversarial_identity,0.0,0.6666666666666666,,4,0
1537795a9efbba4d,cias_no_persistent_self,384_drone_matched_adversarial_identity,384,drone,matched_adversarial_identity,0.0,0.6666666666666666,,4,0
1537795a9efbba4d,cias_no_persistent_self,384_ground_creature_matched_adversarial_identity,384,ground_creature,matched_adversarial_identity,0.0,0.6666666666666666,,4,0
1537795a9efbba4d,cias_no_persistent_self,384_virtual_avatar_matched_adversarial_identity,384,virtual_avatar,matched_adversarial_identity,1.0,0.0,0.0,3,1
1537795a9efbba4d,cias_no_persistent_self,384_wheeled_robot_matched_adversarial_identity,384,wheeled_robot,matched_adversarial_identity,0.0,0.6666666666666666,,4,0
1537795a9efbba4d,cias_no_persistent_self,385_drone_matched_adversarial_identity,385,drone,matched_adversarial_identity,0.0,0.6666666666666666,,4,0
1537795a9efbba4d,cias_no_persistent_self,385_ground_creature_matched_adversarial_identity,385,ground_creature,matched_adversarial_identity,0.0,0.6666666666666666,,4,0
1537795a9efbba4d,cias_no_persistent_self,385_virtual_avatar_matched_adversarial_identity,385,virtual_avatar,matched_adversarial_identity,1.0,0.0,0.0,3,1
1537795a9efbba4d,cias_no_persistent_self,385_wheeled_robot_matched_adversarial_identity,385,wheeled_robot,matched_adversarial_identity,0.0,0.6666666666666666,,4,0
1537795a9efbba4d,cias_no_persistent_self,386_drone_matched_adversarial_identity,386,drone,matched_adversarial_identity,0.0,0.6666666666666666,,4,0
1537795a9efbba4d,cias_no_persistent_self,386_ground_creature_matched_adversarial_identity,386,ground_creature,matched_adversarial_identity,0.0,0.6666666666666666,,4,0
1537795a9efbba4d,cias_no_persistent_self,386_virtual_avatar_matched_adversarial_identity,386,virtual_avatar,matched_adversarial_identity,1.0,0.0,0.0,3,1
1537795a9efbba4d,cias_no_persistent_self,386_wheeled_robot_matched_adversarial_identity,386,wheeled_robot,matched_adversarial_identity,0.0,0.6666666666666666,,4,0
1537795a9efbba4d,cias_no_persistent_self,387_drone_matched_adversarial_identity,387,drone,matched_adversarial_identity,0.0,0.6666666666666666,,4,0
1537795a9efbba4d,cias_no_persistent_self,387_ground_creature_matched_adversarial_identity,387,ground_creature,matched_adversarial_identity,0.0,0.6666666666666666,,4,0
1537795a9efbba4d,cias_no_persistent_self,387_virtual_avatar_matched_adversarial_identity,387,virtual_avatar,matched_adversarial_identity,1.0,0.0,0.0,3,1
1537795a9efbba4d,cias_no_persistent_self,387_wheeled_robot_matched_adversarial_identity,387,wheeled_robot,matched_adversarial_identity,0.0,0.6666666666666666,,4,0
1537795a9efbba4d,cias_no_persistent_self,388_drone_matched_adversarial_identity,388,drone,matched_adversarial_identity,0.0,0.6666666666666666,,4,0
1537795a9efbba4d,cias_no_persistent_self,388_ground_creature_matched_adversarial_identity,388,ground_creature,matched_adversarial_identity,0.0,0.6666666666666666,,4,0
1537795a9efbba4d,cias_no_persistent_self,388_virtual_avatar_matched_adversarial_identity,388,virtual_avatar,matched_adversarial_identity,1.0,0.0,0.0,3,1
1537795a9efbba4d,cias_no_persistent_self,388_wheeled_robot_matched_adversarial_identity,388,wheeled_robot,matched_adversarial_identity,0.0,0.6666666666666666,,4,0
1537795a9efbba4d,cias_no_persistent_self,389_drone_matched_adversarial_identity,389,drone,matched_adversarial_identity,0.0,0.6666666666666666,,4,0
1537795a9efbba4d,cias_no_persistent_self,389_ground_creature_matched_adversarial_identity,389,ground_creature,matched_adversarial_identity,1.0,0.0,0.0,3,1
1537795a9efbba4d,cias_no_persistent_self,389_virtual_avatar_matched_adversarial_identity,389,virtual_avatar,matched_adversarial_identity,1.0,0.0,0.0,3,1
1537795a9efbba4d,cias_no_persistent_self,389_wheeled_robot_matched_adversarial_identity,389,wheeled_robot,matched_adversarial_identity,0.0,0.6666666666666666,,4,0
1537795a9efbba4d,cias_no_persistent_self,390_drone_matched_adversarial_identity,390,drone,matched_adversarial_identity,0.0,0.6666666666666666,,4,0
1537795a9efbba4d,cias_no_persistent_self,390_ground_creature_matched_adversarial_identity,390,ground_creature,matched_adversarial_identity,0.0,0.6666666666666666,,4,0
1537795a9efbba4d,cias_no_persistent_self,390_virtual_avatar_matched_adversarial_identity,390,virtual_avatar,matched_adversarial_identity,1.0,0.0,0.0,3,1
1537795a9efbba4d,cias_no_persistent_self,390_wheeled_robot_matched_adversarial_identity,390,wheeled_robot,matched_adversarial_identity,0.0,0.6666666666666666,,4,0
18f6751c74e63d37,cias_full,361_drone_matched_adversarial_identity,361,drone,matched_adversarial_identity,1.0,0.0,0.0,8,1
18f6751c74e63d37,cias_full,361_ground_creature_matched_adversarial_identity,361,ground_creature,matched_adversarial_identity,1.0,0.0,0.0,4,1
18f6751c74e63d37,cias_full,361_virtual_avatar_matched_adversarial_identity,361,virtual_avatar,matched_adversarial_identity,1.0,0.0,0.0,4,1
18f6751c74e63d37,cias_full,361_wheeled_robot_matched_adversarial_identity,361,wheeled_robot,matched_adversarial_identity,1.0,0.0,0.0,4,1
18f6751c74e63d37,cias_full,362_drone_matched_adversarial_identity,362,drone,matched_adversarial_identity,1.0,0.0,0.0,12,1
18f6751c74e63d37,cias_full,362_ground_creature_matched_adversarial_identity,362,ground_creature,matched_adversarial_identity,1.0,0.0,0.0,4,1
18f6751c74e63d37,cias_full,362_virtual_avatar_matched_adversarial_identity,362,virtual_avatar,matched_adversarial_identity,1.0,0.0,0.0,4,1
18f6751c74e63d37,cias_full,362_wheeled_robot_matched_adversarial_identity,362,wheeled_robot,matched_adversarial_identity,1.0,0.0,0.0,8,1
18f6751c74e63d37,cias_full,363_drone_matched_adversarial_identity,363,drone,matched_adversarial_identity,0.7083333333333334,0.013888888888888888,0.1,22,1
18f6751c74e63d37,cias_full,363_ground_creature_matched_adversarial_identity,363,ground_creature,matched_adversarial_identity,1.0,0.0,0.0,4,1
18f6751c74e63d37,cias_full,363_virtual_avatar_matched_adversarial_identity,363,virtual_avatar,matched_adversarial_identity,1.0,0.0,0.0,4,1
18f6751c74e63d37,cias_full,363_wheeled_robot_matched_adversarial_identity,363,wheeled_robot,matched_adversarial_identity,1.0,0.0,0.0,4,1
18f6751c74e63d37,cias_full,364_drone_matched_adversarial_identity,364,drone,matched_adversarial_identity,0.9861111111111112,0.013888888888888888,0.1,12,1
18f6751c74e63d37,cias_full,364_ground_creature_matched_adversarial_identity,364,ground_creature,matched_adversarial_identity,1.0,0.0,0.0,4,1
18f6751c74e63d37,cias_full,364_virtual_avatar_matched_adversarial_identity,364,virtual_avatar,matched_adversarial_identity,1.0,0.0,0.0,2,1
18f6751c74e63d37,cias_full,364_wheeled_robot_matched_adversarial_identity,364,wheeled_robot,matched_adversarial_identity,1.0,0.0,0.0,4,1
18f6751c74e63d37,cias_full,365_drone_matched_adversarial_identity,365,drone,matched_adversarial_identity,0.125,0.5833333333333334,,28,1
18f6751c74e63d37,cias_full,365_ground_creature_matched_adversarial_identity,365,ground_creature,matched_adversarial_identity,1.0,0.0,0.0,4,1
18f6751c74e63d37,cias_full,365_virtual_avatar_matched_adversarial_identity,365,virtual_avatar,matched_adversarial_identity,1.0,0.0,0.0,2,1
18f6751c74e63d37,cias_full,365_wheeled_robot_matched_adversarial_identity,365,wheeled_robot,matched_adversarial_identity,1.0,0.0,0.0,4,1
18f6751c74e63d37,cias_full,366_drone_matched_adversarial_identity,366,drone,matched_adversarial_identity,0.6666666666666666,0.08333333333333333,0.6000000000000001,22,1
18f6751c74e63d37,cias_full,366_ground_creature_matched_adversarial_identity,366,ground_creature,matched_adversarial_identity,1.0,0.0,0.0,2,1
18f6751c74e63d37,cias_full,366_virtual_avatar_matched_adversarial_identity,366,virtual_avatar,matched_adversarial_identity,1.0,0.0,0.0,2,1
18f6751c74e63d37,cias_full,366_wheeled_robot_matched_adversarial_identity,366,wheeled_robot,matched_adversarial_identity,1.0,0.0,0.0,6,1
18f6751c74e63d37,cias_full,367_drone_matched_adversarial_identity,367,drone,matched_adversarial_identity,0.6111111111111112,0.09722222222222222,0.7000000000000001,18,1
18f6751c74e63d37,cias_full,367_ground_creature_matched_adversarial_identity,367,ground_creature,matched_adversarial_identity,1.0,0.0,0.0,2,1
18f6751c74e63d37,cias_full,367_virtual_avatar_matched_adversarial_identity,367,virtual_avatar,matched_adversarial_identity,1.0,0.0,0.0,2,1
18f6751c74e63d37,cias_full,367_wheeled_robot_matched_adversarial_identity,367,wheeled_robot,matched_adversarial_identity,1.0,0.0,0.0,4,1
18f6751c74e63d37,cias_full,368_drone_matched_adversarial_identity,368,drone,matched_adversarial_identity,1.0,0.0,0.0,12,1
18f6751c74e63d37,cias_full,368_ground_creature_matched_adversarial_identity,368,ground_creature,matched_adversarial_identity,1.0,0.0,0.0,2,1
18f6751c74e63d37,cias_full,368_virtual_avatar_matched_adversarial_identity,368,virtual_avatar,matched_adversarial_identity,1.0,0.0,0.0,2,1
18f6751c74e63d37,cias_full,368_wheeled_robot_matched_adversarial_identity,368,wheeled_robot,matched_adversarial_identity,1.0,0.0,0.0,6,1
18f6751c74e63d37,cias_full,369_drone_matched_adversarial_identity,369,drone,matched_adversarial_identity,0.7222222222222222,0.0,0.0,18,1
18f6751c74e63d37,cias_full,369_ground_creature_matched_adversarial_identity,369,ground_creature,matched_adversarial_identity,1.0,0.0,0.0,2,1
18f6751c74e63d37,cias_full,369_virtual_avatar_matched_adversarial_identity,369,virtual_avatar,matched_adversarial_identity,1.0,0.0,0.0,2,1
18f6751c74e63d37,cias_full,369_wheeled_robot_matched_adversarial_identity,369,wheeled_robot,matched_adversarial_identity,0.9305555555555556,0.06944444444444445,0.5,10,1
18f6751c74e63d37,cias_full,370_drone_matched_adversarial_identity,370,drone,matched_adversarial_identity,0.1388888888888889,0.5833333333333334,,30,1
18f6751c74e63d37,cias_full,370_ground_creature_matched_adversarial_identity,370,ground_creature,matched_adversarial_identity,1.0,0.0,0.0,2,1
18f6751c74e63d37,cias_full,370_virtual_avatar_matched_adversarial_identity,370,virtual_avatar,matched_adversarial_identity,1.0,0.0,0.0,2,1
18f6751c74e63d37,cias_full,370_wheeled_robot_matched_adversarial_identity,370,wheeled_robot,matched_adversarial_identity,1.0,0.0,0.0,6,1
18f6751c74e63d37,cias_full,371_drone_matched_adversarial_identity,371,drone,matched_adversarial_identity,0.6111111111111112,0.1111111111111111,0.9,20,1
18f6751c74e63d37,cias_full,371_ground_creature_matched_adversarial_identity,371,ground_creature,matched_adversarial_identity,1.0,0.0,0.0,2,1
18f6751c74e63d37,cias_full,371_virtual_avatar_matched_adversarial_identity,371,virtual_avatar,matched_adversarial_identity,1.0,0.0,0.0,2,1
18f6751c74e63d37,cias_full,371_wheeled_robot_matched_adversarial_identity,371,wheeled_robot,matched_adversarial_identity,1.0,0.0,0.0,4,1
18f6751c74e63d37,cias_full,372_drone_matched_adversarial_identity,372,drone,matched_adversarial_identity,1.0,0.0,0.0,12,1
18f6751c74e63d37,cias_full,372_ground_creature_matched_adversarial_identity,372,ground_creature,matched_adversarial_identity,1.0,0.0,0.0,2,1
18f6751c74e63d37,cias_full,372_virtual_avatar_matched_adversarial_identity,372,virtual_avatar,matched_adversarial_identity,1.0,0.0,0.0,2,1
18f6751c74e63d37,cias_full,372_wheeled_robot_matched_adversarial_identity,372,wheeled_robot,matched_adversarial_identity,1.0,0.0,0.0,4,1
18f6751c74e63d37,cias_full,373_drone_matched_adversarial_identity,373,drone,matched_adversarial_identity,0.7361111111111112,0.0,0.0,20,1
18f6751c74e63d37,cias_full,373_ground_creature_matched_adversarial_identity,373,ground_creature,matched_adversarial_identity,1.0,0.0,0.0,2,1
18f6751c74e63d37,cias_full,373_virtual_avatar_matched_adversarial_identity,373,virtual_avatar,matched_adversarial_identity,1.0,0.0,0.0,2,1
18f6751c74e63d37,cias_full,373_wheeled_robot_matched_adversarial_identity,373,wheeled_robot,matched_adversarial_identity,0.9861111111111112,0.013888888888888888,0.1,8,1
18f6751c74e63d37,cias_full,374_drone_matched_adversarial_identity,374,drone,matched_adversarial_identity,0.75,0.0,0.0,22,1
18f6751c74e63d37,cias_full,374_ground_creature_matched_adversarial_identity,374,ground_creature,matched_adversarial_identity,1.0,0.0,0.0,4,1
18f6751c74e63d37,cias_full,374_virtual_avatar_matched_adversarial_identity,374,virtual_avatar,matched_adversarial_identity,1.0,0.0,0.0,2,1
18f6751c74e63d37,cias_full,374_wheeled_robot_matched_adversarial_identity,374,wheeled_robot,matched_adversarial_identity,0.9166666666666666,0.08333333333333333,0.6000000000000001,8,1
18f6751c74e63d37,cias_full,375_drone_matched_adversarial_identity,375,drone,matched_adversarial_identity,0.1388888888888889,0.5833333333333334,,26,1
18f6751c74e63d37,cias_full,375_ground_creature_matched_adversarial_identity,375,ground_creature,matched_adversarial_identity,0.9861111111111112,0.013888888888888888,0.1,6,1
18f6751c74e63d37,cias_full,375_virtual_avatar_matched_adversarial_identity,375,virtual_avatar,matched_adversarial_identity,1.0,0.0,0.0,2,1
18f6751c74e63d37,cias_full,375_wheeled_robot_matched_adversarial_identity,375,wheeled_robot,matched_adversarial_identity,1.0,0.0,0.0,2,1
18f6751c74e63d37,cias_full,376_drone_matched_adversarial_identity,376,drone,matched_adversarial_identity,0.7222222222222222,0.0,0.0,18,1
18f6751c74e63d37,cias_full,376_ground_creature_matched_adversarial_identity,376,ground_creature,matched_adversarial_identity,1.0,0.0,0.0,4,1
18f6751c74e63d37,cias_full,376_virtual_avatar_matched_adversarial_identity,376,virtual_avatar,matched_adversarial_identity,1.0,0.0,0.0,4,1
18f6751c74e63d37,cias_full,376_wheeled_robot_matched_adversarial_identity,376,wheeled_robot,matched_adversarial_identity,0.9305555555555556,0.06944444444444445,0.5,10,1
18f6751c74e63d37,cias_full,377_drone_matched_adversarial_identity,377,drone,matched_adversarial_identity,0.7361111111111112,0.0,0.0,20,1
18f6751c74e63d37,cias_full,377_ground_creature_matched_adversarial_identity,377,ground_creature,matched_adversarial_identity,1.0,0.0,0.0,4,1
18f6751c74e63d37,cias_full,377_virtual_avatar_matched_adversarial_identity,377,virtual_avatar,matched_adversarial_identity,1.0,0.0,0.0,4,1
18f6751c74e63d37,cias_full,377_wheeled_robot_matched_adversarial_identity,377,wheeled_robot,matched_adversarial_identity,1.0,0.0,0.0,4,1
18f6751c74e63d37,cias_full,378_drone_matched_adversarial_identity,378,drone,matched_adversarial_identity,0.2361111111111111,0.4722222222222222,3.9000000000000004,24,1
18f6751c74e63d37,cias_full,378_ground_creature_matched_adversarial_identity,378,ground_creature,matched_adversarial_identity,1.0,0.0,0.0,4,1
18f6751c74e63d37,cias_full,378_virtual_avatar_matched_adversarial_identity,378,virtual_avatar,matched_adversarial_identity,1.0,0.0,0.0,4,1
18f6751c74e63d37,cias_full,378_wheeled_robot_matched_adversarial_identity,378,wheeled_robot,matched_adversarial_identity,0.9305555555555556,0.06944444444444445,0.5,8,1
18f6751c74e63d37,cias_full,379_drone_matched_adversarial_identity,379,drone,matched_adversarial_identity,1.0,0.0,0.0,16,1
18f6751c74e63d37,cias_full,379_ground_creature_matched_adversarial_identity,379,ground_creature,matched_adversarial_identity,1.0,0.0,0.0,4,1
18f6751c74e63d37,cias_full,379_virtual_avatar_matched_adversarial_identity,379,virtual_avatar,matched_adversarial_identity,1.0,0.0,0.0,4,1
18f6751c74e63d37,cias_full,379_wheeled_robot_matched_adversarial_identity,379,wheeled_robot,matched_adversarial_identity,1.0,0.0,0.0,4,1
18f6751c74e63d37,cias_full,380_drone_matched_adversarial_identity,380,drone,matched_adversarial_identity,0.6666666666666666,0.08333333333333333,0.7000000000000001,16,1
18f6751c74e63d37,cias_full,380_ground_creature_matched_adversarial_identity,380,ground_creature,matched_adversarial_identity,1.0,0.0,0.0,4,1
18f6751c74e63d37,cias_full,380_virtual_avatar_matched_adversarial_identity,380,virtual_avatar,matched_adversarial_identity,1.0,0.0,0.0,4,1
18f6751c74e63d37,cias_full,380_wheeled_robot_matched_adversarial_identity,380,wheeled_robot,matched_adversarial_identity,1.0,0.0,0.0,4,1
18f6751c74e63d37,cias_full,381_drone_matched_adversarial_identity,381,drone,matched_adversarial_identity,0.1527777777777778,0.5833333333333334,,34,1
18f6751c74e63d37,cias_full,381_ground_creature_matched_adversarial_identity,381,ground_creature,matched_adversarial_identity,1.0,0.0,0.0,4,1
18f6751c74e63d37,cias_full,381_virtual_avatar_matched_adversarial_identity,381,virtual_avatar,matched_adversarial_identity,1.0,0.0,0.0,4,1
18f6751c74e63d37,cias_full,381_wheeled_robot_matched_adversarial_identity,381,wheeled_robot,matched_adversarial_identity,1.0,0.0,0.0,6,1
18f6751c74e63d37,cias_full,382_drone_matched_adversarial_identity,382,drone,matched_adversarial_identity,1.0,0.0,0.0,16,1
18f6751c74e63d37,cias_full,382_ground_creature_matched_adversarial_identity,382,ground_creature,matched_adversarial_identity,1.0,0.0,0.0,4,1
18f6751c74e63d37,cias_full,382_virtual_avatar_matched_adversarial_identity,382,virtual_avatar,matched_adversarial_identity,1.0,0.0,0.0,4,1
18f6751c74e63d37,cias_full,382_wheeled_robot_matched_adversarial_identity,382,wheeled_robot,matched_adversarial_identity,1.0,0.0,0.0,6,1
18f6751c74e63d37,cias_full,383_drone_matched_adversarial_identity,383,drone,matched_adversarial_identity,0.1388888888888889,0.5833333333333334,,26,1
18f6751c74e63d37,cias_full,383_ground_creature_matched_adversarial_identity,383,ground_creature,matched_adversarial_identity,1.0,0.0,0.0,4,1
18f6751c74e63d37,cias_full,383_virtual_avatar_matched_adversarial_identity,383,virtual_avatar,matched_adversarial_identity,1.0,0.0,0.0,4,1
18f6751c74e63d37,cias_full,383_wheeled_robot_matched_adversarial_identity,383,wheeled_robot,matched_adversarial_identity,1.0,0.0,0.0,6,1
18f6751c74e63d37,cias_full,384_drone_matched_adversarial_identity,384,drone,matched_adversarial_identity,1.0,0.0,0.0,8,1
18f6751c74e63d37,cias_full,384_ground_creature_matched_adversarial_identity,384,ground_creature,matched_adversarial_identity,1.0,0.0,0.0,4,1
18f6751c74e63d37,cias_full,384_virtual_avatar_matched_adversarial_identity,384,virtual_avatar,matched_adversarial_identity,1.0,0.0,0.0,2,1
18f6751c74e63d37,cias_full,384_wheeled_robot_matched_adversarial_identity,384,wheeled_robot,matched_adversarial_identity,1.0,0.0,0.0,4,1
18f6751c74e63d37,cias_full,385_drone_matched_adversarial_identity,385,drone,matched_adversarial_identity,1.0,0.0,0.0,8,1
18f6751c74e63d37,cias_full,385_ground_creature_matched_adversarial_identity,385,ground_creature,matched_adversarial_identity,1.0,0.0,0.0,4,1
18f6751c74e63d37,cias_full,385_virtual_avatar_matched_adversarial_identity,385,virtual_avatar,matched_adversarial_identity,1.0,0.0,0.0,4,1
18f6751c74e63d37,cias_full,385_wheeled_robot_matched_adversarial_identity,385,wheeled_robot,matched_adversarial_identity,1.0,0.0,0.0,4,1
18f6751c74e63d37,cias_full,386_drone_matched_adversarial_identity,386,drone,matched_adversarial_identity,1.0,0.0,0.0,12,1
18f6751c74e63d37,cias_full,386_ground_creature_matched_adversarial_identity,386,ground_creature,matched_adversarial_identity,1.0,0.0,0.0,4,1
18f6751c74e63d37,cias_full,386_virtual_avatar_matched_adversarial_identity,386,virtual_avatar,matched_adversarial_identity,1.0,0.0,0.0,4,1
18f6751c74e63d37,cias_full,386_wheeled_robot_matched_adversarial_identity,386,wheeled_robot,matched_adversarial_identity,1.0,0.0,0.0,4,1
18f6751c74e63d37,cias_full,387_drone_matched_adversarial_identity,387,drone,matched_adversarial_identity,0.7222222222222222,0.0,0.0,22,1
18f6751c74e63d37,cias_full,387_ground_creature_matched_adversarial_identity,387,ground_creature,matched_adversarial_identity,1.0,0.0,0.0,4,1
18f6751c74e63d37,cias_full,387_virtual_avatar_matched_adversarial_identity,387,virtual_avatar,matched_adversarial_identity,1.0,0.0,0.0,4,1
18f6751c74e63d37,cias_full,387_wheeled_robot_matched_adversarial_identity,387,wheeled_robot,matched_adversarial_identity,1.0,0.0,0.0,4,1
18f6751c74e63d37,cias_full,388_drone_matched_adversarial_identity,388,drone,matched_adversarial_identity,0.75,0.0,0.0,22,1
18f6751c74e63d37,cias_full,388_ground_creature_matched_adversarial_identity,388,ground_creature,matched_adversarial_identity,1.0,0.0,0.0,4,1
18f6751c74e63d37,cias_full,388_virtual_avatar_matched_adversarial_identity,388,virtual_avatar,matched_adversarial_identity,1.0,0.0,0.0,4,1
18f6751c74e63d37,cias_full,388_wheeled_robot_matched_adversarial_identity,388,wheeled_robot,matched_adversarial_identity,1.0,0.0,0.0,4,1
18f6751c74e63d37,cias_full,389_drone_matched_adversarial_identity,389,drone,matched_adversarial_identity,0.7361111111111112,0.0,0.0,16,1
18f6751c74e63d37,cias_full,389_ground_creature_matched_adversarial_identity,389,ground_creature,matched_adversarial_identity,1.0,0.0,0.0,4,1
18f6751c74e63d37,cias_full,389_virtual_avatar_matched_adversarial_identity,389,virtual_avatar,matched_adversarial_identity,1.0,0.0,0.0,4,1
18f6751c74e63d37,cias_full,389_wheeled_robot_matched_adversarial_identity,389,wheeled_robot,matched_adversarial_identity,1.0,0.0,0.0,6,1
18f6751c74e63d37,cias_full,390_drone_matched_adversarial_identity,390,drone,matched_adversarial_identity,0.7083333333333334,0.0,0.0,14,1
18f6751c74e63d37,cias_full,390_ground_creature_matched_adversarial_identity,390,ground_creature,matched_adversarial_identity,1.0,0.0,0.0,4,1
18f6751c74e63d37,cias_full,390_virtual_avatar_matched_adversarial_identity,390,virtual_avatar,matched_adversarial_identity,1.0,0.0,0.0,4,1
18f6751c74e63d37,cias_full,390_wheeled_robot_matched_adversarial_identity,390,wheeled_robot,matched_adversarial_identity,1.0,0.0,0.0,4,1
18f6751c74e63d37,cias_no_persistent_self,361_drone_matched_adversarial_identity,361,drone,matched_adversarial_identity,0.0,0.6666666666666666,,4,0
18f6751c74e63d37,cias_no_persistent_self,361_ground_creature_matched_adversarial_identity,361,ground_creature,matched_adversarial_identity,0.0,0.6666666666666666,,4,0
18f6751c74e63d37,cias_no_persistent_self,361_virtual_avatar_matched_adversarial_identity,361,virtual_avatar,matched_adversarial_identity,0.0,0.6666666666666666,,4,0
18f6751c74e63d37,cias_no_persistent_self,361_wheeled_robot_matched_adversarial_identity,361,wheeled_robot,matched_adversarial_identity,0.0,0.6666666666666666,,4,0
18f6751c74e63d37,cias_no_persistent_self,362_drone_matched_adversarial_identity,362,drone,matched_adversarial_identity,0.0,0.6666666666666666,,4,0
18f6751c74e63d37,cias_no_persistent_self,362_ground_creature_matched_adversarial_identity,362,ground_creature,matched_adversarial_identity,0.0,0.6666666666666666,,4,0
18f6751c74e63d37,cias_no_persistent_self,362_virtual_avatar_matched_adversarial_identity,362,virtual_avatar,matched_adversarial_identity,0.0,0.6666666666666666,,4,0
18f6751c74e63d37,cias_no_persistent_self,362_wheeled_robot_matched_adversarial_identity,362,wheeled_robot,matched_adversarial_identity,0.0,0.6666666666666666,,4,0
18f6751c74e63d37,cias_no_persistent_self,363_drone_matched_adversarial_identity,363,drone,matched_adversarial_identity,0.0,0.6666666666666666,,4,0
18f6751c74e63d37,cias_no_persistent_self,363_ground_creature_matched_adversarial_identity,363,ground_creature,matched_adversarial_identity,0.0,0.6666666666666666,,4,0
18f6751c74e63d37,cias_no_persistent_self,363_virtual_avatar_matched_adversarial_identity,363,virtual_avatar,matched_adversarial_identity,0.0,0.6666666666666666,,4,0
18f6751c74e63d37,cias_no_persistent_self,363_wheeled_robot_matched_adversarial_identity,363,wheeled_robot,matched_adversarial_identity,0.0,0.6666666666666666,,4,0
18f6751c74e63d37,cias_no_persistent_self,364_drone_matched_adversarial_identity,364,drone,matched_adversarial_identity,0.0,0.6666666666666666,,4,0
18f6751c74e63d37,cias_no_persistent_self,364_ground_creature_matched_adversarial_identity,364,ground_creature,matched_adversarial_identity,0.0,0.6666666666666666,,4,0
18f6751c74e63d37,cias_no_persistent_self,364_virtual_avatar_matched_adversarial_identity,364,virtual_avatar,matched_adversarial_identity,0.0,0.6666666666666666,,4,0
18f6751c74e63d37,cias_no_persistent_self,364_wheeled_robot_matched_adversarial_identity,364,wheeled_robot,matched_adversarial_identity,0.0,0.6666666666666666,,4,0
18f6751c74e63d37,cias_no_persistent_self,365_drone_matched_adversarial_identity,365,drone,matched_adversarial_identity,0.0,0.6666666666666666,,4,0
18f6751c74e63d37,cias_no_persistent_self,365_ground_creature_matched_adversarial_identity,365,ground_creature,matched_adversarial_identity,0.0,0.6666666666666666,,4,0
18f6751c74e63d37,cias_no_persistent_self,365_virtual_avatar_matched_adversarial_identity,365,virtual_avatar,matched_adversarial_identity,0.0,0.6666666666666666,,4,0
18f6751c74e63d37,cias_no_persistent_self,365_wheeled_robot_matched_adversarial_identity,365,wheeled_robot,matched_adversarial_identity,0.0,0.6666666666666666,,4,0
18f6751c74e63d37,cias_no_persistent_self,366_drone_matched_adversarial_identity,366,drone,matched_adversarial_identity,0.0,0.6666666666666666,,4,0
18f6751c74e63d37,cias_no_persistent_self,366_ground_creature_matched_adversarial_identity,366,ground_creature,matched_adversarial_identity,0.0,0.6666666666666666,,4,0
18f6751c74e63d37,cias_no_persistent_self,366_virtual_avatar_matched_adversarial_identity,366,virtual_avatar,matched_adversarial_identity,1.0,0.0,0.0,3,1
18f6751c74e63d37,cias_no_persistent_self,366_wheeled_robot_matched_adversarial_identity,366,wheeled_robot,matched_adversarial_identity,0.0,0.6666666666666666,,4,0
18f6751c74e63d37,cias_no_persistent_self,367_drone_matched_adversarial_identity,367,drone,matched_adversarial_identity,0.0,0.6666666666666666,,4,0
18f6751c74e63d37,cias_no_persistent_self,367_ground_creature_matched_adversarial_identity,367,ground_creature,matched_adversarial_identity,0.0,0.6666666666666666,,4,0
18f6751c74e63d37,cias_no_persistent_self,367_virtual_avatar_matched_adversarial_identity,367,virtual_avatar,matched_adversarial_identity,1.0,0.0,0.0,3,1
18f6751c74e63d37,cias_no_persistent_self,367_wheeled_robot_matched_adversarial_identity,367,wheeled_robot,matched_adversarial_identity,0.0,0.6666666666666666,,4,0
18f6751c74e63d37,cias_no_persistent_self,368_drone_matched_adversarial_identity,368,drone,matched_adversarial_identity,0.0,0.6666666666666666,,4,0
18f6751c74e63d37,cias_no_persistent_self,368_ground_creature_matched_adversarial_identity,368,ground_creature,matched_adversarial_identity,1.0,0.0,0.0,3,1
18f6751c74e63d37,cias_no_persistent_self,368_virtual_avatar_matched_adversarial_identity,368,virtual_avatar,matched_adversarial_identity,1.0,0.0,0.0,3,1
18f6751c74e63d37,cias_no_persistent_self,368_wheeled_robot_matched_adversarial_identity,368,wheeled_robot,matched_adversarial_identity,1.0,0.0,0.0,3,1
18f6751c74e63d37,cias_no_persistent_self,369_drone_matched_adversarial_identity,369,drone,matched_adversarial_identity,0.0,0.6666666666666666,,4,0
18f6751c74e63d37,cias_no_persistent_self,369_ground_creature_matched_adversarial_identity,369,ground_creature,matched_adversarial_identity,0.0,0.6666666666666666,,4,0
18f6751c74e63d37,cias_no_persistent_self,369_virtual_avatar_matched_adversarial_identity,369,virtual_avatar,matched_adversarial_identity,1.0,0.0,0.0,3,1
18f6751c74e63d37,cias_no_persistent_self,369_wheeled_robot_matched_adversarial_identity,369,wheeled_robot,matched_adversarial_identity,0.0,0.6666666666666666,,4,0
18f6751c74e63d37,cias_no_persistent_self,370_drone_matched_adversarial_identity,370,drone,matched_adversarial_identity,0.0,0.6666666666666666,,4,0
18f6751c74e63d37,cias_no_persistent_self,370_ground_creature_matched_adversarial_identity,370,ground_creature,matched_adversarial_identity,0.0,0.6666666666666666,,4,0
18f6751c74e63d37,cias_no_persistent_self,370_virtual_avatar_matched_adversarial_identity,370,virtual_avatar,matched_adversarial_identity,1.0,0.0,0.0,3,1
18f6751c74e63d37,cias_no_persistent_self,370_wheeled_robot_matched_adversarial_identity,370,wheeled_robot,matched_adversarial_identity,0.0,0.6666666666666666,,4,0
18f6751c74e63d37,cias_no_persistent_self,371_drone_matched_adversarial_identity,371,drone,matched_adversarial_identity,0.0,0.6666666666666666,,4,0
18f6751c74e63d37,cias_no_persistent_self,371_ground_creature_matched_adversarial_identity,371,ground_creature,matched_adversarial_identity,1.0,0.0,0.0,3,1
18f6751c74e63d37,cias_no_persistent_self,371_virtual_avatar_matched_adversarial_identity,371,virtual_avatar,matched_adversarial_identity,1.0,0.0,0.0,3,1
18f6751c74e63d37,cias_no_persistent_self,371_wheeled_robot_matched_adversarial_identity,371,wheeled_robot,matched_adversarial_identity,1.0,0.0,0.0,3,1
18f6751c74e63d37,cias_no_persistent_self,372_drone_matched_adversarial_identity,372,drone,matched_adversarial_identity,0.0,0.6666666666666666,,4,0
18f6751c74e63d37,cias_no_persistent_self,372_ground_creature_matched_adversarial_identity,372,ground_creature,matched_adversarial_identity,0.0,0.6666666666666666,,4,0
18f6751c74e63d37,cias_no_persistent_self,372_virtual_avatar_matched_adversarial_identity,372,virtual_avatar,matched_adversarial_identity,1.0,0.0,0.0,3,1
18f6751c74e63d37,cias_no_persistent_self,372_wheeled_robot_matched_adversarial_identity,372,wheeled_robot,matched_adversarial_identity,0.0,0.6666666666666666,,4,0
18f6751c74e63d37,cias_no_persistent_self,373_drone_matched_adversarial_identity,373,drone,matched_adversarial_identity,0.0,0.6666666666666666,,4,0
18f6751c74e63d37,cias_no_persistent_self,373_ground_creature_matched_adversarial_identity,373,ground_creature,matched_adversarial_identity,1.0,0.0,0.0,3,1
18f6751c74e63d37,cias_no_persistent_self,373_virtual_avatar_matched_adversarial_identity,373,virtual_avatar,matched_adversarial_identity,1.0,0.0,0.0,3,1
18f6751c74e63d37,cias_no_persistent_self,373_wheeled_robot_matched_adversarial_identity,373,wheeled_robot,matched_adversarial_identity,0.0,0.6666666666666666,,4,0
18f6751c74e63d37,cias_no_persistent_self,374_drone_matched_adversarial_identity,374,drone,matched_adversarial_identity,0.0,0.6666666666666666,,4,0
18f6751c74e63d37,cias_no_persistent_self,374_ground_creature_matched_adversarial_identity,374,ground_creature,matched_adversarial_identity,0.0,0.6666666666666666,,4,0
18f6751c74e63d37,cias_no_persistent_self,374_virtual_avatar_matched_adversarial_identity,374,virtual_avatar,matched_adversarial_identity,1.0,0.0,0.0,3,1
18f6751c74e63d37,cias_no_persistent_self,374_wheeled_robot_matched_adversarial_identity,374,wheeled_robot,matched_adversarial_identity,0.0,0.6666666666666666,,4,0
18f6751c74e63d37,cias_no_persistent_self,375_drone_matched_adversarial_identity,375,drone,matched_adversarial_identity,0.0,0.6666666666666666,,4,0
18f6751c74e63d37,cias_no_persistent_self,375_ground_creature_matched_adversarial_identity,375,ground_creature,matched_adversarial_identity,0.0,0.6666666666666666,,4,0
18f6751c74e63d37,cias_no_persistent_self,375_virtual_avatar_matched_adversarial_identity,375,virtual_avatar,matched_adversarial_identity,0.0,0.6666666666666666,,4,0
18f6751c74e63d37,cias_no_persistent_self,375_wheeled_robot_matched_adversarial_identity,375,wheeled_robot,matched_adversarial_identity,0.0,0.6666666666666666,,4,0
18f6751c74e63d37,cias_no_persistent_self,376_drone_matched_adversarial_identity,376,drone,matched_adversarial_identity,0.0,0.6666666666666666,,4,0
18f6751c74e63d37,cias_no_persistent_self,376_ground_creature_matched_adversarial_identity,376,ground_creature,matched_adversarial_identity,0.0,0.6666666666666666,,4,0
18f6751c74e63d37,cias_no_persistent_self,376_virtual_avatar_matched_adversarial_identity,376,virtual_avatar,matched_adversarial_identity,0.0,0.6666666666666666,,4,0
18f6751c74e63d37,cias_no_persistent_self,376_wheeled_robot_matched_adversarial_identity,376,wheeled_robot,matched_adversarial_identity,0.0,0.6666666666666666,,4,0
18f6751c74e63d37,cias_no_persistent_self,377_drone_matched_adversarial_identity,377,drone,matched_adversarial_identity,0.0,0.6666666666666666,,4,0
18f6751c74e63d37,cias_no_persistent_self,377_ground_creature_matched_adversarial_identity,377,ground_creature,matched_adversarial_identity,0.0,0.6666666666666666,,4,0
18f6751c74e63d37,cias_no_persistent_self,377_virtual_avatar_matched_adversarial_identity,377,virtual_avatar,matched_adversarial_identity,0.0,0.6666666666666666,,4,0
18f6751c74e63d37,cias_no_persistent_self,377_wheeled_robot_matched_adversarial_identity,377,wheeled_robot,matched_adversarial_identity,0.0,0.6666666666666666,,4,0
18f6751c74e63d37,cias_no_persistent_self,378_drone_matched_adversarial_identity,378,drone,matched_adversarial_identity,0.0,0.6666666666666666,,4,0
18f6751c74e63d37,cias_no_persistent_self,378_ground_creature_matched_adversarial_identity,378,ground_creature,matched_adversarial_identity,0.0,0.6666666666666666,,4,0
18f6751c74e63d37,cias_no_persistent_self,378_virtual_avatar_matched_adversarial_identity,378,virtual_avatar,matched_adversarial_identity,0.0,0.6666666666666666,,4,0
18f6751c74e63d37,cias_no_persistent_self,378_wheeled_robot_matched_adversarial_identity,378,wheeled_robot,matched_adversarial_identity,0.0,0.6666666666666666,,4,0
18f6751c74e63d37,cias_no_persistent_self,379_drone_matched_adversarial_identity,379,drone,matched_adversarial_identity,0.0,0.6666666666666666,,4,0
18f6751c74e63d37,cias_no_persistent_self,379_ground_creature_matched_adversarial_identity,379,ground_creature,matched_adversarial_identity,0.0,0.6666666666666666,,4,0
18f6751c74e63d37,cias_no_persistent_self,379_virtual_avatar_matched_adversarial_identity,379,virtual_avatar,matched_adversarial_identity,0.0,0.6666666666666666,,4,0
18f6751c74e63d37,cias_no_persistent_self,379_wheeled_robot_matched_adversarial_identity,379,wheeled_robot,matched_adversarial_identity,0.0,0.6666666666666666,,4,0
18f6751c74e63d37,cias_no_persistent_self,380_drone_matched_adversarial_identity,380,drone,matched_adversarial_identity,0.0,0.6666666666666666,,4,0
18f6751c74e63d37,cias_no_persistent_self,380_ground_creature_matched_adversarial_identity,380,ground_creature,matched_adversarial_identity,0.0,0.6666666666666666,,4,0
18f6751c74e63d37,cias_no_persistent_self,380_virtual_avatar_matched_adversarial_identity,380,virtual_avatar,matched_adversarial_identity,0.0,0.6666666666666666,,4,0
18f6751c74e63d37,cias_no_persistent_self,380_wheeled_robot_matched_adversarial_identity,380,wheeled_robot,matched_adversarial_identity,0.0,0.6666666666666666,,4,0
18f6751c74e63d37,cias_no_persistent_self,381_drone_matched_adversarial_identity,381,drone,matched_adversarial_identity,0.0,0.6666666666666666,,4,0
18f6751c74e63d37,cias_no_persistent_self,381_ground_creature_matched_adversarial_identity,381,ground_creature,matched_adversarial_identity,0.0,0.6666666666666666,,4,0
18f6751c74e63d37,cias_no_persistent_self,381_virtual_avatar_matched_adversarial_identity,381,virtual_avatar,matched_adversarial_identity,0.0,0.6666666666666666,,4,0
18f6751c74e63d37,cias_no_persistent_self,381_wheeled_robot_matched_adversarial_identity,381,wheeled_robot,matched_adversarial_identity,0.0,0.6666666666666666,,4,0
18f6751c74e63d37,cias_no_persistent_self,382_drone_matched_adversarial_identity,382,drone,matched_adversarial_identity,0.0,0.6666666666666666,,4,0
18f6751c74e63d37,cias_no_persistent_self,382_ground_creature_matched_adversarial_identity,382,ground_creature,matched_adversarial_identity,0.0,0.6666666666666666,,4,0
18f6751c74e63d37,cias_no_persistent_self,382_virtual_avatar_matched_adversarial_identity,382,virtual_avatar,matched_adversarial_identity,0.0,0.6666666666666666,,4,0
18f6751c74e63d37,cias_no_persistent_self,382_wheeled_robot_matched_adversarial_identity,382,wheeled_robot,matched_adversarial_identity,0.0,0.6666666666666666,,4,0
18f6751c74e63d37,cias_no_persistent_self,383_drone_matched_adversarial_identity,383,drone,matched_adversarial_identity,0.0,0.6666666666666666,,4,0
18f6751c74e63d37,cias_no_persistent_self,383_ground_creature_matched_adversarial_identity,383,ground_creature,matched_adversarial_identity,0.0,0.6666666666666666,,4,0
18f6751c74e63d37,cias_no_persistent_self,383_virtual_avatar_matched_adversarial_identity,383,virtual_avatar,matched_adversarial_identity,0.0,0.6666666666666666,,4,0
18f6751c74e63d37,cias_no_persistent_self,383_wheeled_robot_matched_adversarial_identity,383,wheeled_robot,matched_adversarial_identity,0.0,0.6666666666666666,,4,0
18f6751c74e63d37,cias_no_persistent_self,384_drone_matched_adversarial_identity,384,drone,matched_adversarial_identity,0.0,0.6666666666666666,,4,0
18f6751c74e63d37,cias_no_persistent_self,384_ground_creature_matched_adversarial_identity,384,ground_creature,matched_adversarial_identity,0.0,0.6666666666666666,,4,0
18f6751c74e63d37,cias_no_persistent_self,384_virtual_avatar_matched_adversarial_identity,384,virtual_avatar,matched_adversarial_identity,0.0,0.6666666666666666,,4,0
18f6751c74e63d37,cias_no_persistent_self,384_wheeled_robot_matched_adversarial_identity,384,wheeled_robot,matched_adversarial_identity,0.0,0.6666666666666666,,4,0
18f6751c74e63d37,cias_no_persistent_self,385_drone_matched_adversarial_identity,385,drone,matched_adversarial_identity,0.0,0.6666666666666666,,4,0
18f6751c74e63d37,cias_no_persistent_self,385_ground_creature_matched_adversarial_identity,385,ground_creature,matched_adversarial_identity,0.0,0.6666666666666666,,4,0
18f6751c74e63d37,cias_no_persistent_self,385_virtual_avatar_matched_adversarial_identity,385,virtual_avatar,matched_adversarial_identity,1.0,0.0,0.0,3,1
18f6751c74e63d37,cias_no_persistent_self,385_wheeled_robot_matched_adversarial_identity,385,wheeled_robot,matched_adversarial_identity,0.0,0.6666666666666666,,4,0
18f6751c74e63d37,cias_no_persistent_self,386_drone_matched_adversarial_identity,386,drone,matched_adversarial_identity,0.0,0.6666666666666666,,4,0
18f6751c74e63d37,cias_no_persistent_self,386_ground_creature_matched_adversarial_identity,386,ground_creature,matched_adversarial_identity,0.0,0.6666666666666666,,4,0
18f6751c74e63d37,cias_no_persistent_self,386_virtual_avatar_matched_adversarial_identity,386,virtual_avatar,matched_adversarial_identity,1.0,0.0,0.0,3,1
18f6751c74e63d37,cias_no_persistent_self,386_wheeled_robot_matched_adversarial_identity,386,wheeled_robot,matched_adversarial_identity,0.0,0.6666666666666666,,4,0
18f6751c74e63d37,cias_no_persistent_self,387_drone_matched_adversarial_identity,387,drone,matched_adversarial_identity,0.0,0.6666666666666666,,4,0
18f6751c74e63d37,cias_no_persistent_self,387_ground_creature_matched_adversarial_identity,387,ground_creature,matched_adversarial_identity,0.0,0.6666666666666666,,4,0
18f6751c74e63d37,cias_no_persistent_self,387_virtual_avatar_matched_adversarial_identity,387,virtual_avatar,matched_adversarial_identity,1.0,0.0,0.0,3,1
18f6751c74e63d37,cias_no_persistent_self,387_wheeled_robot_matched_adversarial_identity,387,wheeled_robot,matched_adversarial_identity,0.0,0.6666666666666666,,4,0
18f6751c74e63d37,cias_no_persistent_self,388_drone_matched_adversarial_identity,388,drone,matched_adversarial_identity,0.0,0.6666666666666666,,4,0
18f6751c74e63d37,cias_no_persistent_self,388_ground_creature_matched_adversarial_identity,388,ground_creature,matched_adversarial_identity,0.0,0.6666666666666666,,4,0
18f6751c74e63d37,cias_no_persistent_self,388_virtual_avatar_matched_adversarial_identity,388,virtual_avatar,matched_adversarial_identity,1.0,0.0,0.0,3,1
18f6751c74e63d37,cias_no_persistent_self,388_wheeled_robot_matched_adversarial_identity,388,wheeled_robot,matched_adversarial_identity,0.0,0.6666666666666666,,4,0
18f6751c74e63d37,cias_no_persistent_self,389_drone_matched_adversarial_identity,389,drone,matched_adversarial_identity,0.0,0.6666666666666666,,4,0
18f6751c74e63d37,cias_no_persistent_self,389_ground_creature_matched_adversarial_identity,389,ground_creature,matched_adversarial_identity,1.0,0.0,0.0,3,1
18f6751c74e63d37,cias_no_persistent_self,389_virtual_avatar_matched_adversarial_identity,389,virtual_avatar,matched_adversarial_identity,1.0,0.0,0.0,3,1
18f6751c74e63d37,cias_no_persistent_self,389_wheeled_robot_matched_adversarial_identity,389,wheeled_robot,matched_adversarial_identity,0.0,0.6666666666666666,,4,0
18f6751c74e63d37,cias_no_persistent_self,390_drone_matched_adversarial_identity,390,drone,matched_adversarial_identity,0.0,0.6666666666666666,,4,0
18f6751c74e63d37,cias_no_persistent_self,390_ground_creature_matched_adversarial_identity,390,ground_creature,matched_adversarial_identity,1.0,0.0,0.0,3,1
18f6751c74e63d37,cias_no_persistent_self,390_virtual_avatar_matched_adversarial_identity,390,virtual_avatar,matched_adversarial_identity,1.0,0.0,0.0,3,1
18f6751c74e63d37,cias_no_persistent_self,390_wheeled_robot_matched_adversarial_identity,390,wheeled_robot,matched_adversarial_identity,0.0,0.6666666666666666,,4,0
1b191122bf204abf,cias_full,361_drone_matched_adversarial_identity,361,drone,matched_adversarial_identity,0.3611111111111111,0.06944444444444445,0.5,36,1
1b191122bf204abf,cias_full,361_ground_creature_matched_adversarial_identity,361,ground_creature,matched_adversarial_identity,0.4305555555555556,0.0,,55,1
1b191122bf204abf,cias_full,361_virtual_avatar_matched_adversarial_identity,361,virtual_avatar,matched_adversarial_identity,0.6805555555555556,0.0,0.0,70,1
1b191122bf204abf,cias_full,361_wheeled_robot_matched_adversarial_identity,361,wheeled_robot,matched_adversarial_identity,0.2916666666666667,0.0,,54,1
1b191122bf204abf,cias_full,362_drone_matched_adversarial_identity,362,drone,matched_adversarial_identity,0.5,0.09722222222222222,0.7000000000000001,22,1
1b191122bf204abf,cias_full,362_ground_creature_matched_adversarial_identity,362,ground_creature,matched_adversarial_identity,0.4583333333333333,0.0,,55,1
1b191122bf204abf,cias_full,362_virtual_avatar_matched_adversarial_identity,362,virtual_avatar,matched_adversarial_identity,0.6388888888888888,0.0,1.0,75,1
1b191122bf204abf,cias_full,362_wheeled_robot_matched_adversarial_identity,362,wheeled_robot,matched_adversarial_identity,0.3888888888888889,0.0,0.0,46,1
1b191122bf204abf,cias_full,363_drone_matched_adversarial_identity,363,drone,matched_adversarial_identity,0.20833333333333334,0.09722222222222222,0.7000000000000001,40,1
1b191122bf204abf,cias_full,363_ground_creature_matched_adversarial_identity,363,ground_creature,matched_adversarial_identity,0.5694444444444444,0.0,0.0,49,1
1b191122bf204abf,cias_full,363_virtual_avatar_matched_adversarial_identity,363,virtual_avatar,matched_adversarial_identity,0.5972222222222222,0.0,0.30000000000000004,71,1
1b191122bf204abf,cias_full,363_wheeled_robot_matched_adversarial_identity,363,wheeled_robot,matched_adversarial_identity,0.3333333333333333,0.06944444444444445,0.5,48,1
1b191122bf204abf,cias_full,364_drone_matched_adversarial_identity,364,drone,matched_adversarial_identity,0.19444444444444445,0.09722222222222222,0.7000000000000001,34,1
1b191122bf204abf,cias_full,364_ground_creature_matched_adversarial_identity,364,ground_creature,matched_adversarial_identity,0.4305555555555556,0.0,,49,1
1b191122bf204abf,cias_full,364_virtual_avatar_matched_adversarial_identity,364,virtual_avatar,matched_adversarial_identity,0.6111111111111112,0.0,0.30000000000000004,77,1
1b191122bf204abf,cias_full,364_wheeled_robot_matched_adversarial_identity,364,wheeled_robot,matched_adversarial_identity,0.3472222222222222,0.0,0.0,35,1
1b191122bf204abf,cias_full,365_drone_matched_adversarial_identity,365,drone,matched_adversarial_identity,0.6388888888888888,0.09722222222222222,0.7000000000000001,16,1
1b191122bf204abf,cias_full,365_ground_creature_matched_adversarial_identity,365,ground_creature,matched_adversarial_identity,0.4027777777777778,0.0,,56,1
1b191122bf204abf,cias_full,365_virtual_avatar_matched_adversarial_identity,365,virtual_avatar,matched_adversarial_identity,0.5972222222222222,0.0,1.1,71,1
1b191122bf204abf,cias_full,365_wheeled_robot_matched_adversarial_identity,365,wheeled_robot,matched_adversarial_identity,0.5,0.0,0.0,36,1
1b191122bf204abf,cias_full,366_drone_matched_adversarial_identity,366,drone,matched_adversarial_identity,0.9166666666666666,0.08333333333333333,0.6000000000000001,23,1
1b191122bf204abf,cias_full,366_ground_creature_matched_adversarial_identity,366,ground_creature,matched_adversarial_identity,0.4305555555555556,0.0,,46,1
1b191122bf204abf,cias_full,366_virtual_avatar_matched_adversarial_identity,366,virtual_avatar,matched_adversarial_identity,0.6111111111111112,0.0,0.30000000000000004,75,1
1b191122bf204abf,cias_full,366_wheeled_robot_matched_adversarial_identity,366,wheeled_robot,matched_adversarial_identity,0.4027777777777778,0.0,0.0,34,1
1b191122bf204abf,cias_full,367_drone_matched_adversarial_identity,367,drone,matched_adversarial_identity,1.0,0.0,0.0,11,1
1b191122bf204abf,cias_full,367_ground_creature_matched_adversarial_identity,367,ground_creature,matched_adversarial_identity,0.4305555555555556,0.0,,59,1
1b191122bf204abf,cias_full,367_virtual_avatar_matched_adversarial_identity,367,virtual_avatar,matched_adversarial_identity,0.6666666666666666,0.0,0.30000000000000004,74,1
1b191122bf204abf,cias_full,367_wheeled_robot_matched_adversarial_identity,367,wheeled_robot,matched_adversarial_identity,0.5555555555555556,0.0,0.0,44,1
1b191122bf204abf,cias_full,368_drone_matched_adversarial_identity,368,drone,matched_adversarial_identity,0.4166666666666667,0.0,0.0,27,1
1b191122bf204abf,cias_full,368_ground_creature_matched_adversarial_identity,368,ground_creature,matched_adversarial_identity,0.3888888888888889,0.0,,62,1
1b191122bf204abf,cias_full,368_virtual_avatar_matched_adversarial_identity,368,virtual_avatar,matched_adversarial_identity,0.5555555555555556,0.0,1.1,74,1
1b191122bf204abf,cias_full,368_wheeled_robot_matched_adversarial_identity,368,wheeled_robot,matched_adversarial_identity,0.2916666666666667,0.0,,50,1
1b191122bf204abf,cias_full,369_drone_matched_adversarial_identity,369,drone,matched_adversarial_identity,0.18055555555555555,0.09722222222222222,,34,1
1b191122bf204abf,cias_full,369_ground_creature_matched_adversarial_identity,369,ground_creature,matched_adversarial_identity,0.4166666666666667,0.0,,51,1
1b191122bf204abf,cias_full,369_virtual_avatar_matched_adversarial_identity,369,virtual_avatar,matched_adversarial_identity,0.625,0.0,0.30000000000000004,72,1
1b191122bf204abf,cias_full,369_wheeled_robot_matched_adversarial_identity,369,wheeled_robot,matched_adversarial_identity,0.2361111111111111,0.0,,44,1
1b191122bf204abf,cias_full,370_drone_matched_adversarial_identity,370,drone,matched_adversarial_identity,1.0,0.0,0.0,22,1
1b191122bf204abf,cias_full,370_ground_creature_matched_adversarial_identity,370,ground_creature,matched_adversarial_identity,0.4166666666666667,0.0,,64,1
1b191122bf204abf,cias_full,370_virtual_avatar_matched_adversarial_identity,370,virtual_avatar,matched_adversarial_identity,0.5972222222222222,0.0,0.30000000000000004,76,1
1b191122bf204abf,cias_full,370_wheeled_robot_matched_adversarial_identity,370,wheeled_robot,matched_adversarial_identity,0.3472222222222222,0.0,,47,1
1b191122bf204abf,cias_full,371_drone_matched_adversarial_identity,371,drone,matched_adversarial_identity,0.1388888888888889,0.09722222222222222,,25,1
1b191122bf204abf,cias_full,371_ground_creature_matched_adversarial_identity,371,ground_creature,matched_adversarial_identity,0.4305555555555556,0.0,,55,1
1b191122bf204abf,cias_full,371_virtual_avatar_matched_adversarial_identity,371,virtual_avatar,matched_adversarial_identity,0.6388888888888888,0.0,1.1,76,1
1b191122bf204abf,cias_full,371_wheeled_robot_matched_adversarial_identity,371,wheeled_robot,matched_adversarial_identity,0.2916666666666667,0.0,,48,1
1b191122bf204abf,cias_full,372_drone_matched_adversarial_identity,372,drone,matched_adversarial_identity,0.6944444444444444,0.0,0.0,29,1
1b191122bf204abf,cias_full,372_ground_creature_matched_adversarial_identity,372,ground_creature,matched_adversarial_identity,0.3888888888888889,0.0,,53,1
1b191122bf204abf,cias_full,372_virtual_avatar_matched_adversarial_identity,372,virtual_avatar,matched_adversarial_identity,0.6944444444444444,0.0,0.30000000000000004,65,1
1b191122bf204abf,cias_full,372_wheeled_robot_matched_adversarial_identity,372,wheeled_robot,matched_adversarial_identity,0.20833333333333334,0.0,,59,1
1b191122bf204abf,cias_full,373_drone_matched_adversarial_identity,373,drone,matched_adversarial_identity,0.2361111111111111,0.06944444444444445,0.5,37,1
1b191122bf204abf,cias_full,373_ground_creature_matched_adversarial_identity,373,ground_creature,matched_adversarial_identity,0.5,0.0,0.0,42,1
1b191122bf204abf,cias_full,373_virtual_avatar_matched_adversarial_identity,373,virtual_avatar,matched_adversarial_identity,0.625,0.0,1.9000000000000001,78,1
1b191122bf204abf,cias_full,373_wheeled_robot_matched_adversarial_identity,373,wheeled_robot,matched_adversarial_identity,0.20833333333333334,0.0,,43,1
1b191122bf204abf,cias_full,374_drone_matched_adversarial_identity,374,drone,matched_adversarial_identity,0.1388888888888889,0.0,,33,1
1b191122bf204abf,cias_full,374_ground_creature_matched_adversarial_identity,374,ground_creature,matched_adversarial_identity,0.4583333333333333,0.0,,59,1
1b191122bf204abf,cias_full,374_virtual_avatar_matched_adversarial_identity,374,virtual_avatar,matched_adversarial_identity,0.6805555555555556,0.0,1.9000000000000001,68,1
1b191122bf204abf,cias_full,374_wheeled_robot_matched_adversarial_identity,374,wheeled_robot,matched_adversarial_identity,0.4027777777777778,0.0,0.0,42,1
1b191122bf204abf,cias_full,375_drone_matched_adversarial_identity,375,drone,matched_adversarial_identity,0.9027777777777778,0.09722222222222222,0.7000000000000001,8,1
1b191122bf204abf,cias_full,375_ground_creature_matched_adversarial_identity,375,ground_creature,matched_adversarial_identity,0.4722222222222222,0.0,0.0,57,1
1b191122bf204abf,cias_full,375_virtual_avatar_matched_adversarial_identity,375,virtual_avatar,matched_adversarial_identity,0.6527777777777778,0.0,0.30000000000000004,68,1
1b191122bf204abf,cias_full,375_wheeled_robot_matched_adversarial_identity,375,wheeled_robot,matched_adversarial_identity,0.25,0.0,,48,1
1b191122bf204abf,cias_full,376_drone_matched_adversarial_identity,376,drone,matched_adversarial_identity,0.4305555555555556,0.06944444444444445,0.5,29,1
1b191122bf204abf,cias_full,376_ground_creature_matched_adversarial_identity,376,ground_creature,matched_adversarial_identity,0.3888888888888889,0.0,,56,1
1b191122bf204abf,cias_full,376_virtual_avatar_matched_adversarial_identity,376,virtual_avatar,matched_adversarial_identity,0.6527777777777778,0.0,2.7,77,1
1b191122bf204abf,cias_full,376_wheeled_robot_matched_adversarial_identity,376,wheeled_robot,matched_adversarial_identity,0.2222222222222222,0.0,,50,1
1b191122bf204abf,cias_full,377_drone_matched_adversarial_identity,377,drone,matched_adversarial_identity,0.2361111111111111,0.09722222222222222,0.7000000000000001,32,1
1b191122bf204abf,cias_full,377_ground_creature_matched_adversarial_identity,377,ground_creature,matched_adversarial_identity,0.4027777777777778,0.0,,56,1
1b191122bf204abf,cias_full,377_virtual_avatar_matched_adversarial_identity,377,virtual_avatar,matched_adversarial_identity,0.6527777777777778,0.0,2.7,75,1
1b191122bf204abf,cias_full,377_wheeled_robot_matched_adversarial_identity,377,wheeled_robot,matched_adversarial_identity,0.375,0.0,0.0,48,1
1b191122bf204abf,cias_full,378_drone_matched_adversarial_identity,378,drone,matched_adversarial_identity,0.4861111111111111,0.09722222222222222,0.7000000000000001,18,1
1b191122bf204abf,cias_full,378_ground_creature_matched_adversarial_identity,378,ground_creature,matched_adversarial_identity,0.4444444444444444,0.0,,50,1
1b191122bf204abf,cias_full,378_virtual_avatar_matched_adversarial_identity,378,virtual_avatar,matched_adversarial_identity,0.6388888888888888,0.0,0.30000000000000004,70,1
1b191122bf204abf,cias_full,378_wheeled_robot_matched_adversarial_identity,378,wheeled_robot,matched_adversarial_identity,0.3472222222222222,0.0,0.0,52,1
1b191122bf204abf,cias_full,379_drone_matched_adversarial_identity,379,drone,matched_adversarial_identity,1.0,0.0,0.0,21,1
1b191122bf204abf,cias_full,379_ground_creature_matched_adversarial_identity,379,ground_creature,matched_adversarial_identity,0.4444444444444444,0.0,,58,1
1b191122bf204abf,cias_full,379_virtual_avatar_matched_adversarial_identity,379,virtual_avatar,matched_adversarial_identity,0.5555555555555556,0.0,1.9000000000000001,74,1
1b191122bf204abf,cias_full,379_wheeled_robot_matched_adversarial_identity,379,wheeled_robot,matched_adversarial_identity,0.2222222222222222,0.0,,62,1
1b191122bf204abf,cias_full,380_drone_matched_adversarial_identity,380,drone,matched_adversarial_identity,0.1527777777777778,0.09722222222222222,,27,1
1b191122bf204abf,cias_full,380_ground_creature_matched_adversarial_identity,380,ground_creature,matched_adversarial_identity,0.4166666666666667,0.0,,59,1
1b191122bf204abf,cias_full,380_virtual_avatar_matched_adversarial_identity,380,virtual_avatar,matched_adversarial_identity,0.5972222222222222,0.0,0.30000000000000004,75,1
1b191122bf204abf,cias_full,380_wheeled_robot_matched_adversarial_identity,380,wheeled_robot,matched_adversarial_identity,0.2222222222222222,0.0,,52,1
1b191122bf204abf,cias_full,381_drone_matched_adversarial_identity,381,drone,matched_adversarial_identity,0.7916666666666666,0.0,0.0,18,1
1b191122bf204abf,cias_full,381_ground_creature_matched_adversarial_identity,381,ground_creature,matched_adversarial_identity,0.4166666666666667,0.0,,57,1
1b191122bf204abf,cias_full,381_virtual_avatar_matched_adversarial_identity,381,virtual_avatar,matched_adversarial_identity,0.625,0.0,1.1,68,1
1b191122bf204abf,cias_full,381_wheeled_robot_matched_adversarial_identity,381,wheeled_robot,matched_adversarial_identity,0.2638888888888889,0.0,,63,1
1b191122bf204abf,cias_full,382_drone_matched_adversarial_identity,382,drone,matched_adversarial_identity,0.20833333333333334,0.09722222222222222,0.7000000000000001,28,1
1b191122bf204abf,cias_full,382_ground_creature_matched_adversarial_identity,382,ground_creature,matched_adversarial_identity,0.4583333333333333,0.0,,64,1
1b191122bf204abf,cias_full,382_virtual_avatar_matched_adversarial_identity,382,virtual_avatar,matched_adversarial_identity,0.6944444444444444,0.0,1.1,73,1
1b191122bf204abf,cias_full,382_wheeled_robot_matched_adversarial_identity,382,wheeled_robot,matched_adversarial_identity,0.25,0.0,,60,1
1b191122bf204abf,cias_full,383_drone_matched_adversarial_identity,383,drone,matched_adversarial_identity,0.1388888888888889,0.0,,31,1
1b191122bf204abf,cias_full,383_ground_creature_matched_adversarial_identity,383,ground_creature,matched_adversarial_identity,0.375,0.0,,49,1
1b191122bf204abf,cias_full,383_virtual_avatar_matched_adversarial_identity,383,virtual_avatar,matched_adversarial_identity,0.5972222222222222,0.0,4.3,75,1
1b191122bf204abf,cias_full,383_wheeled_robot_matched_adversarial_identity,383,wheeled_robot,matched_adversarial_identity,0.25,0.0,,54,1
1b191122bf204abf,cias_full,384_drone_matched_adversarial_identity,384,drone,matched_adversarial_identity,0.2361111111111111,0.0,0.0,30,1
1b191122bf204abf,cias_full,384_ground_creature_matched_adversarial_identity,384,ground_creature,matched_adversarial_identity,0.4166666666666667,0.0,,59,1
1b191122bf204abf,cias_full,384_virtual_avatar_matched_adversarial_identity,384,virtual_avatar,matched_adversarial_identity,0.6666666666666666,0.0,0.30000000000000004,69,1
1b191122bf204abf,cias_full,384_wheeled_robot_matched_adversarial_identity,384,wheeled_robot,matched_adversarial_identity,0.7222222222222222,0.0,0.0,38,1
1b191122bf204abf,cias_full,385_drone_matched_adversarial_identity,385,drone,matched_adversarial_identity,0.2222222222222222,0.09722222222222222,0.7000000000000001,30,1
1b191122bf204abf,cias_full,385_ground_creature_matched_adversarial_identity,385,ground_creature,matched_adversarial_identity,0.4444444444444444,0.0,,47,1
1b191122bf204abf,cias_full,385_virtual_avatar_matched_adversarial_identity,385,virtual_avatar,matched_adversarial_identity,0.5972222222222222,0.0,0.30000000000000004,81,1
1b191122bf204abf,cias_full,385_wheeled_robot_matched_adversarial_identity,385,wheeled_robot,matched_adversarial_identity,0.3194444444444444,0.0,0.0,38,1
1b191122bf204abf,cias_full,386_drone_matched_adversarial_identity,386,drone,matched_adversarial_identity,0.6944444444444444,0.0,0.0,24,1
1b191122bf204abf,cias_full,386_ground_creature_matched_adversarial_identity,386,ground_creature,matched_adversarial_identity,0.4444444444444444,0.0,5.1000000000000005,54,1
1b191122bf204abf,cias_full,386_virtual_avatar_matched_adversarial_identity,386,virtual_avatar,matched_adversarial_identity,0.6527777777777778,0.0,0.30000000000000004,72,1
1b191122bf204abf,cias_full,386_wheeled_robot_matched_adversarial_identity,386,wheeled_robot,matched_adversarial_identity,0.3194444444444444,0.0,0.0,56,1
1b191122bf204abf,cias_full,387_drone_matched_adversarial_identity,387,drone,matched_adversarial_identity,0.3055555555555556,0.0,0.0,25,1
1b191122bf204abf,cias_full,387_ground_creature_matched_adversarial_identity,387,ground_creature,matched_adversarial_identity,0.4444444444444444,0.0,,48,1
1b191122bf204abf,cias_full,387_virtual_avatar_matched_adversarial_identity,387,virtual_avatar,matched_adversarial_identity,0.5833333333333334,0.0,2.7,66,1
1b191122bf204abf,cias_full,387_wheeled_robot_matched_adversarial_identity,387,wheeled_robot,matched_adversarial_identity,0.2222222222222222,0.0,,56,1
1b191122bf204abf,cias_full,388_drone_matched_adversarial_identity,388,drone,matched_adversarial_identity,1.0,0.0,0.0,12,1
1b191122bf204abf,cias_full,388_ground_creature_matched_adversarial_identity,388,ground_creature,matched_adversarial_identity,0.4027777777777778,0.0,,56,1
1b191122bf204abf,cias_full,388_virtual_avatar_matched_adversarial_identity,388,virtual_avatar,matched_adversarial_identity,0.6388888888888888,0.0,1.9000000000000001,78,1
1b191122bf204abf,cias_full,388_wheeled_robot_matched_adversarial_identity,388,wheeled_robot,matched_adversarial_identity,0.6666666666666666,0.0,0.0,38,1
1b191122bf204abf,cias_full,389_drone_matched_adversarial_identity,389,drone,matched_adversarial_identity,0.5416666666666666,0.0,0.0,24,1
1b191122bf204abf,cias_full,389_ground_creature_matched_adversarial_identity,389,ground_creature,matched_adversarial_identity,0.4166666666666667,0.0,,52,1
1b191122bf204abf,cias_full,389_virtual_avatar_matched_adversarial_identity,389,virtual_avatar,matched_adversarial_identity,0.6944444444444444,0.0,1.1,70,1
1b191122bf204abf,cias_full,389_wheeled_robot_matched_adversarial_identity,389,wheeled_robot,matched_adversarial_identity,0.2361111111111111,0.0,,55,1
1b191122bf204abf,cias_full,390_drone_matched_adversarial_identity,390,drone,matched_adversarial_identity,0.1388888888888889,0.06944444444444445,,28,1
1b191122bf204abf,cias_full,390_ground_creature_matched_adversarial_identity,390,ground_creature,matched_adversarial_identity,0.4166666666666667,0.0,,46,1
1b191122bf204abf,cias_full,390_virtual_avatar_matched_adversarial_identity,390,virtual_avatar,matched_adversarial_identity,0.6527777777777778,0.0,0.0,71,1
1b191122bf204abf,cias_full,390_wheeled_robot_matched_adversarial_identity,390,wheeled_robot,matched_adversarial_identity,0.3194444444444444,0.0,0.0,43,1
1b191122bf204abf,cias_no_persistent_self,361_drone_matched_adversarial_identity,361,drone,matched_adversarial_identity,0.0,0.6666666666666666,,4,0
1b191122bf204abf,cias_no_persistent_self,361_ground_creature_matched_adversarial_identity,361,ground_creature,matched_adversarial_identity,0.0,0.6666666666666666,,4,0
1b191122bf204abf,cias_no_persistent_self,361_virtual_avatar_matched_adversarial_identity,361,virtual_avatar,matched_adversarial_identity,0.0,0.6666666666666666,,4,0
1b191122bf204abf,cias_no_persistent_self,361_wheeled_robot_matched_adversarial_identity,361,wheeled_robot,matched_adversarial_identity,0.0,0.6666666666666666,,4,0
1b191122bf204abf,cias_no_persistent_self,362_drone_matched_adversarial_identity,362,drone,matched_adversarial_identity,0.0,0.6666666666666666,,4,0
1b191122bf204abf,cias_no_persistent_self,362_ground_creature_matched_adversarial_identity,362,ground_creature,matched_adversarial_identity,0.0,0.6666666666666666,,4,0
1b191122bf204abf,cias_no_persistent_self,362_virtual_avatar_matched_adversarial_identity,362,virtual_avatar,matched_adversarial_identity,0.0,0.6666666666666666,,4,0
1b191122bf204abf,cias_no_persistent_self,362_wheeled_robot_matched_adversarial_identity,362,wheeled_robot,matched_adversarial_identity,0.0,0.6666666666666666,,4,0
1b191122bf204abf,cias_no_persistent_self,363_drone_matched_adversarial_identity,363,drone,matched_adversarial_identity,0.0,0.6666666666666666,,4,0
1b191122bf204abf,cias_no_persistent_self,363_ground_creature_matched_adversarial_identity,363,ground_creature,matched_adversarial_identity,0.0,0.6666666666666666,,4,0
1b191122bf204abf,cias_no_persistent_self,363_virtual_avatar_matched_adversarial_identity,363,virtual_avatar,matched_adversarial_identity,0.0,0.6666666666666666,,4,0
1b191122bf204abf,cias_no_persistent_self,363_wheeled_robot_matched_adversarial_identity,363,wheeled_robot,matched_adversarial_identity,0.0,0.6666666666666666,,4,0
1b191122bf204abf,cias_no_persistent_self,364_drone_matched_adversarial_identity,364,drone,matched_adversarial_identity,0.0,0.6666666666666666,,4,0
1b191122bf204abf,cias_no_persistent_self,364_ground_creature_matched_adversarial_identity,364,ground_creature,matched_adversarial_identity,0.0,0.6666666666666666,,4,0
1b191122bf204abf,cias_no_persistent_self,364_virtual_avatar_matched_adversarial_identity,364,virtual_avatar,matched_adversarial_identity,0.0,0.6666666666666666,,4,0
1b191122bf204abf,cias_no_persistent_self,364_wheeled_robot_matched_adversarial_identity,364,wheeled_robot,matched_adversarial_identity,0.0,0.6666666666666666,,4,0
1b191122bf204abf,cias_no_persistent_self,365_drone_matched_adversarial_identity,365,drone,matched_adversarial_identity,0.0,0.6666666666666666,,4,0
1b191122bf204abf,cias_no_persistent_self,365_ground_creature_matched_adversarial_identity,365,ground_creature,matched_adversarial_identity,0.0,0.6666666666666666,,4,0
1b191122bf204abf,cias_no_persistent_self,365_virtual_avatar_matched_adversarial_identity,365,virtual_avatar,matched_adversarial_identity,0.0,0.6666666666666666,,4,0
1b191122bf204abf,cias_no_persistent_self,365_wheeled_robot_matched_adversarial_identity,365,wheeled_robot,matched_adversarial_identity,0.0,0.6666666666666666,,4,0
1b191122bf204abf,cias_no_persistent_self,366_drone_matched_adversarial_identity,366,drone,matched_adversarial_identity,0.0,0.6666666666666666,,4,0
1b191122bf204abf,cias_no_persistent_self,366_ground_creature_matched_adversarial_identity,366,ground_creature,matched_adversarial_identity,0.0,0.6666666666666666,,4,0
1b191122bf204abf,cias_no_persistent_self,366_virtual_avatar_matched_adversarial_identity,366,virtual_avatar,matched_adversarial_identity,1.0,0.0,0.0,3,1
1b191122bf204abf,cias_no_persistent_self,366_wheeled_robot_matched_adversarial_identity,366,wheeled_robot,matched_adversarial_identity,0.0,0.6666666666666666,,4,0
1b191122bf204abf,cias_no_persistent_self,367_drone_matched_adversarial_identity,367,drone,matched_adversarial_identity,0.0,0.6666666666666666,,4,0
1b191122bf204abf,cias_no_persistent_self,367_ground_creature_matched_adversarial_identity,367,ground_creature,matched_adversarial_identity,0.0,0.6666666666666666,,4,0
1b191122bf204abf,cias_no_persistent_self,367_virtual_avatar_matched_adversarial_identity,367,virtual_avatar,matched_adversarial_identity,1.0,0.0,0.0,3,1
1b191122bf204abf,cias_no_persistent_self,367_wheeled_robot_matched_adversarial_identity,367,wheeled_robot,matched_adversarial_identity,0.0,0.6666666666666666,,4,0
1b191122bf204abf,cias_no_persistent_self,368_drone_matched_adversarial_identity,368,drone,matched_adversarial_identity,0.0,0.6666666666666666,,4,0
1b191122bf204abf,cias_no_persistent_self,368_ground_creature_matched_adversarial_identity,368,ground_creature,matched_adversarial_identity,1.0,0.0,0.0,3,1
1b191122bf204abf,cias_no_persistent_self,368_virtual_avatar_matched_adversarial_identity,368,virtual_avatar,matched_adversarial_identity,1.0,0.0,0.0,3,1
1b191122bf204abf,cias_no_persistent_self,368_wheeled_robot_matched_adversarial_identity,368,wheeled_robot,matched_adversarial_identity,1.0,0.0,0.0,3,1
1b191122bf204abf,cias_no_persistent_self,369_drone_matched_adversarial_identity,369,drone,matched_adversarial_identity,0.0,0.6666666666666666,,4,0
1b191122bf204abf,cias_no_persistent_self,369_ground_creature_matched_adversarial_identity,369,ground_creature,matched_adversarial_identity,0.0,0.6666666666666666,,4,0
1b191122bf204abf,cias_no_persistent_self,369_virtual_avatar_matched_adversarial_identity,369,virtual_avatar,matched_adversarial_identity,1.0,0.0,0.0,3,1
1b191122bf204abf,cias_no_persistent_self,369_wheeled_robot_matched_adversarial_identity,369,wheeled_robot,matched_adversarial_identity,0.0,0.6666666666666666,,4,0
1b191122bf204abf,cias_no_persistent_self,370_drone_matched_adversarial_identity,370,drone,matched_adversarial_identity,0.0,0.6666666666666666,,4,0
1b191122bf204abf,cias_no_persistent_self,370_ground_creature_matched_adversarial_identity,370,ground_creature,matched_adversarial_identity,0.0,0.6666666666666666,,4,0
1b191122bf204abf,cias_no_persistent_self,370_virtual_avatar_matched_adversarial_identity,370,virtual_avatar,matched_adversarial_identity,1.0,0.0,0.0,3,1
1b191122bf204abf,cias_no_persistent_self,370_wheeled_robot_matched_adversarial_identity,370,wheeled_robot,matched_adversarial_identity,0.0,0.6666666666666666,,4,0
1b191122bf204abf,cias_no_persistent_self,371_drone_matched_adversarial_identity,371,drone,matched_adversarial_identity,0.0,0.6666666666666666,,4,0
1b191122bf204abf,cias_no_persistent_self,371_ground_creature_matched_adversarial_identity,371,ground_creature,matched_adversarial_identity,1.0,0.0,0.0,3,1
1b191122bf204abf,cias_no_persistent_self,371_virtual_avatar_matched_adversarial_identity,371,virtual_avatar,matched_adversarial_identity,1.0,0.0,0.0,3,1
1b191122bf204abf,cias_no_persistent_self,371_wheeled_robot_matched_adversarial_identity,371,wheeled_robot,matched_adversarial_identity,1.0,0.0,0.0,3,1
1b191122bf204abf,cias_no_persistent_self,372_drone_matched_adversarial_identity,372,drone,matched_adversarial_identity,0.0,0.6666666666666666,,4,0
1b191122bf204abf,cias_no_persistent_self,372_ground_creature_matched_adversarial_identity,372,ground_creature,matched_adversarial_identity,0.0,0.6666666666666666,,4,0
1b191122bf204abf,cias_no_persistent_self,372_virtual_avatar_matched_adversarial_identity,372,virtual_avatar,matched_adversarial_identity,1.0,0.0,0.0,3,1
1b191122bf204abf,cias_no_persistent_self,372_wheeled_robot_matched_adversarial_identity,372,wheeled_robot,matched_adversarial_identity,0.0,0.6666666666666666,,4,0
1b191122bf204abf,cias_no_persistent_self,373_drone_matched_adversarial_identity,373,drone,matched_adversarial_identity,0.0,0.6666666666666666,,4,0
1b191122bf204abf,cias_no_persistent_self,373_ground_creature_matched_adversarial_identity,373,ground_creature,matched_adversarial_identity,0.0,0.6666666666666666,,4,0
1b191122bf204abf,cias_no_persistent_self,373_virtual_avatar_matched_adversarial_identity,373,virtual_avatar,matched_adversarial_identity,1.0,0.0,0.0,3,1
1b191122bf204abf,cias_no_persistent_self,373_wheeled_robot_matched_adversarial_identity,373,wheeled_robot,matched_adversarial_identity,0.0,0.6666666666666666,,4,0
1b191122bf204abf,cias_no_persistent_self,374_drone_matched_adversarial_identity,374,drone,matched_adversarial_identity,0.0,0.6666666666666666,,4,0
1b191122bf204abf,cias_no_persistent_self,374_ground_creature_matched_adversarial_identity,374,ground_creature,matched_adversarial_identity,0.0,0.6666666666666666,,4,0
1b191122bf204abf,cias_no_persistent_self,374_virtual_avatar_matched_adversarial_identity,374,virtual_avatar,matched_adversarial_identity,1.0,0.0,0.0,3,1
1b191122bf204abf,cias_no_persistent_self,374_wheeled_robot_matched_adversarial_identity,374,wheeled_robot,matched_adversarial_identity,0.0,0.6666666666666666,,4,0
1b191122bf204abf,cias_no_persistent_self,375_drone_matched_adversarial_identity,375,drone,matched_adversarial_identity,0.0,0.6666666666666666,,4,0
1b191122bf204abf,cias_no_persistent_self,375_ground_creature_matched_adversarial_identity,375,ground_creature,matched_adversarial_identity,0.0,0.6666666666666666,,4,0
1b191122bf204abf,cias_no_persistent_self,375_virtual_avatar_matched_adversarial_identity,375,virtual_avatar,matched_adversarial_identity,0.0,0.6666666666666666,,4,0
1b191122bf204abf,cias_no_persistent_self,375_wheeled_robot_matched_adversarial_identity,375,wheeled_robot,matched_adversarial_identity,0.0,0.6666666666666666,,4,0
1b191122bf204abf,cias_no_persistent_self,376_drone_matched_adversarial_identity,376,drone,matched_adversarial_identity,0.0,0.6666666666666666,,4,0
1b191122bf204abf,cias_no_persistent_self,376_ground_creature_matched_adversarial_identity,376,ground_creature,matched_adversarial_identity,0.0,0.6666666666666666,,4,0
1b191122bf204abf,cias_no_persistent_self,376_virtual_avatar_matched_adversarial_identity,376,virtual_avatar,matched_adversarial_identity,0.0,0.6666666666666666,,4,0
1b191122bf204abf,cias_no_persistent_self,376_wheeled_robot_matched_adversarial_identity,376,wheeled_robot,matched_adversarial_identity,0.0,0.6666666666666666,,4,0
1b191122bf204abf,cias_no_persistent_self,377_drone_matched_adversarial_identity,377,drone,matched_adversarial_identity,0.0,0.6666666666666666,,4,0
1b191122bf204abf,cias_no_persistent_self,377_ground_creature_matched_adversarial_identity,377,ground_creature,matched_adversarial_identity,0.0,0.6666666666666666,,4,0
1b191122bf204abf,cias_no_persistent_self,377_virtual_avatar_matched_adversarial_identity,377,virtual_avatar,matched_adversarial_identity,0.0,0.6666666666666666,,4,0
1b191122bf204abf,cias_no_persistent_self,377_wheeled_robot_matched_adversarial_identity,377,wheeled_robot,matched_adversarial_identity,0.0,0.6666666666666666,,4,0
1b191122bf204abf,cias_no_persistent_self,378_drone_matched_adversarial_identity,378,drone,matched_adversarial_identity,0.0,0.6666666666666666,,4,0
1b191122bf204abf,cias_no_persistent_self,378_ground_creature_matched_adversarial_identity,378,ground_creature,matched_adversarial_identity,0.0,0.6666666666666666,,4,0
1b191122bf204abf,cias_no_persistent_self,378_virtual_avatar_matched_adversarial_identity,378,virtual_avatar,matched_adversarial_identity,0.0,0.6666666666666666,,4,0
1b191122bf204abf,cias_no_persistent_self,378_wheeled_robot_matched_adversarial_identity,378,wheeled_robot,matched_adversarial_identity,0.0,0.6666666666666666,,4,0
1b191122bf204abf,cias_no_persistent_self,379_drone_matched_adversarial_identity,379,drone,matched_adversarial_identity,0.0,0.6666666666666666,,4,0
1b191122bf204abf,cias_no_persistent_self,379_ground_creature_matched_adversarial_identity,379,ground_creature,matched_adversarial_identity,0.0,0.6666666666666666,,4,0
1b191122bf204abf,cias_no_persistent_self,379_virtual_avatar_matched_adversarial_identity,379,virtual_avatar,matched_adversarial_identity,0.0,0.6666666666666666,,4,0
1b191122bf204abf,cias_no_persistent_self,379_wheeled_robot_matched_adversarial_identity,379,wheeled_robot,matched_adversarial_identity,0.0,0.6666666666666666,,4,0
1b191122bf204abf,cias_no_persistent_self,380_drone_matched_adversarial_identity,380,drone,matched_adversarial_identity,0.0,0.6666666666666666,,4,0
1b191122bf204abf,cias_no_persistent_self,380_ground_creature_matched_adversarial_identity,380,ground_creature,matched_adversarial_identity,0.0,0.6666666666666666,,4,0
1b191122bf204abf,cias_no_persistent_self,380_virtual_avatar_matched_adversarial_identity,380,virtual_avatar,matched_adversarial_identity,0.0,0.6666666666666666,,4,0
1b191122bf204abf,cias_no_persistent_self,380_wheeled_robot_matched_adversarial_identity,380,wheeled_robot,matched_adversarial_identity,0.0,0.6666666666666666,,4,0
1b191122bf204abf,cias_no_persistent_self,381_drone_matched_adversarial_identity,381,drone,matched_adversarial_identity,0.0,0.6666666666666666,,4,0
1b191122bf204abf,cias_no_persistent_self,381_ground_creature_matched_adversarial_identity,381,ground_creature,matched_adversarial_identity,0.0,0.6666666666666666,,4,0
1b191122bf204abf,cias_no_persistent_self,381_virtual_avatar_matched_adversarial_identity,381,virtual_avatar,matched_adversarial_identity,0.0,0.6666666666666666,,4,0
1b191122bf204abf,cias_no_persistent_self,381_wheeled_robot_matched_adversarial_identity,381,wheeled_robot,matched_adversarial_identity,0.0,0.6666666666666666,,4,0
1b191122bf204abf,cias_no_persistent_self,382_drone_matched_adversarial_identity,382,drone,matched_adversarial_identity,0.0,0.6666666666666666,,4,0
1b191122bf204abf,cias_no_persistent_self,382_ground_creature_matched_adversarial_identity,382,ground_creature,matched_adversarial_identity,0.0,0.6666666666666666,,4,0
1b191122bf204abf,cias_no_persistent_self,382_virtual_avatar_matched_adversarial_identity,382,virtual_avatar,matched_adversarial_identity,0.0,0.6666666666666666,,4,0
1b191122bf204abf,cias_no_persistent_self,382_wheeled_robot_matched_adversarial_identity,382,wheeled_robot,matched_adversarial_identity,0.0,0.6666666666666666,,4,0
1b191122bf204abf,cias_no_persistent_self,383_drone_matched_adversarial_identity,383,drone,matched_adversarial_identity,0.0,0.6666666666666666,,4,0
1b191122bf204abf,cias_no_persistent_self,383_ground_creature_matched_adversarial_identity,383,ground_creature,matched_adversarial_identity,0.0,0.6666666666666666,,4,0
1b191122bf204abf,cias_no_persistent_self,383_virtual_avatar_matched_adversarial_identity,383,virtual_avatar,matched_adversarial_identity,0.0,0.6666666666666666,,4,0
1b191122bf204abf,cias_no_persistent_self,383_wheeled_robot_matched_adversarial_identity,383,wheeled_robot,matched_adversarial_identity,0.0,0.6666666666666666,,4,0
1b191122bf204abf,cias_no_persistent_self,384_drone_matched_adversarial_identity,384,drone,matched_adversarial_identity,0.0,0.6666666666666666,,4,0
1b191122bf204abf,cias_no_persistent_self,384_ground_creature_matched_adversarial_identity,384,ground_creature,matched_adversarial_identity,0.0,0.6666666666666666,,4,0
1b191122bf204abf,cias_no_persistent_self,384_virtual_avatar_matched_adversarial_identity,384,virtual_avatar,matched_adversarial_identity,1.0,0.0,0.0,3,1
1b191122bf204abf,cias_no_persistent_self,384_wheeled_robot_matched_adversarial_identity,384,wheeled_robot,matched_adversarial_identity,0.0,0.6666666666666666,,4,0
1b191122bf204abf,cias_no_persistent_self,385_drone_matched_adversarial_identity,385,drone,matched_adversarial_identity,0.0,0.6666666666666666,,4,0
1b191122bf204abf,cias_no_persistent_self,385_ground_creature_matched_adversarial_identity,385,ground_creature,matched_adversarial_identity,0.0,0.6666666666666666,,4,0
1b191122bf204abf,cias_no_persistent_self,385_virtual_avatar_matched_adversarial_identity,385,virtual_avatar,matched_adversarial_identity,1.0,0.0,0.0,3,1
1b191122bf204abf,cias_no_persistent_self,385_wheeled_robot_matched_adversarial_identity,385,wheeled_robot,matched_adversarial_identity,0.0,0.6666666666666666,,4,0
1b191122bf204abf,cias_no_persistent_self,386_drone_matched_adversarial_identity,386,drone,matched_adversarial_identity,0.0,0.6666666666666666,,4,0
1b191122bf204abf,cias_no_persistent_self,386_ground_creature_matched_adversarial_identity,386,ground_creature,matched_adversarial_identity,0.0,0.6666666666666666,,4,0
1b191122bf204abf,cias_no_persistent_self,386_virtual_avatar_matched_adversarial_identity,386,virtual_avatar,matched_adversarial_identity,1.0,0.0,0.0,3,1
1b191122bf204abf,cias_no_persistent_self,386_wheeled_robot_matched_adversarial_identity,386,wheeled_robot,matched_adversarial_identity,0.0,0.6666666666666666,,4,0
1b191122bf204abf,cias_no_persistent_self,387_drone_matched_adversarial_identity,387,drone,matched_adversarial_identity,0.0,0.6666666666666666,,4,0
1b191122bf204abf,cias_no_persistent_self,387_ground_creature_matched_adversarial_identity,387,ground_creature,matched_adversarial_identity,0.0,0.6666666666666666,,4,0
1b191122bf204abf,cias_no_persistent_self,387_virtual_avatar_matched_adversarial_identity,387,virtual_avatar,matched_adversarial_identity,1.0,0.0,0.0,3,1
1b191122bf204abf,cias_no_persistent_self,387_wheeled_robot_matched_adversarial_identity,387,wheeled_robot,matched_adversarial_identity,0.0,0.6666666666666666,,4,0
1b191122bf204abf,cias_no_persistent_self,388_drone_matched_adversarial_identity,388,drone,matched_adversarial_identity,0.0,0.6666666666666666,,4,0
1b191122bf204abf,cias_no_persistent_self,388_ground_creature_matched_adversarial_identity,388,ground_creature,matched_adversarial_identity,0.0,0.6666666666666666,,4,0
1b191122bf204abf,cias_no_persistent_self,388_virtual_avatar_matched_adversarial_identity,388,virtual_avatar,matched_adversarial_identity,1.0,0.0,0.0,3,1
1b191122bf204abf,cias_no_persistent_self,388_wheeled_robot_matched_adversarial_identity,388,wheeled_robot,matched_adversarial_identity,0.0,0.6666666666666666,,4,0
1b191122bf204abf,cias_no_persistent_self,389_drone_matched_adversarial_identity,389,drone,matched_adversarial_identity,0.0,0.6666666666666666,,4,0
1b191122bf204abf,cias_no_persistent_self,389_ground_creature_matched_adversarial_identity,389,ground_creature,matched_adversarial_identity,1.0,0.0,0.0,3,1
1b191122bf204abf,cias_no_persistent_self,389_virtual_avatar_matched_adversarial_identity,389,virtual_avatar,matched_adversarial_identity,1.0,0.0,0.0,3,1
1b191122bf204abf,cias_no_persistent_self,389_wheeled_robot_matched_adversarial_identity,389,wheeled_robot,matched_adversarial_identity,0.0,0.6666666666666666,,4,0
1b191122bf204abf,cias_no_persistent_self,390_drone_matched_adversarial_identity,390,drone,matched_adversarial_identity,0.0,0.6666666666666666,,4,0
1b191122bf204abf,cias_no_persistent_self,390_ground_creature_matched_adversarial_identity,390,ground_creature,matched_adversarial_identity,0.0,0.6666666666666666,,4,0
1b191122bf204abf,cias_no_persistent_self,390_virtual_avatar_matched_adversarial_identity,390,virtual_avatar,matched_adversarial_identity,1.0,0.0,0.0,3,1
1b191122bf204abf,cias_no_persistent_self,390_wheeled_robot_matched_adversarial_identity,390,wheeled_robot,matched_adversarial_identity,0.0,0.6666666666666666,,4,0
3024ad26066b10e3,cias_full,361_drone_matched_adversarial_identity,361,drone,matched_adversarial_identity,0.125,0.06944444444444445,,43,1
3024ad26066b10e3,cias_full,361_ground_creature_matched_adversarial_identity,361,ground_creature,matched_adversarial_identity,0.125,0.0,,97,1
3024ad26066b10e3,cias_full,361_virtual_avatar_matched_adversarial_identity,361,virtual_avatar,matched_adversarial_identity,0.3472222222222222,0.0,,106,1
3024ad26066b10e3,cias_full,361_wheeled_robot_matched_adversarial_identity,361,wheeled_robot,matched_adversarial_identity,0.1388888888888889,0.0,,68,1
3024ad26066b10e3,cias_full,362_drone_matched_adversarial_identity,362,drone,matched_adversarial_identity,0.2916666666666667,0.09722222222222222,0.7000000000000001,35,1
3024ad26066b10e3,cias_full,362_ground_creature_matched_adversarial_identity,362,ground_creature,matched_adversarial_identity,0.125,0.0,,102,1
3024ad26066b10e3,cias_full,362_virtual_avatar_matched_adversarial_identity,362,virtual_avatar,matched_adversarial_identity,0.3194444444444444,0.0,,106,1
3024ad26066b10e3,cias_full,362_wheeled_robot_matched_adversarial_identity,362,wheeled_robot,matched_adversarial_identity,0.125,0.0,,66,1
3024ad26066b10e3,cias_full,363_drone_matched_adversarial_identity,363,drone,matched_adversarial_identity,0.19444444444444445,0.09722222222222222,0.7000000000000001,40,1
3024ad26066b10e3,cias_full,363_ground_creature_matched_adversarial_identity,363,ground_creature,matched_adversarial_identity,0.1388888888888889,0.0,,99,1
3024ad26066b10e3,cias_full,363_virtual_avatar_matched_adversarial_identity,363,virtual_avatar,matched_adversarial_identity,0.3194444444444444,0.0,,102,1
3024ad26066b10e3,cias_full,363_wheeled_robot_matched_adversarial_identity,363,wheeled_robot,matched_adversarial_identity,0.125,0.0,,70,1
3024ad26066b10e3,cias_full,364_drone_matched_adversarial_identity,364,drone,matched_adversarial_identity,0.2916666666666667,0.0,0.0,34,1
3024ad26066b10e3,cias_full,364_ground_creature_matched_adversarial_identity,364,ground_creature,matched_adversarial_identity,0.1527777777777778,0.0,,86,1
3024ad26066b10e3,cias_full,364_virtual_avatar_matched_adversarial_identity,364,virtual_avatar,matched_adversarial_identity,0.3055555555555556,0.0,,110,1
3024ad26066b10e3,cias_full,364_wheeled_robot_matched_adversarial_identity,364,wheeled_robot,matched_adversarial_identity,0.125,0.0,,71,1
3024ad26066b10e3,cias_full,365_drone_matched_adversarial_identity,365,drone,matched_adversarial_identity,1.0,0.0,0.0,11,1
3024ad26066b10e3,cias_full,365_ground_creature_matched_adversarial_identity,365,ground_creature,matched_adversarial_identity,0.125,0.0,,96,1
3024ad26066b10e3,cias_full,365_virtual_avatar_matched_adversarial_identity,365,virtual_avatar,matched_adversarial_identity,0.3611111111111111,0.0,,100,1
3024ad26066b10e3,cias_full,365_wheeled_robot_matched_adversarial_identity,365,wheeled_robot,matched_adversarial_identity,0.125,0.0,,65,1
3024ad26066b10e3,cias_full,366_drone_matched_adversarial_identity,366,drone,matched_adversarial_identity,0.125,0.08333333333333333,,45,1
3024ad26066b10e3,cias_full,366_ground_creature_matched_adversarial_identity,366,ground_creature,matched_adversarial_identity,0.1527777777777778,0.0,,94,1
3024ad26066b10e3,cias_full,366_virtual_avatar_matched_adversarial_identity,366,virtual_avatar,matched_adversarial_identity,0.3055555555555556,0.0,,114,1
3024ad26066b10e3,cias_full,366_wheeled_robot_matched_adversarial_identity,366,wheeled_robot,matched_adversarial_identity,0.125,0.0,,68,1
3024ad26066b10e3,cias_full,367_drone_matched_adversarial_identity,367,drone,matched_adversarial_identity,1.0,0.0,0.0,17,1
3024ad26066b10e3,cias_full,367_ground_creature_matched_adversarial_identity,367,ground_creature,matched_adversarial_identity,0.1388888888888889,0.0,,103,1
3024ad26066b10e3,cias_full,367_virtual_avatar_matched_adversarial_identity,367,virtual_avatar,matched_adversarial_identity,0.3055555555555556,0.0,,110,1
3024ad26066b10e3,cias_full,367_wheeled_robot_matched_adversarial_identity,367,wheeled_robot,matched_adversarial_identity,0.125,0.0,,69,1
3024ad26066b10e3,cias_full,368_drone_matched_adversarial_identity,368,drone,matched_adversarial_identity,0.4027777777777778,0.0,0.0,39,1
3024ad26066b10e3,cias_full,368_ground_creature_matched_adversarial_identity,368,ground_creature,matched_adversarial_identity,0.125,0.0,,97,1
3024ad26066b10e3,cias_full,368_virtual_avatar_matched_adversarial_identity,368,virtual_avatar,matched_adversarial_identity,0.3055555555555556,0.0,,114,1
3024ad26066b10e3,cias_full,368_wheeled_robot_matched_adversarial_identity,368,wheeled_robot,matched_adversarial_identity,0.125,0.0,,66,1
3024ad26066b10e3,cias_full,369_drone_matched_adversarial_identity,369,drone,matched_adversarial_identity,0.16666666666666666,0.09722222222222222,,34,1
3024ad26066b10e3,cias_full,369_ground_creature_matched_adversarial_identity,369,ground_creature,matched_adversarial_identity,0.1388888888888889,0.0,,91,1
3024ad26066b10e3,cias_full,369_virtual_avatar_matched_adversarial_identity,369,virtual_avatar,matched_adversarial_identity,0.2777777777777778,0.0,,114,1
3024ad26066b10e3,cias_full,369_wheeled_robot_matched_adversarial_identity,369,wheeled_robot,matched_adversarial_identity,0.125,0.0,,58,1
3024ad26066b10e3,cias_full,370_drone_matched_adversarial_identity,370,drone,matched_adversarial_identity,0.9722222222222222,0.0,0.0,26,1
3024ad26066b10e3,cias_full,370_ground_creature_matched_adversarial_identity,370,ground_creature,matched_adversarial_identity,0.125,0.0,,100,1
3024ad26066b10e3,cias_full,370_virtual_avatar_matched_adversarial_identity,370,virtual_avatar,matched_adversarial_identity,0.3194444444444444,0.0,,107,1
3024ad26066b10e3,cias_full,370_wheeled_robot_matched_adversarial_identity,370,wheeled_robot,matched_adversarial_identity,0.125,0.0,,66,1
3024ad26066b10e3,cias_full,371_drone_matched_adversarial_identity,371,drone,matched_adversarial_identity,0.125,0.0,,37,1
3024ad26066b10e3,cias_full,371_ground_creature_matched_adversarial_identity,371,ground_creature,matched_adversarial_identity,0.1388888888888889,0.0,,94,1
3024ad26066b10e3,cias_full,371_virtual_avatar_matched_adversarial_identity,371,virtual_avatar,matched_adversarial_identity,0.3194444444444444,0.0,,102,1
3024ad26066b10e3,cias_full,371_wheeled_robot_matched_adversarial_identity,371,wheeled_robot,matched_adversarial_identity,0.125,0.0,,68,1
3024ad26066b10e3,cias_full,372_drone_matched_adversarial_identity,372,drone,matched_adversarial_identity,0.19444444444444445,0.0,0.0,42,1
3024ad26066b10e3,cias_full,372_ground_creature_matched_adversarial_identity,372,ground_creature,matched_adversarial_identity,0.16666666666666666,0.0,,97,1
3024ad26066b10e3,cias_full,372_virtual_avatar_matched_adversarial_identity,372,virtual_avatar,matched_adversarial_identity,0.2916666666666667,0.0,,107,1
3024ad26066b10e3,cias_full,372_wheeled_robot_matched_adversarial_identity,372,wheeled_robot,matched_adversarial_identity,0.125,0.0,,69,1
3024ad26066b10e3,cias_full,373_drone_matched_adversarial_identity,373,drone,matched_adversarial_identity,0.19444444444444445,0.0,0.0,38,1
3024ad26066b10e3,cias_full,373_ground_creature_matched_adversarial_identity,373,ground_creature,matched_adversarial_identity,0.1388888888888889,0.0,,92,1
3024ad26066b10e3,cias_full,373_virtual_avatar_matched_adversarial_identity,373,virtual_avatar,matched_adversarial_identity,0.3333333333333333,0.0,,103,1
3024ad26066b10e3,cias_full,373_wheeled_robot_matched_adversarial_identity,373,wheeled_robot,matched_adversarial_identity,0.125,0.0,,61,1
3024ad26066b10e3,cias_full,374_drone_matched_adversarial_identity,374,drone,matched_adversarial_identity,0.125,0.0,,41,1
3024ad26066b10e3,cias_full,374_ground_creature_matched_adversarial_identity,374,ground_creature,matched_adversarial_identity,0.1388888888888889,0.0,,99,1
3024ad26066b10e3,cias_full,374_virtual_avatar_matched_adversarial_identity,374,virtual_avatar,matched_adversarial_identity,0.3472222222222222,0.0,,106,1
3024ad26066b10e3,cias_full,374_wheeled_robot_matched_adversarial_identity,374,wheeled_robot,matched_adversarial_identity,0.125,0.0,,66,1
3024ad26066b10e3,cias_full,375_drone_matched_adversarial_identity,375,drone,matched_adversarial_identity,0.9027777777777778,0.09722222222222222,0.7000000000000001,16,1
3024ad26066b10e3,cias_full,375_ground_creature_matched_adversarial_identity,375,ground_creature,matched_adversarial_identity,0.1388888888888889,0.0,,98,1
3024ad26066b10e3,cias_full,375_virtual_avatar_matched_adversarial_identity,375,virtual_avatar,matched_adversarial_identity,0.2777777777777778,0.0,,103,1
3024ad26066b10e3,cias_full,375_wheeled_robot_matched_adversarial_identity,375,wheeled_robot,matched_adversarial_identity,0.125,0.0,,61,1
3024ad26066b10e3,cias_full,376_drone_matched_adversarial_identity,376,drone,matched_adversarial_identity,0.19444444444444445,0.0,0.0,38,1
3024ad26066b10e3,cias_full,376_ground_creature_matched_adversarial_identity,376,ground_creature,matched_adversarial_identity,0.1388888888888889,0.0,,96,1
3024ad26066b10e3,cias_full,376_virtual_avatar_matched_adversarial_identity,376,virtual_avatar,matched_adversarial_identity,0.3333333333333333,0.0,,100,1
3024ad26066b10e3,cias_full,376_wheeled_robot_matched_adversarial_identity,376,wheeled_robot,matched_adversarial_identity,0.125,0.0,,68,1
3024ad26066b10e3,cias_full,377_drone_matched_adversarial_identity,377,drone,matched_adversarial_identity,0.20833333333333334,0.09722222222222222,0.7000000000000001,31,1
3024ad26066b10e3,cias_full,377_ground_creature_matched_adversarial_identity,377,ground_creature,matched_adversarial_identity,0.1388888888888889,0.0,,96,1
3024ad26066b10e3,cias_full,377_virtual_avatar_matched_adversarial_identity,377,virtual_avatar,matched_adversarial_identity,0.3611111111111111,0.0,,97,1
3024ad26066b10e3,cias_full,377_wheeled_robot_matched_adversarial_identity,377,wheeled_robot,matched_adversarial_identity,0.125,0.0,,66,1
3024ad26066b10e3,cias_full,378_drone_matched_adversarial_identity,378,drone,matched_adversarial_identity,0.5833333333333334,0.0,0.0,25,1
3024ad26066b10e3,cias_full,378_ground_creature_matched_adversarial_identity,378,ground_creature,matched_adversarial_identity,0.16666666666666666,0.0,,89,1
3024ad26066b10e3,cias_full,378_virtual_avatar_matched_adversarial_identity,378,virtual_avatar,matched_adversarial_identity,0.3194444444444444,0.0,,115,1
3024ad26066b10e3,cias_full,378_wheeled_robot_matched_adversarial_identity,378,wheeled_robot,matched_adversarial_identity,0.19444444444444445,0.0,0.0,65,1
3024ad26066b10e3,cias_full,379_drone_matched_adversarial_identity,379,drone,matched_adversarial_identity,0.6805555555555556,0.0,0.0,29,1
3024ad26066b10e3,cias_full,379_ground_creature_matched_adversarial_identity,379,ground_creature,matched_adversarial_identity,0.1527777777777778,0.0,,104,1
3024ad26066b10e3,cias_full,379_virtual_avatar_matched_adversarial_identity,379,virtual_avatar,matched_adversarial_identity,0.3055555555555556,0.0,,103,1
3024ad26066b10e3,cias_full,379_wheeled_robot_matched_adversarial_identity,379,wheeled_robot,matched_adversarial_identity,0.125,0.0,,72,1
3024ad26066b10e3,cias_full,380_drone_matched_adversarial_identity,380,drone,matched_adversarial_identity,0.125,0.09722222222222222,,34,1
3024ad26066b10e3,cias_full,380_ground_creature_matched_adversarial_identity,380,ground_creature,matched_adversarial_identity,0.1388888888888889,0.0,,95,1
3024ad26066b10e3,cias_full,380_virtual_avatar_matched_adversarial_identity,380,virtual_avatar,matched_adversarial_identity,0.3055555555555556,0.0,,103,1
3024ad26066b10e3,cias_full,380_wheeled_robot_matched_adversarial_identity,380,wheeled_robot,matched_adversarial_identity,0.125,0.0,,71,1
3024ad26066b10e3,cias_full,381_drone_matched_adversarial_identity,381,drone,matched_adversarial_identity,0.7916666666666666,0.0,0.0,23,1
3024ad26066b10e3,cias_full,381_ground_creature_matched_adversarial_identity,381,ground_creature,matched_adversarial_identity,0.125,0.0,,98,1
3024ad26066b10e3,cias_full,381_virtual_avatar_matched_adversarial_identity,381,virtual_avatar,matched_adversarial_identity,0.3055555555555556,0.0,,105,1
3024ad26066b10e3,cias_full,381_wheeled_robot_matched_adversarial_identity,381,wheeled_robot,matched_adversarial_identity,0.125,0.0,,68,1
3024ad26066b10e3,cias_full,382_drone_matched_adversarial_identity,382,drone,matched_adversarial_identity,0.2777777777777778,0.0,0.0,31,1
3024ad26066b10e3,cias_full,382_ground_creature_matched_adversarial_identity,382,ground_creature,matched_adversarial_identity,0.16666666666666666,0.0,,100,1
3024ad26066b10e3,cias_full,382_virtual_avatar_matched_adversarial_identity,382,virtual_avatar,matched_adversarial_identity,0.2916666666666667,0.0,,114,1
3024ad26066b10e3,cias_full,382_wheeled_robot_matched_adversarial_identity,382,wheeled_robot,matched_adversarial_identity,0.125,0.0,,71,1
3024ad26066b10e3,cias_full,383_drone_matched_adversarial_identity,383,drone,matched_adversarial_identity,0.9861111111111112,0.0,0.0,16,1
3024ad26066b10e3,cias_full,383_ground_creature_matched_adversarial_identity,383,ground_creature,matched_adversarial_identity,0.16666666666666666,0.0,,90,1
3024ad26066b10e3,cias_full,383_virtual_avatar_matched_adversarial_identity,383,virtual_avatar,matched_adversarial_identity,0.2777777777777778,0.0,,100,1
3024ad26066b10e3,cias_full,383_wheeled_robot_matched_adversarial_identity,383,wheeled_robot,matched_adversarial_identity,0.1388888888888889,0.0,,69,1
3024ad26066b10e3,cias_full,384_drone_matched_adversarial_identity,384,drone,matched_adversarial_identity,0.20833333333333334,0.0,0.0,34,1
3024ad26066b10e3,cias_full,384_ground_creature_matched_adversarial_identity,384,ground_creature,matched_adversarial_identity,0.16666666666666666,0.0,,98,1
3024ad26066b10e3,cias_full,384_virtual_avatar_matched_adversarial_identity,384,virtual_avatar,matched_adversarial_identity,0.2638888888888889,0.0,,115,1
3024ad26066b10e3,cias_full,384_wheeled_robot_matched_adversarial_identity,384,wheeled_robot,matched_adversarial_identity,0.125,0.0,,64,1
3024ad26066b10e3,cias_full,385_drone_matched_adversarial_identity,385,drone,matched_adversarial_identity,0.3055555555555556,0.0,0.0,28,1
3024ad26066b10e3,cias_full,385_ground_creature_matched_adversarial_identity,385,ground_creature,matched_adversarial_identity,0.18055555555555555,0.0,,89,1
3024ad26066b10e3,cias_full,385_virtual_avatar_matched_adversarial_identity,385,virtual_avatar,matched_adversarial_identity,0.3055555555555556,0.0,,111,1
3024ad26066b10e3,cias_full,385_wheeled_robot_matched_adversarial_identity,385,wheeled_robot,matched_adversarial_identity,0.125,0.0,,64,1
3024ad26066b10e3,cias_full,386_drone_matched_adversarial_identity,386,drone,matched_adversarial_identity,0.19444444444444445,0.0,0.0,43,1
3024ad26066b10e3,cias_full,386_ground_creature_matched_adversarial_identity,386,ground_creature,matched_adversarial_identity,0.1388888888888889,0.0,,96,1
3024ad26066b10e3,cias_full,386_virtual_avatar_matched_adversarial_identity,386,virtual_avatar,matched_adversarial_identity,0.3194444444444444,0.0,,104,1
3024ad26066b10e3,cias_full,386_wheeled_robot_matched_adversarial_identity,386,wheeled_robot,matched_adversarial_identity,0.125,0.0,,68,1
3024ad26066b10e3,cias_full,387_drone_matched_adversarial_identity,387,drone,matched_adversarial_identity,0.2916666666666667,0.0,0.0,36,1
3024ad26066b10e3,cias_full,387_ground_creature_matched_adversarial_identity,387,ground_creature,matched_adversarial_identity,0.1527777777777778,0.0,,91,1
3024ad26066b10e3,cias_full,387_virtual_avatar_matched_adversarial_identity,387,virtual_avatar,matched_adversarial_identity,0.3194444444444444,0.0,,107,1
3024ad26066b10e3,cias_full,387_wheeled_robot_matched_adversarial_identity,387,wheeled_robot,matched_adversarial_identity,0.125,0.0,,71,1
3024ad26066b10e3,cias_full,388_drone_matched_adversarial_identity,388,drone,matched_adversarial_identity,0.375,0.0,0.0,35,1
3024ad26066b10e3,cias_full,388_ground_creature_matched_adversarial_identity,388,ground_creature,matched_adversarial_identity,0.1388888888888889,0.0,,97,1
3024ad26066b10e3,cias_full,388_virtual_avatar_matched_adversarial_identity,388,virtual_avatar,matched_adversarial_identity,0.3055555555555556,0.0,,110,1
3024ad26066b10e3,cias_full,388_wheeled_robot_matched_adversarial_identity,388,wheeled_robot,matched_adversarial_identity,0.125,0.0,,67,1
3024ad26066b10e3,cias_full,389_drone_matched_adversarial_identity,389,drone,matched_adversarial_identity,0.19444444444444445,0.0,0.0,44,1
3024ad26066b10e3,cias_full,389_ground_creature_matched_adversarial_identity,389,ground_creature,matched_adversarial_identity,0.16666666666666666,0.0,,93,1
3024ad26066b10e3,cias_full,389_virtual_avatar_matched_adversarial_identity,389,virtual_avatar,matched_adversarial_identity,0.2777777777777778,0.0,,110,1
3024ad26066b10e3,cias_full,389_wheeled_robot_matched_adversarial_identity,389,wheeled_robot,matched_adversarial_identity,0.125,0.0,,68,1
3024ad26066b10e3,cias_full,390_drone_matched_adversarial_identity,390,drone,matched_adversarial_identity,0.19444444444444445,0.0,0.0,28,1
3024ad26066b10e3,cias_full,390_ground_creature_matched_adversarial_identity,390,ground_creature,matched_adversarial_identity,0.16666666666666666,0.0,,87,1
3024ad26066b10e3,cias_full,390_virtual_avatar_matched_adversarial_identity,390,virtual_avatar,matched_adversarial_identity,0.3194444444444444,0.0,,112,1
3024ad26066b10e3,cias_full,390_wheeled_robot_matched_adversarial_identity,390,wheeled_robot,matched_adversarial_identity,0.125,0.0,,65,1
3024ad26066b10e3,cias_no_persistent_self,361_drone_matched_adversarial_identity,361,drone,matched_adversarial_identity,0.0,0.6666666666666666,,4,0
3024ad26066b10e3,cias_no_persistent_self,361_ground_creature_matched_adversarial_identity,361,ground_creature,matched_adversarial_identity,0.0,0.6666666666666666,,4,0
3024ad26066b10e3,cias_no_persistent_self,361_virtual_avatar_matched_adversarial_identity,361,virtual_avatar,matched_adversarial_identity,1.0,0.0,0.0,3,1
3024ad26066b10e3,cias_no_persistent_self,361_wheeled_robot_matched_adversarial_identity,361,wheeled_robot,matched_adversarial_identity,0.0,0.6666666666666666,,4,0
3024ad26066b10e3,cias_no_persistent_self,362_drone_matched_adversarial_identity,362,drone,matched_adversarial_identity,0.0,0.6666666666666666,,4,0
3024ad26066b10e3,cias_no_persistent_self,362_ground_creature_matched_adversarial_identity,362,ground_creature,matched_adversarial_identity,0.0,0.6666666666666666,,4,0
3024ad26066b10e3,cias_no_persistent_self,362_virtual_avatar_matched_adversarial_identity,362,virtual_avatar,matched_adversarial_identity,1.0,0.0,0.0,3,1
3024ad26066b10e3,cias_no_persistent_self,362_wheeled_robot_matched_adversarial_identity,362,wheeled_robot,matched_adversarial_identity,0.0,0.6666666666666666,,4,0
3024ad26066b10e3,cias_no_persistent_self,363_drone_matched_adversarial_identity,363,drone,matched_adversarial_identity,0.0,0.6666666666666666,,4,0
3024ad26066b10e3,cias_no_persistent_self,363_ground_creature_matched_adversarial_identity,363,ground_creature,matched_adversarial_identity,0.0,0.6666666666666666,,4,0
3024ad26066b10e3,cias_no_persistent_self,363_virtual_avatar_matched_adversarial_identity,363,virtual_avatar,matched_adversarial_identity,1.0,0.0,0.0,3,1
3024ad26066b10e3,cias_no_persistent_self,363_wheeled_robot_matched_adversarial_identity,363,wheeled_robot,matched_adversarial_identity,0.0,0.6666666666666666,,4,0
3024ad26066b10e3,cias_no_persistent_self,364_drone_matched_adversarial_identity,364,drone,matched_adversarial_identity,0.0,0.6666666666666666,,4,0
3024ad26066b10e3,cias_no_persistent_self,364_ground_creature_matched_adversarial_identity,364,ground_creature,matched_adversarial_identity,1.0,0.0,0.0,3,1
3024ad26066b10e3,cias_no_persistent_self,364_virtual_avatar_matched_adversarial_identity,364,virtual_avatar,matched_adversarial_identity,1.0,0.0,0.0,3,1
3024ad26066b10e3,cias_no_persistent_self,364_wheeled_robot_matched_adversarial_identity,364,wheeled_robot,matched_adversarial_identity,0.0,0.6666666666666666,,4,0
3024ad26066b10e3,cias_no_persistent_self,365_drone_matched_adversarial_identity,365,drone,matched_adversarial_identity,0.0,0.6666666666666666,,4,0
3024ad26066b10e3,cias_no_persistent_self,365_ground_creature_matched_adversarial_identity,365,ground_creature,matched_adversarial_identity,1.0,0.0,0.0,3,1
3024ad26066b10e3,cias_no_persistent_self,365_virtual_avatar_matched_adversarial_identity,365,virtual_avatar,matched_adversarial_identity,1.0,0.0,0.0,3,1
3024ad26066b10e3,cias_no_persistent_self,365_wheeled_robot_matched_adversarial_identity,365,wheeled_robot,matched_adversarial_identity,1.0,0.0,0.0,3,1
3024ad26066b10e3,cias_no_persistent_self,366_drone_matched_adversarial_identity,366,drone,matched_adversarial_identity,1.0,0.0,0.0,3,1
3024ad26066b10e3,cias_no_persistent_self,366_ground_creature_matched_adversarial_identity,366,ground_creature,matched_adversarial_identity,1.0,0.0,0.0,3,1
3024ad26066b10e3,cias_no_persistent_self,366_virtual_avatar_matched_adversarial_identity,366,virtual_avatar,matched_adversarial_identity,1.0,0.0,0.0,3,1
3024ad26066b10e3,cias_no_persistent_self,366_wheeled_robot_matched_adversarial_identity,366,wheeled_robot,matched_adversarial_identity,1.0,0.0,0.0,3,1
3024ad26066b10e3,cias_no_persistent_self,367_drone_matched_adversarial_identity,367,drone,matched_adversarial_identity,0.0,0.6666666666666666,,4,0
3024ad26066b10e3,cias_no_persistent_self,367_ground_creature_matched_adversarial_identity,367,ground_creature,matched_adversarial_identity,1.0,0.0,0.0,3,1
3024ad26066b10e3,cias_no_persistent_self,367_virtual_avatar_matched_adversarial_identity,367,virtual_avatar,matched_adversarial_identity,1.0,0.0,0.0,3,1
3024ad26066b10e3,cias_no_persistent_self,367_wheeled_robot_matched_adversarial_identity,367,wheeled_robot,matched_adversarial_identity,0.0,0.6666666666666666,,4,0
3024ad26066b10e3,cias_no_persistent_self,368_drone_matched_adversarial_identity,368,drone,matched_adversarial_identity,0.0,0.6666666666666666,,4,0
3024ad26066b10e3,cias_no_persistent_self,368_ground_creature_matched_adversarial_identity,368,ground_creature,matched_adversarial_identity,1.0,0.0,0.0,3,1
3024ad26066b10e3,cias_no_persistent_self,368_virtual_avatar_matched_adversarial_identity,368,virtual_avatar,matched_adversarial_identity,1.0,0.0,0.0,3,1
3024ad26066b10e3,cias_no_persistent_self,368_wheeled_robot_matched_adversarial_identity,368,wheeled_robot,matched_adversarial_identity,1.0,0.0,0.0,3,1
3024ad26066b10e3,cias_no_persistent_self,369_drone_matched_adversarial_identity,369,drone,matched_adversarial_identity,0.0,0.6666666666666666,,4,0
3024ad26066b10e3,cias_no_persistent_self,369_ground_creature_matched_adversarial_identity,369,ground_creature,matched_adversarial_identity,1.0,0.0,0.0,3,1
3024ad26066b10e3,cias_no_persistent_self,369_virtual_avatar_matched_adversarial_identity,369,virtual_avatar,matched_adversarial_identity,1.0,0.0,0.0,3,1
3024ad26066b10e3,cias_no_persistent_self,369_wheeled_robot_matched_adversarial_identity,369,wheeled_robot,matched_adversarial_identity,0.0,0.6666666666666666,,4,0
3024ad26066b10e3,cias_no_persistent_self,370_drone_matched_adversarial_identity,370,drone,matched_adversarial_identity,0.0,0.6666666666666666,,4,0
3024ad26066b10e3,cias_no_persistent_self,370_ground_creature_matched_adversarial_identity,370,ground_creature,matched_adversarial_identity,1.0,0.0,0.0,3,1
3024ad26066b10e3,cias_no_persistent_self,370_virtual_avatar_matched_adversarial_identity,370,virtual_avatar,matched_adversarial_identity,1.0,0.0,0.0,3,1
3024ad26066b10e3,cias_no_persistent_self,370_wheeled_robot_matched_adversarial_identity,370,wheeled_robot,matched_adversarial_identity,1.0,0.0,0.0,3,1
3024ad26066b10e3,cias_no_persistent_self,371_drone_matched_adversarial_identity,371,drone,matched_adversarial_identity,0.0,0.6666666666666666,,4,0
3024ad26066b10e3,cias_no_persistent_self,371_ground_creature_matched_adversarial_identity,371,ground_creature,matched_adversarial_identity,1.0,0.0,0.0,3,1
3024ad26066b10e3,cias_no_persistent_self,371_virtual_avatar_matched_adversarial_identity,371,virtual_avatar,matched_adversarial_identity,1.0,0.0,0.0,3,1
3024ad26066b10e3,cias_no_persistent_self,371_wheeled_robot_matched_adversarial_identity,371,wheeled_robot,matched_adversarial_identity,1.0,0.0,0.0,3,1
3024ad26066b10e3,cias_no_persistent_self,372_drone_matched_adversarial_identity,372,drone,matched_adversarial_identity,0.0,0.6666666666666666,,4,0
3024ad26066b10e3,cias_no_persistent_self,372_ground_creature_matched_adversarial_identity,372,ground_creature,matched_adversarial_identity,1.0,0.0,0.0,3,1
3024ad26066b10e3,cias_no_persistent_self,372_virtual_avatar_matched_adversarial_identity,372,virtual_avatar,matched_adversarial_identity,1.0,0.0,0.0,3,1
3024ad26066b10e3,cias_no_persistent_self,372_wheeled_robot_matched_adversarial_identity,372,wheeled_robot,matched_adversarial_identity,1.0,0.0,0.0,3,1
3024ad26066b10e3,cias_no_persistent_self,373_drone_matched_adversarial_identity,373,drone,matched_adversarial_identity,0.0,0.6666666666666666,,4,0
3024ad26066b10e3,cias_no_persistent_self,373_ground_creature_matched_adversarial_identity,373,ground_creature,matched_adversarial_identity,1.0,0.0,0.0,3,1
3024ad26066b10e3,cias_no_persistent_self,373_virtual_avatar_matched_adversarial_identity,373,virtual_avatar,matched_adversarial_identity,1.0,0.0,0.0,3,1
3024ad26066b10e3,cias_no_persistent_self,373_wheeled_robot_matched_adversarial_identity,373,wheeled_robot,matched_adversarial_identity,0.0,0.6666666666666666,,4,0
3024ad26066b10e3,cias_no_persistent_self,374_drone_matched_adversarial_identity,374,drone,matched_adversarial_identity,0.0,0.6666666666666666,,4,0
3024ad26066b10e3,cias_no_persistent_self,374_ground_creature_matched_adversarial_identity,374,ground_creature,matched_adversarial_identity,1.0,0.0,0.0,3,1
3024ad26066b10e3,cias_no_persistent_self,374_virtual_avatar_matched_adversarial_identity,374,virtual_avatar,matched_adversarial_identity,1.0,0.0,0.0,3,1
3024ad26066b10e3,cias_no_persistent_self,374_wheeled_robot_matched_adversarial_identity,374,wheeled_robot,matched_adversarial_identity,0.0,0.6666666666666666,,4,0
3024ad26066b10e3,cias_no_persistent_self,375_drone_matched_adversarial_identity,375,drone,matched_adversarial_identity,0.0,0.6666666666666666,,4,0
3024ad26066b10e3,cias_no_persistent_self,375_ground_creature_matched_adversarial_identity,375,ground_creature,matched_adversarial_identity,1.0,0.0,0.0,3,1
3024ad26066b10e3,cias_no_persistent_self,375_virtual_avatar_matched_adversarial_identity,375,virtual_avatar,matched_adversarial_identity,1.0,0.0,0.0,3,1
3024ad26066b10e3,cias_no_persistent_self,375_wheeled_robot_matched_adversarial_identity,375,wheeled_robot,matched_adversarial_identity,0.0,0.6666666666666666,,4,0
3024ad26066b10e3,cias_no_persistent_self,376_drone_matched_adversarial_identity,376,drone,matched_adversarial_identity,0.0,0.6666666666666666,,4,0
3024ad26066b10e3,cias_no_persistent_self,376_ground_creature_matched_adversarial_identity,376,ground_creature,matched_adversarial_identity,0.0,0.6666666666666666,,4,0
3024ad26066b10e3,cias_no_persistent_self,376_virtual_avatar_matched_adversarial_identity,376,virtual_avatar,matched_adversarial_identity,1.0,0.0,0.0,3,1
3024ad26066b10e3,cias_no_persistent_self,376_wheeled_robot_matched_adversarial_identity,376,wheeled_robot,matched_adversarial_identity,0.0,0.6666666666666666,,4,0
3024ad26066b10e3,cias_no_persistent_self,377_drone_matched_adversarial_identity,377,drone,matched_adversarial_identity,0.0,0.6666666666666666,,4,0
3024ad26066b10e3,cias_no_persistent_self,377_ground_creature_matched_adversarial_identity,377,ground_creature,matched_adversarial_identity,0.0,0.6666666666666666,,4,0
3024ad26066b10e3,cias_no_persistent_self,377_virtual_avatar_matched_adversarial_identity,377,virtual_avatar,matched_adversarial_identity,0.0,0.6666666666666666,,4,0
3024ad26066b10e3,cias_no_persistent_self,377_wheeled_robot_matched_adversarial_identity,377,wheeled_robot,matched_adversarial_identity,0.0,0.6666666666666666,,4,0
3024ad26066b10e3,cias_no_persistent_self,378_drone_matched_adversarial_identity,378,drone,matched_adversarial_identity,0.0,0.6666666666666666,,4,0
3024ad26066b10e3,cias_no_persistent_self,378_ground_creature_matched_adversarial_identity,378,ground_creature,matched_adversarial_identity,0.0,0.6666666666666666,,4,0
3024ad26066b10e3,cias_no_persistent_self,378_virtual_avatar_matched_adversarial_identity,378,virtual_avatar,matched_adversarial_identity,0.0,0.6666666666666666,,4,0
3024ad26066b10e3,cias_no_persistent_self,378_wheeled_robot_matched_adversarial_identity,378,wheeled_robot,matched_adversarial_identity,0.0,0.6666666666666666,,4,0
3024ad26066b10e3,cias_no_persistent_self,379_drone_matched_adversarial_identity,379,drone,matched_adversarial_identity,0.0,0.6666666666666666,,4,0
3024ad26066b10e3,cias_no_persistent_self,379_ground_creature_matched_adversarial_identity,379,ground_creature,matched_adversarial_identity,0.0,0.6666666666666666,,4,0
3024ad26066b10e3,cias_no_persistent_self,379_virtual_avatar_matched_adversarial_identity,379,virtual_avatar,matched_adversarial_identity,0.0,0.6666666666666666,,4,0
3024ad26066b10e3,cias_no_persistent_self,379_wheeled_robot_matched_adversarial_identity,379,wheeled_robot,matched_adversarial_identity,0.0,0.6666666666666666,,4,0
3024ad26066b10e3,cias_no_persistent_self,380_drone_matched_adversarial_identity,380,drone,matched_adversarial_identity,0.0,0.6666666666666666,,4,0
3024ad26066b10e3,cias_no_persistent_self,380_ground_creature_matched_adversarial_identity,380,ground_creature,matched_adversarial_identity,0.0,0.6666666666666666,,4,0
3024ad26066b10e3,cias_no_persistent_self,380_virtual_avatar_matched_adversarial_identity,380,virtual_avatar,matched_adversarial_identity,1.0,0.0,0.0,3,1
3024ad26066b10e3,cias_no_persistent_self,380_wheeled_robot_matched_adversarial_identity,380,wheeled_robot,matched_adversarial_identity,0.0,0.6666666666666666,,4,0
3024ad26066b10e3,cias_no_persistent_self,381_drone_matched_adversarial_identity,381,drone,matched_adversarial_identity,0.0,0.6666666666666666,,4,0
3024ad26066b10e3,cias_no_persistent_self,381_ground_creature_matched_adversarial_identity,381,ground_creature,matched_adversarial_identity,0.0,0.6666666666666666,,4,0
3024ad26066b10e3,cias_no_persistent_self,381_virtual_avatar_matched_adversarial_identity,381,virtual_avatar,matched_adversarial_identity,1.0,0.0,0.0,3,1
3024ad26066b10e3,cias_no_persistent_self,381_wheeled_robot_matched_adversarial_identity,381,wheeled_robot,matched_adversarial_identity,0.0,0.6666666666666666,,4,0
3024ad26066b10e3,cias_no_persistent_self,382_drone_matched_adversarial_identity,382,drone,matched_adversarial_identity,0.0,0.6666666666666666,,4,0
3024ad26066b10e3,cias_no_persistent_self,382_ground_creature_matched_adversarial_identity,382,ground_creature,matched_adversarial_identity,0.0,0.6666666666666666,,4,0
3024ad26066b10e3,cias_no_persistent_self,382_virtual_avatar_matched_adversarial_identity,382,virtual_avatar,matched_adversarial_identity,1.0,0.0,0.0,3,1
3024ad26066b10e3,cias_no_persistent_self,382_wheeled_robot_matched_adversarial_identity,382,wheeled_robot,matched_adversarial_identity,0.0,0.6666666666666666,,4,0
3024ad26066b10e3,cias_no_persistent_self,383_drone_matched_adversarial_identity,383,drone,matched_adversarial_identity,0.0,0.6666666666666666,,4,0
3024ad26066b10e3,cias_no_persistent_self,383_ground_creature_matched_adversarial_identity,383,ground_creature,matched_adversarial_identity,1.0,0.0,0.0,3,1
3024ad26066b10e3,cias_no_persistent_self,383_virtual_avatar_matched_adversarial_identity,383,virtual_avatar,matched_adversarial_identity,1.0,0.0,0.0,3,1
3024ad26066b10e3,cias_no_persistent_self,383_wheeled_robot_matched_adversarial_identity,383,wheeled_robot,matched_adversarial_identity,0.0,0.6666666666666666,,4,0
3024ad26066b10e3,cias_no_persistent_self,384_drone_matched_adversarial_identity,384,drone,matched_adversarial_identity,0.0,0.6666666666666666,,4,0
3024ad26066b10e3,cias_no_persistent_self,384_ground_creature_matched_adversarial_identity,384,ground_creature,matched_adversarial_identity,1.0,0.0,0.0,3,1
3024ad26066b10e3,cias_no_persistent_self,384_virtual_avatar_matched_adversarial_identity,384,virtual_avatar,matched_adversarial_identity,1.0,0.0,0.0,3,1
3024ad26066b10e3,cias_no_persistent_self,384_wheeled_robot_matched_adversarial_identity,384,wheeled_robot,matched_adversarial_identity,0.0,0.6666666666666666,,4,0
3024ad26066b10e3,cias_no_persistent_self,385_drone_matched_adversarial_identity,385,drone,matched_adversarial_identity,0.0,0.6666666666666666,,4,0
3024ad26066b10e3,cias_no_persistent_self,385_ground_creature_matched_adversarial_identity,385,ground_creature,matched_adversarial_identity,1.0,0.0,0.0,3,1
3024ad26066b10e3,cias_no_persistent_self,385_virtual_avatar_matched_adversarial_identity,385,virtual_avatar,matched_adversarial_identity,1.0,0.0,0.0,3,1
3024ad26066b10e3,cias_no_persistent_self,385_wheeled_robot_matched_adversarial_identity,385,wheeled_robot,matched_adversarial_identity,1.0,0.0,0.0,3,1
3024ad26066b10e3,cias_no_persistent_self,386_drone_matched_adversarial_identity,386,drone,matched_adversarial_identity,0.0,0.6666666666666666,,4,0
3024ad26066b10e3,cias_no_persistent_self,386_ground_creature_matched_adversarial_identity,386,ground_creature,matched_adversarial_identity,1.0,0.0,0.0,3,1
3024ad26066b10e3,cias_no_persistent_self,386_virtual_avatar_matched_adversarial_identity,386,virtual_avatar,matched_adversarial_identity,1.0,0.0,0.0,3,1
3024ad26066b10e3,cias_no_persistent_self,386_wheeled_robot_matched_adversarial_identity,386,wheeled_robot,matched_adversarial_identity,0.0,0.6666666666666666,,4,0
3024ad26066b10e3,cias_no_persistent_self,387_drone_matched_adversarial_identity,387,drone,matched_adversarial_identity,0.0,0.6666666666666666,,4,0
3024ad26066b10e3,cias_no_persistent_self,387_ground_creature_matched_adversarial_identity,387,ground_creature,matched_adversarial_identity,1.0,0.0,0.0,3,1
3024ad26066b10e3,cias_no_persistent_self,387_virtual_avatar_matched_adversarial_identity,387,virtual_avatar,matched_adversarial_identity,1.0,0.0,0.0,3,1
3024ad26066b10e3,cias_no_persistent_self,387_wheeled_robot_matched_adversarial_identity,387,wheeled_robot,matched_adversarial_identity,1.0,0.0,0.0,3,1
3024ad26066b10e3,cias_no_persistent_self,388_drone_matched_adversarial_identity,388,drone,matched_adversarial_identity,1.0,0.0,0.0,3,1
3024ad26066b10e3,cias_no_persistent_self,388_ground_creature_matched_adversarial_identity,388,ground_creature,matched_adversarial_identity,1.0,0.0,0.0,3,1
3024ad26066b10e3,cias_no_persistent_self,388_virtual_avatar_matched_adversarial_identity,388,virtual_avatar,matched_adversarial_identity,1.0,0.0,0.0,3,1
3024ad26066b10e3,cias_no_persistent_self,388_wheeled_robot_matched_adversarial_identity,388,wheeled_robot,matched_adversarial_identity,1.0,0.0,0.0,3,1
3024ad26066b10e3,cias_no_persistent_self,389_drone_matched_adversarial_identity,389,drone,matched_adversarial_identity,0.0,0.6666666666666666,,4,0
3024ad26066b10e3,cias_no_persistent_self,389_ground_creature_matched_adversarial_identity,389,ground_creature,matched_adversarial_identity,1.0,0.0,0.0,3,1
3024ad26066b10e3,cias_no_persistent_self,389_virtual_avatar_matched_adversarial_identity,389,virtual_avatar,matched_adversarial_identity,1.0,0.0,0.0,3,1
3024ad26066b10e3,cias_no_persistent_self,389_wheeled_robot_matched_adversarial_identity,389,wheeled_robot,matched_adversarial_identity,1.0,0.0,0.0,3,1
3024ad26066b10e3,cias_no_persistent_self,390_drone_matched_adversarial_identity,390,drone,matched_adversarial_identity,0.0,0.6666666666666666,,4,0
3024ad26066b10e3,cias_no_persistent_self,390_ground_creature_matched_adversarial_identity,390,ground_creature,matched_adversarial_identity,1.0,0.0,0.0,3,1
3024ad26066b10e3,cias_no_persistent_self,390_virtual_avatar_matched_adversarial_identity,390,virtual_avatar,matched_adversarial_identity,1.0,0.0,0.0,3,1
3024ad26066b10e3,cias_no_persistent_self,390_wheeled_robot_matched_adversarial_identity,390,wheeled_robot,matched_adversarial_identity,0.0,0.6666666666666666,,4,0
32e352ff48345d00,cias_full,361_drone_matched_adversarial_identity,361,drone,matched_adversarial_identity,0.9305555555555556,0.06944444444444445,0.5,8,1
32e352ff48345d00,cias_full,361_ground_creature_matched_adversarial_identity,361,ground_creature,matched_adversarial_identity,1.0,0.0,0.0,4,1
32e352ff48345d00,cias_full,361_virtual_avatar_matched_adversarial_identity,361,virtual_avatar,matched_adversarial_identity,1.0,0.0,0.0,4,1
32e352ff48345d00,cias_full,361_wheeled_robot_matched_adversarial_identity,361,wheeled_robot,matched_adversarial_identity,1.0,0.0,0.0,4,1
32e352ff48345d00,cias_full,362_drone_matched_adversarial_identity,362,drone,matched_adversarial_identity,0.9027777777777778,0.09722222222222222,0.7000000000000001,14,1
32e352ff48345d00,cias_full,362_ground_creature_matched_adversarial_identity,362,ground_creature,matched_adversarial_identity,1.0,0.0,0.0,4,1
32e352ff48345d00,cias_full,362_virtual_avatar_matched_adversarial_identity,362,virtual_avatar,matched_adversarial_identity,1.0,0.0,0.0,4,1
32e352ff48345d00,cias_full,362_wheeled_robot_matched_adversarial_identity,362,wheeled_robot,matched_adversarial_identity,1.0,0.0,0.0,4,1
32e352ff48345d00,cias_full,363_drone_matched_adversarial_identity,363,drone,matched_adversarial_identity,0.625,0.09722222222222222,0.7000000000000001,20,1
32e352ff48345d00,cias_full,363_ground_creature_matched_adversarial_identity,363,ground_creature,matched_adversarial_identity,1.0,0.0,0.0,4,1
32e352ff48345d00,cias_full,363_virtual_avatar_matched_adversarial_identity,363,virtual_avatar,matched_adversarial_identity,1.0,0.0,0.0,4,1
32e352ff48345d00,cias_full,363_wheeled_robot_matched_adversarial_identity,363,wheeled_robot,matched_adversarial_identity,0.9305555555555556,0.06944444444444445,0.5,6,1
32e352ff48345d00,cias_full,364_drone_matched_adversarial_identity,364,drone,matched_adversarial_identity,0.9027777777777778,0.09722222222222222,0.7000000000000001,14,1
32e352ff48345d00,cias_full,364_ground_creature_matched_adversarial_identity,364,ground_creature,matched_adversarial_identity,1.0,0.0,0.0,4,1
32e352ff48345d00,cias_full,364_virtual_avatar_matched_adversarial_identity,364,virtual_avatar,matched_adversarial_identity,1.0,0.0,0.0,2,1
32e352ff48345d00,cias_full,364_wheeled_robot_matched_adversarial_identity,364,wheeled_robot,matched_adversarial_identity,1.0,0.0,0.0,4,1
32e352ff48345d00,cias_full,365_drone_matched_adversarial_identity,365,drone,matched_adversarial_identity,0.4166666666666667,0.2916666666666667,2.3000000000000003,20,1
32e352ff48345d00,cias_full,365_ground_creature_matched_adversarial_identity,365,ground_creature,matched_adversarial_identity,1.0,0.0,0.0,4,1
32e352ff48345d00,cias_full,365_virtual_avatar_matched_adversarial_identity,365,virtual_avatar,matched_adversarial_identity,1.0,0.0,0.0,4,1
32e352ff48345d00,cias_full,365_wheeled_robot_matched_adversarial_identity,365,wheeled_robot,matched_adversarial_identity,1.0,0.0,0.0,4,1
32e352ff48345d00,cias_full,366_drone_matched_adversarial_identity,366,drone,matched_adversarial_identity,0.6666666666666666,0.08333333333333333,0.6000000000000001,18,1
32e352ff48345d00,cias_full,366_ground_creature_matched_adversarial_identity,366,ground_creature,matched_adversarial_identity,1.0,0.0,0.0,4,1
32e352ff48345d00,cias_full,366_virtual_avatar_matched_adversarial_identity,366,virtual_avatar,matched_adversarial_identity,1.0,0.0,0.0,4,1
32e352ff48345d00,cias_full,366_wheeled_robot_matched_adversarial_identity,366,wheeled_robot,matched_adversarial_identity,0.9305555555555556,0.06944444444444445,0.5,8,1
32e352ff48345d00,cias_full,367_drone_matched_adversarial_identity,367,drone,matched_adversarial_identity,0.6111111111111112,0.09722222222222222,0.7000000000000001,18,1
32e352ff48345d00,cias_full,367_ground_creature_matched_adversarial_identity,367,ground_creature,matched_adversarial_identity,1.0,0.0,0.0,4,1
32e352ff48345d00,cias_full,367_virtual_avatar_matched_adversarial_identity,367,virtual_avatar,matched_adversarial_identity,1.0,0.0,0.0,4,1
32e352ff48345d00,cias_full,367_wheeled_robot_matched_adversarial_identity,367,wheeled_robot,matched_adversarial_identity,1.0,0.0,0.0,4,1
32e352ff48345d00,cias_full,368_drone_matched_adversarial_identity,368,drone,matched_adversarial_identity,0.9027777777777778,0.09722222222222222,0.7000000000000001,14,1
32e352ff48345d00,cias_full,368_ground_creature_matched_adversarial_identity,368,ground_creature,matched_adversarial_identity,1.0,0.0,0.0,4,1
32e352ff48345d00,cias_full,368_virtual_avatar_matched_adversarial_identity,368,virtual_avatar,matched_adversarial_identity,1.0,0.0,0.0,4,1
32e352ff48345d00,cias_full,368_wheeled_robot_matched_adversarial_identity,368,wheeled_robot,matched_adversarial_identity,0.9166666666666666,0.08333333333333333,0.6000000000000001,10,1
32e352ff48345d00,cias_full,369_drone_matched_adversarial_identity,369,drone,matched_adversarial_identity,0.625,0.09722222222222222,0.7000000000000001,20,1
32e352ff48345d00,cias_full,369_ground_creature_matched_adversarial_identity,369,ground_creature,matched_adversarial_identity,1.0,0.0,0.0,2,1
32e352ff48345d00,cias_full,369_virtual_avatar_matched_adversarial_identity,369,virtual_avatar,matched_adversarial_identity,1.0,0.0,0.0,4,1
32e352ff48345d00,cias_full,369_wheeled_robot_matched_adversarial_identity,369,wheeled_robot,matched_adversarial_identity,1.0,0.0,0.0,4,1
32e352ff48345d00,cias_full,370_drone_matched_adversarial_identity,370,drone,matched_adversarial_identity,0.6388888888888888,0.09722222222222222,0.7000000000000001,22,1
32e352ff48345d00,cias_full,370_ground_creature_matched_adversarial_identity,370,ground_creature,matched_adversarial_identity,1.0,0.0,0.0,4,1
32e352ff48345d00,cias_full,370_virtual_avatar_matched_adversarial_identity,370,virtual_avatar,matched_adversarial_identity,1.0,0.0,0.0,4,1
32e352ff48345d00,cias_full,370_wheeled_robot_matched_adversarial_identity,370,wheeled_robot,matched_adversarial_identity,1.0,0.0,0.0,4,1
32e352ff48345d00,cias_full,371_drone_matched_adversarial_identity,371,drone,matched_adversarial_identity,0.7222222222222222,0.0,0.0,12,1
32e352ff48345d00,cias_full,371_ground_creature_matched_adversarial_identity,371,ground_creature,matched_adversarial_identity,1.0,0.0,0.0,2,1
32e352ff48345d00,cias_full,371_virtual_avatar_matched_adversarial_identity,371,virtual_avatar,matched_adversarial_identity,1.0,0.0,0.0,4,1
32e352ff48345d00,cias_full,371_wheeled_robot_matched_adversarial_identity,371,wheeled_robot,matched_adversarial_identity,0.9444444444444444,0.05555555555555555,0.4,8,1
32e352ff48345d00,cias_full,372_drone_matched_adversarial_identity,372,drone,matched_adversarial_identity,1.0,0.0,0.0,10,1
32e352ff48345d00,cias_full,372_ground_creature_matched_adversarial_identity,372,ground_creature,matched_adversarial_identity,1.0,0.0,0.0,4,1
32e352ff48345d00,cias_full,372_virtual_avatar_matched_adversarial_identity,372,virtual_avatar,matched_adversarial_identity,1.0,0.0,0.0,4,1
32e352ff48345d00,cias_full,372_wheeled_robot_matched_adversarial_identity,372,wheeled_robot,matched_adversarial_identity,1.0,0.0,0.0,4,1
32e352ff48345d00,cias_full,373_drone_matched_adversarial_identity,373,drone,matched_adversarial_identity,0.6666666666666666,0.06944444444444445,0.5,22,1
32e352ff48345d00,cias_full,373_ground_creature_matched_adversarial_identity,373,ground_creature,matched_adversarial_identity,1.0,0.0,0.0,4,1
32e352ff48345d00,cias_full,373_virtual_avatar_matched_adversarial_identity,373,virtual_avatar,matched_adversarial_identity,1.0,0.0,0.0,4,1
32e352ff48345d00,cias_full,373_wheeled_robot_matched_adversarial_identity,373,wheeled_robot,matched_adversarial_identity,1.0,0.0,0.0,4,1
32e352ff48345d00,cias_full,374_drone_matched_adversarial_identity,374,drone,matched_adversarial_identity,0.75,0.0,0.0,22,1
32e352ff48345d00,cias_full,374_ground_creature_matched_adversarial_identity,374,ground_creature,matched_adversarial_identity,1.0,0.0,0.0,4,1
32e352ff48345d00,cias_full,374_virtual_avatar_matched_adversarial_identity,374,virtual_avatar,matched_adversarial_identity,1.0,0.0,0.0,4,1
32e352ff48345d00,cias_full,374_wheeled_robot_matched_adversarial_identity,374,wheeled_robot,matched_adversarial_identity,0.9166666666666666,0.08333333333333333,0.6000000000000001,8,1
32e352ff48345d00,cias_full,375_drone_matched_adversarial_identity,375,drone,matched_adversarial_identity,0.5277777777777778,0.19444444444444445,1.5,16,1
32e352ff48345d00,cias_full,375_ground_creature_matched_adversarial_identity,375,ground_creature,matched_adversarial_identity,1.0,0.0,0.0,4,1
32e352ff48345d00,cias_full,375_virtual_avatar_matched_adversarial_identity,375,virtual_avatar,matched_adversarial_identity,1.0,0.0,0.0,4,1
32e352ff48345d00,cias_full,375_wheeled_robot_matched_adversarial_identity,375,wheeled_robot,matched_adversarial_identity,0.9305555555555556,0.06944444444444445,0.5,8,1
32e352ff48345d00,cias_full,376_drone_matched_adversarial_identity,376,drone,matched_adversarial_identity,0.6527777777777778,0.06944444444444445,0.5,18,1
32e352ff48345d00,cias_full,376_ground_creature_matched_adversarial_identity,376,ground_creature,matched_adversarial_identity,1.0,0.0,0.0,4,1
32e352ff48345d00,cias_full,376_virtual_avatar_matched_adversarial_identity,376,virtual_avatar,matched_adversarial_identity,1.0,0.0,0.0,4,1
32e352ff48345d00,cias_full,376_wheeled_robot_matched_adversarial_identity,376,wheeled_robot,matched_adversarial_identity,0.9305555555555556,0.06944444444444445,0.5,10,1
32e352ff48345d00,cias_full,377_drone_matched_adversarial_identity,377,drone,matched_adversarial_identity,0.6388888888888888,0.09722222222222222,0.7000000000000001,20,1
32e352ff48345d00,cias_full,377_ground_creature_matched_adversarial_identity,377,ground_creature,matched_adversarial_identity,1.0,0.0,0.0,4,1
32e352ff48345d00,cias_full,377_virtual_avatar_matched_adversarial_identity,377,virtual_avatar,matched_adversarial_identity,1.0,0.0,0.0,4,1
32e352ff48345d00,cias_full,377_wheeled_robot_matched_adversarial_identity,377,wheeled_robot,matched_adversarial_identity,1.0,0.0,0.0,4,1
32e352ff48345d00,cias_full,378_drone_matched_adversarial_identity,378,drone,matched_adversarial_identity,0.6388888888888888,0.09722222222222222,0.7000000000000001,14,1
32e352ff48345d00,cias_full,378_ground_creature_matched_adversarial_identity,378,ground_creature,matched_adversarial_identity,1.0,0.0,0.0,4,1
32e352ff48345d00,cias_full,378_virtual_avatar_matched_adversarial_identity,378,virtual_avatar,matched_adversarial_identity,1.0,0.0,0.0,4,1
32e352ff48345d00,cias_full,378_wheeled_robot_matched_adversarial_identity,378,wheeled_robot,matched_adversarial_identity,1.0,0.0,0.0,4,1
32e352ff48345d00,cias_full,379_drone_matched_adversarial_identity,379,drone,matched_adversarial_identity,1.0,0.0,0.0,22,1
32e352ff48345d00,cias_full,379_ground_creature_matched_adversarial_identity,379,ground_creature,matched_adversarial_identity,1.0,0.0,0.0,4,1
32e352ff48345d00,cias_full,379_virtual_avatar_matched_adversarial_identity,379,virtual_avatar,matched_adversarial_identity,1.0,0.0,0.0,4,1
32e352ff48345d00,cias_full,379_wheeled_robot_matched_adversarial_identity,379,wheeled_robot,matched_adversarial_identity,1.0,0.0,0.0,4,1
32e352ff48345d00,cias_full,380_drone_matched_adversarial_identity,380,drone,matched_adversarial_identity,0.6805555555555556,0.06944444444444445,0.5,14,1
32e352ff48345d00,cias_full,380_ground_creature_matched_adversarial_identity,380,ground_creature,matched_adversarial_identity,1.0,0.0,0.0,4,1
32e352ff48345d00,cias_full,380_virtual_avatar_matched_adversarial_identity,380,virtual_avatar,matched_adversarial_identity,1.0,0.0,0.0,4,1
32e352ff48345d00,cias_full,380_wheeled_robot_matched_adversarial_identity,380,wheeled_robot,matched_adversarial_identity,1.0,0.0,0.0,4,1
32e352ff48345d00,cias_full,381_drone_matched_adversarial_identity,381,drone,matched_adversarial_identity,1.0,0.0,0.0,10,1
32e352ff48345d00,cias_full,381_ground_creature_matched_adversarial_identity,381,ground_creature,matched_adversarial_identity,1.0,0.0,0.0,4,1
32e352ff48345d00,cias_full,381_virtual_avatar_matched_adversarial_identity,381,virtual_avatar,matched_adversarial_identity,1.0,0.0,0.0,4,1
32e352ff48345d00,cias_full,381_wheeled_robot_matched_adversarial_identity,381,wheeled_robot,matched_adversarial_identity,1.0,0.0,0.0,6,1
32e352ff48345d00,cias_full,382_drone_matched_adversarial_identity,382,drone,matched_adversarial_identity,1.0,0.0,0.0,16,1
32e352ff48345d00,cias_full,382_ground_creature_matched_adversarial_identity,382,ground_creature,matched_adversarial_identity,1.0,0.0,0.0,4,1
32e352ff48345d00,cias_full,382_virtual_avatar_matched_adversarial_identity,382,virtual_avatar,matched_adversarial_identity,1.0,0.0,0.0,4,1
32e352ff48345d00,cias_full,382_wheeled_robot_matched_adversarial_identity,382,wheeled_robot,matched_adversarial_identity,1.0,0.0,0.0,6,1
32e352ff48345d00,cias_full,383_drone_matched_adversarial_identity,383,drone,matched_adversarial_identity,0.9027777777777778,0.09722222222222222,0.7000000000000001,10,1
32e352ff48345d00,cias_full,383_ground_creature_matched_adversarial_identity,383,ground_creature,matched_adversarial_identity,1.0,0.0,0.0,4,1
32e352ff48345d00,cias_full,383_virtual_avatar_matched_adversarial_identity,383,virtual_avatar,matched_adversarial_identity,1.0,0.0,0.0,4,1
32e352ff48345d00,cias_full,383_wheeled_robot_matched_adversarial_identity,383,wheeled_robot,matched_adversarial_identity,1.0,0.0,0.0,4,1
32e352ff48345d00,cias_full,384_drone_matched_adversarial_identity,384,drone,matched_adversarial_identity,1.0,0.0,0.0,8,1
32e352ff48345d00,cias_full,384_ground_creature_matched_adversarial_identity,384,ground_creature,matched_adversarial_identity,1.0,0.0,0.0,4,1
32e352ff48345d00,cias_full,384_virtual_avatar_matched_adversarial_identity,384,virtual_avatar,matched_adversarial_identity,1.0,0.0,0.0,2,1
32e352ff48345d00,cias_full,384_wheeled_robot_matched_adversarial_identity,384,wheeled_robot,matched_adversarial_identity,1.0,0.0,0.0,4,1
32e352ff48345d00,cias_full,385_drone_matched_adversarial_identity,385,drone,matched_adversarial_identity,0.9027777777777778,0.09722222222222222,0.7000000000000001,10,1
32e352ff48345d00,cias_full,385_ground_creature_matched_adversarial_identity,385,ground_creature,matched_adversarial_identity,1.0,0.0,0.0,4,1
32e352ff48345d00,cias_full,385_virtual_avatar_matched_adversarial_identity,385,virtual_avatar,matched_adversarial_identity,1.0,0.0,0.0,4,1
32e352ff48345d00,cias_full,385_wheeled_robot_matched_adversarial_identity,385,wheeled_robot,matched_adversarial_identity,1.0,0.0,0.0,4,1
32e352ff48345d00,cias_full,386_drone_matched_adversarial_identity,386,drone,matched_adversarial_identity,0.9305555555555556,0.06944444444444445,0.5,14,1
32e352ff48345d00,cias_full,386_ground_creature_matched_adversarial_identity,386,ground_creature,matched_adversarial_identity,1.0,0.0,0.0,4,1
32e352ff48345d00,cias_full,386_virtual_avatar_matched_adversarial_identity,386,virtual_avatar,matched_adversarial_identity,1.0,0.0,0.0,4,1
32e352ff48345d00,cias_full,386_wheeled_robot_matched_adversarial_identity,386,wheeled_robot,matched_adversarial_identity,1.0,0.0,0.0,4,1
32e352ff48345d00,cias_full,387_drone_matched_adversarial_identity,387,drone,matched_adversarial_identity,1.0,0.0,0.0,14,1
32e352ff48345d00,cias_full,387_ground_creature_matched_adversarial_identity,387,ground_creature,matched_adversarial_identity,1.0,0.0,0.0,4,1
32e352ff48345d00,cias_full,387_virtual_avatar_matched_adversarial_identity,387,virtual_avatar,matched_adversarial_identity,1.0,0.0,0.0,4,1
32e352ff48345d00,cias_full,387_wheeled_robot_matched_adversarial_identity,387,wheeled_robot,matched_adversarial_identity,1.0,0.0,0.0,4,1
32e352ff48345d00,cias_full,388_drone_matched_adversarial_identity,388,drone,matched_adversarial_identity,0.75,0.0,0.0,22,1
32e352ff48345d00,cias_full,388_ground_creature_matched_adversarial_identity,388,ground_creature,matched_adversarial_identity,1.0,0.0,0.0,4,1
32e352ff48345d00,cias_full,388_virtual_avatar_matched_adversarial_identity,388,virtual_avatar,matched_adversarial_identity,1.0,0.0,0.0,4,1
32e352ff48345d00,cias_full,388_wheeled_robot_matched_adversarial_identity,388,wheeled_robot,matched_adversarial_identity,1.0,0.0,0.0,4,1
32e352ff48345d00,cias_full,389_drone_matched_adversarial_identity,389,drone,matched_adversarial_identity,0.7361111111111112,0.0,0.0,16,1
32e352ff48345d00,cias_full,389_ground_creature_matched_adversarial_identity,389,ground_creature,matched_adversarial_identity,1.0,0.0,0.0,4,1
32e352ff48345d00,cias_full,389_virtual_avatar_matched_adversarial_identity,389,virtual_avatar,matched_adversarial_identity,1.0,0.0,0.0,4,1
32e352ff48345d00,cias_full,389_wheeled_robot_matched_adversarial_identity,389,wheeled_robot,matched_adversarial_identity,1.0,0.0,0.0,4,1
32e352ff48345d00,cias_full,390_drone_matched_adversarial_identity,390,drone,matched_adversarial_identity,1.0,0.0,0.0,4,1
32e352ff48345d00,cias_full,390_ground_creature_matched_adversarial_identity,390,ground_creature,matched_adversarial_identity,1.0,0.0,0.0,4,1
32e352ff48345d00,cias_full,390_virtual_avatar_matched_adversarial_identity,390,virtual_avatar,matched_adversarial_identity,1.0,0.0,0.0,4,1
32e352ff48345d00,cias_full,390_wheeled_robot_matched_adversarial_identity,390,wheeled_robot,matched_adversarial_identity,1.0,0.0,0.0,4,1
32e352ff48345d00,cias_no_persistent_self,361_drone_matched_adversarial_identity,361,drone,matched_adversarial_identity,0.0,0.6666666666666666,,4,0
32e352ff48345d00,cias_no_persistent_self,361_ground_creature_matched_adversarial_identity,361,ground_creature,matched_adversarial_identity,0.0,0.6666666666666666,,4,0
32e352ff48345d00,cias_no_persistent_self,361_virtual_avatar_matched_adversarial_identity,361,virtual_avatar,matched_adversarial_identity,0.0,0.6666666666666666,,4,0
32e352ff48345d00,cias_no_persistent_self,361_wheeled_robot_matched_adversarial_identity,361,wheeled_robot,matched_adversarial_identity,0.0,0.6666666666666666,,4,0
32e352ff48345d00,cias_no_persistent_self,362_drone_matched_adversarial_identity,362,drone,matched_adversarial_identity,0.0,0.6666666666666666,,4,0
32e352ff48345d00,cias_no_persistent_self,362_ground_creature_matched_adversarial_identity,362,ground_creature,matched_adversarial_identity,0.0,0.6666666666666666,,4,0
32e352ff48345d00,cias_no_persistent_self,362_virtual_avatar_matched_adversarial_identity,362,virtual_avatar,matched_adversarial_identity,0.0,0.6666666666666666,,4,0
32e352ff48345d00,cias_no_persistent_self,362_wheeled_robot_matched_adversarial_identity,362,wheeled_robot,matched_adversarial_identity,0.0,0.6666666666666666,,4,0
32e352ff48345d00,cias_no_persistent_self,363_drone_matched_adversarial_identity,363,drone,matched_adversarial_identity,0.0,0.6666666666666666,,4,0
32e352ff48345d00,cias_no_persistent_self,363_ground_creature_matched_adversarial_identity,363,ground_creature,matched_adversarial_identity,0.0,0.6666666666666666,,4,0
32e352ff48345d00,cias_no_persistent_self,363_virtual_avatar_matched_adversarial_identity,363,virtual_avatar,matched_adversarial_identity,0.0,0.6666666666666666,,4,0
32e352ff48345d00,cias_no_persistent_self,363_wheeled_robot_matched_adversarial_identity,363,wheeled_robot,matched_adversarial_identity,0.0,0.6666666666666666,,4,0
32e352ff48345d00,cias_no_persistent_self,364_drone_matched_adversarial_identity,364,drone,matched_adversarial_identity,0.0,0.6666666666666666,,4,0
32e352ff48345d00,cias_no_persistent_self,364_ground_creature_matched_adversarial_identity,364,ground_creature,matched_adversarial_identity,0.0,0.6666666666666666,,4,0
32e352ff48345d00,cias_no_persistent_self,364_virtual_avatar_matched_adversarial_identity,364,virtual_avatar,matched_adversarial_identity,0.0,0.6666666666666666,,4,0
32e352ff48345d00,cias_no_persistent_self,364_wheeled_robot_matched_adversarial_identity,364,wheeled_robot,matched_adversarial_identity,0.0,0.6666666666666666,,4,0
32e352ff48345d00,cias_no_persistent_self,365_drone_matched_adversarial_identity,365,drone,matched_adversarial_identity,0.0,0.6666666666666666,,4,0
32e352ff48345d00,cias_no_persistent_self,365_ground_creature_matched_adversarial_identity,365,ground_creature,matched_adversarial_identity,0.0,0.6666666666666666,,4,0
32e352ff48345d00,cias_no_persistent_self,365_virtual_avatar_matched_adversarial_identity,365,virtual_avatar,matched_adversarial_identity,0.0,0.6666666666666666,,4,0
32e352ff48345d00,cias_no_persistent_self,365_wheeled_robot_matched_adversarial_identity,365,wheeled_robot,matched_adversarial_identity,0.0,0.6666666666666666,,4,0
32e352ff48345d00,cias_no_persistent_self,366_drone_matched_adversarial_identity,366,drone,matched_adversarial_identity,0.0,0.6666666666666666,,4,0
32e352ff48345d00,cias_no_persistent_self,366_ground_creature_matched_adversarial_identity,366,ground_creature,matched_adversarial_identity,0.0,0.6666666666666666,,4,0
32e352ff48345d00,cias_no_persistent_self,366_virtual_avatar_matched_adversarial_identity,366,virtual_avatar,matched_adversarial_identity,1.0,0.0,0.0,3,1
32e352ff48345d00,cias_no_persistent_self,366_wheeled_robot_matched_adversarial_identity,366,wheeled_robot,matched_adversarial_identity,0.0,0.6666666666666666,,4,0
32e352ff48345d00,cias_no_persistent_self,367_drone_matched_adversarial_identity,367,drone,matched_adversarial_identity,0.0,0.6666666666666666,,4,0
32e352ff48345d00,cias_no_persistent_self,367_ground_creature_matched_adversarial_identity,367,ground_creature,matched_adversarial_identity,0.0,0.6666666666666666,,4,0
32e352ff48345d00,cias_no_persistent_self,367_virtual_avatar_matched_adversarial_identity,367,virtual_avatar,matched_adversarial_identity,1.0,0.0,0.0,3,1
32e352ff48345d00,cias_no_persistent_self,367_wheeled_robot_matched_adversarial_identity,367,wheeled_robot,matched_adversarial_identity,0.0,0.6666666666666666,,4,0
32e352ff48345d00,cias_no_persistent_self,368_drone_matched_adversarial_identity,368,drone,matched_adversarial_identity,0.0,0.6666666666666666,,4,0
32e352ff48345d00,cias_no_persistent_self,368_ground_creature_matched_adversarial_identity,368,ground_creature,matched_adversarial_identity,1.0,0.0,0.0,3,1
32e352ff48345d00,cias_no_persistent_self,368_virtual_avatar_matched_adversarial_identity,368,virtual_avatar,matched_adversarial_identity,1.0,0.0,0.0,3,1
32e352ff48345d00,cias_no_persistent_self,368_wheeled_robot_matched_adversarial_identity,368,wheeled_robot,matched_adversarial_identity,1.0,0.0,0.0,3,1
32e352ff48345d00,cias_no_persistent_self,369_drone_matched_adversarial_identity,369,drone,matched_adversarial_identity,0.0,0.6666666666666666,,4,0
32e352ff48345d00,cias_no_persistent_self,369_ground_creature_matched_adversarial_identity,369,ground_creature,matched_adversarial_identity,0.0,0.6666666666666666,,4,0
32e352ff48345d00,cias_no_persistent_self,369_virtual_avatar_matched_adversarial_identity,369,virtual_avatar,matched_adversarial_identity,1.0,0.0,0.0,3,1
32e352ff48345d00,cias_no_persistent_self,369_wheeled_robot_matched_adversarial_identity,369,wheeled_robot,matched_adversarial_identity,0.0,0.6666666666666666,,4,0
32e352ff48345d00,cias_no_persistent_self,370_drone_matched_adversarial_identity,370,drone,matched_adversarial_identity,0.0,0.6666666666666666,,4,0
32e352ff48345d00,cias_no_persistent_self,370_ground_creature_matched_adversarial_identity,370,ground_creature,matched_adversarial_identity,0.0,0.6666666666666666,,4,0
32e352ff48345d00,cias_no_persistent_self,370_virtual_avatar_matched_adversarial_identity,370,virtual_avatar,matched_adversarial_identity,1.0,0.0,0.0,3,1
32e352ff48345d00,cias_no_persistent_self,370_wheeled_robot_matched_adversarial_identity,370,wheeled_robot,matched_adversarial_identity,0.0,0.6666666666666666,,4,0
32e352ff48345d00,cias_no_persistent_self,371_drone_matched_adversarial_identity,371,drone,matched_adversarial_identity,0.0,0.6666666666666666,,4,0
32e352ff48345d00,cias_no_persistent_self,371_ground_creature_matched_adversarial_identity,371,ground_creature,matched_adversarial_identity,1.0,0.0,0.0,3,1
32e352ff48345d00,cias_no_persistent_self,371_virtual_avatar_matched_adversarial_identity,371,virtual_avatar,matched_adversarial_identity,1.0,0.0,0.0,3,1
32e352ff48345d00,cias_no_persistent_self,371_wheeled_robot_matched_adversarial_identity,371,wheeled_robot,matched_adversarial_identity,1.0,0.0,0.0,3,1
32e352ff48345d00,cias_no_persistent_self,372_drone_matched_adversarial_identity,372,drone,matched_adversarial_identity,0.0,0.6666666666666666,,4,0
32e352ff48345d00,cias_no_persistent_self,372_ground_creature_matched_adversarial_identity,372,ground_creature,matched_adversarial_identity,0.0,0.6666666666666666,,4,0
32e352ff48345d00,cias_no_persistent_self,372_virtual_avatar_matched_adversarial_identity,372,virtual_avatar,matched_adversarial_identity,1.0,0.0,0.0,3,1
32e352ff48345d00,cias_no_persistent_self,372_wheeled_robot_matched_adversarial_identity,372,wheeled_robot,matched_adversarial_identity,0.0,0.6666666666666666,,4,0
32e352ff48345d00,cias_no_persistent_self,373_drone_matched_adversarial_identity,373,drone,matched_adversarial_identity,0.0,0.6666666666666666,,4,0
32e352ff48345d00,cias_no_persistent_self,373_ground_creature_matched_adversarial_identity,373,ground_creature,matched_adversarial_identity,1.0,0.0,0.0,3,1
32e352ff48345d00,cias_no_persistent_self,373_virtual_avatar_matched_adversarial_identity,373,virtual_avatar,matched_adversarial_identity,1.0,0.0,0.0,3,1
32e352ff48345d00,cias_no_persistent_self,373_wheeled_robot_matched_adversarial_identity,373,wheeled_robot,matched_adversarial_identity,0.0,0.6666666666666666,,4,0
32e352ff48345d00,cias_no_persistent_self,374_drone_matched_adversarial_identity,374,drone,matched_adversarial_identity,0.0,0.6666666666666666,,4,0
32e352ff48345d00,cias_no_persistent_self,374_ground_creature_matched_adversarial_identity,374,ground_creature,matched_adversarial_identity,0.0,0.6666666666666666,,4,0
32e352ff48345d00,cias_no_persistent_self,374_virtual_avatar_matched_adversarial_identity,374,virtual_avatar,matched_adversarial_identity,1.0,0.0,0.0,3,1
32e352ff48345d00,cias_no_persistent_self,374_wheeled_robot_matched_adversarial_identity,374,wheeled_robot,matched_adversarial_identity,0.0,0.6666666666666666,,4,0
32e352ff48345d00,cias_no_persistent_self,375_drone_matched_adversarial_identity,375,drone,matched_adversarial_identity,0.0,0.6666666666666666,,4,0
32e352ff48345d00,cias_no_persistent_self,375_ground_creature_matched_adversarial_identity,375,ground_creature,matched_adversarial_identity,0.0,0.6666666666666666,,4,0
32e352ff48345d00,cias_no_persistent_self,375_virtual_avatar_matched_adversarial_identity,375,virtual_avatar,matched_adversarial_identity,0.0,0.6666666666666666,,4,0
32e352ff48345d00,cias_no_persistent_self,375_wheeled_robot_matched_adversarial_identity,375,wheeled_robot,matched_adversarial_identity,0.0,0.6666666666666666,,4,0
32e352ff48345d00,cias_no_persistent_self,376_drone_matched_adversarial_identity,376,drone,matched_adversarial_identity,0.0,0.6666666666666666,,4,0
32e352ff48345d00,cias_no_persistent_self,376_ground_creature_matched_adversarial_identity,376,ground_creature,matched_adversarial_identity,0.0,0.6666666666666666,,4,0
32e352ff48345d00,cias_no_persistent_self,376_virtual_avatar_matched_adversarial_identity,376,virtual_avatar,matched_adversarial_identity,0.0,0.6666666666666666,,4,0
32e352ff48345d00,cias_no_persistent_self,376_wheeled_robot_matched_adversarial_identity,376,wheeled_robot,matched_adversarial_identity,0.0,0.6666666666666666,,4,0
32e352ff48345d00,cias_no_persistent_self,377_drone_matched_adversarial_identity,377,drone,matched_adversarial_identity,0.0,0.6666666666666666,,4,0
32e352ff48345d00,cias_no_persistent_self,377_ground_creature_matched_adversarial_identity,377,ground_creature,matched_adversarial_identity,0.0,0.6666666666666666,,4,0
32e352ff48345d00,cias_no_persistent_self,377_virtual_avatar_matched_adversarial_identity,377,virtual_avatar,matched_adversarial_identity,0.0,0.6666666666666666,,4,0
32e352ff48345d00,cias_no_persistent_self,377_wheeled_robot_matched_adversarial_identity,377,wheeled_robot,matched_adversarial_identity,0.0,0.6666666666666666,,4,0
32e352ff48345d00,cias_no_persistent_self,378_drone_matched_adversarial_identity,378,drone,matched_adversarial_identity,0.0,0.6666666666666666,,4,0
32e352ff48345d00,cias_no_persistent_self,378_ground_creature_matched_adversarial_identity,378,ground_creature,matched_adversarial_identity,0.0,0.6666666666666666,,4,0
32e352ff48345d00,cias_no_persistent_self,378_virtual_avatar_matched_adversarial_identity,378,virtual_avatar,matched_adversarial_identity,0.0,0.6666666666666666,,4,0
32e352ff48345d00,cias_no_persistent_self,378_wheeled_robot_matched_adversarial_identity,378,wheeled_robot,matched_adversarial_identity,0.0,0.6666666666666666,,4,0
32e352ff48345d00,cias_no_persistent_self,379_drone_matched_adversarial_identity,379,drone,matched_adversarial_identity,0.0,0.6666666666666666,,4,0
32e352ff48345d00,cias_no_persistent_self,379_ground_creature_matched_adversarial_identity,379,ground_creature,matched_adversarial_identity,0.0,0.6666666666666666,,4,0
32e352ff48345d00,cias_no_persistent_self,379_virtual_avatar_matched_adversarial_identity,379,virtual_avatar,matched_adversarial_identity,0.0,0.6666666666666666,,4,0
32e352ff48345d00,cias_no_persistent_self,379_wheeled_robot_matched_adversarial_identity,379,wheeled_robot,matched_adversarial_identity,0.0,0.6666666666666666,,4,0
32e352ff48345d00,cias_no_persistent_self,380_drone_matched_adversarial_identity,380,drone,matched_adversarial_identity,0.0,0.6666666666666666,,4,0
32e352ff48345d00,cias_no_persistent_self,380_ground_creature_matched_adversarial_identity,380,ground_creature,matched_adversarial_identity,0.0,0.6666666666666666,,4,0
32e352ff48345d00,cias_no_persistent_self,380_virtual_avatar_matched_adversarial_identity,380,virtual_avatar,matched_adversarial_identity,0.0,0.6666666666666666,,4,0
32e352ff48345d00,cias_no_persistent_self,380_wheeled_robot_matched_adversarial_identity,380,wheeled_robot,matched_adversarial_identity,0.0,0.6666666666666666,,4,0
32e352ff48345d00,cias_no_persistent_self,381_drone_matched_adversarial_identity,381,drone,matched_adversarial_identity,0.0,0.6666666666666666,,4,0
32e352ff48345d00,cias_no_persistent_self,381_ground_creature_matched_adversarial_identity,381,ground_creature,matched_adversarial_identity,0.0,0.6666666666666666,,4,0
32e352ff48345d00,cias_no_persistent_self,381_virtual_avatar_matched_adversarial_identity,381,virtual_avatar,matched_adversarial_identity,0.0,0.6666666666666666,,4,0
32e352ff48345d00,cias_no_persistent_self,381_wheeled_robot_matched_adversarial_identity,381,wheeled_robot,matched_adversarial_identity,0.0,0.6666666666666666,,4,0
32e352ff48345d00,cias_no_persistent_self,382_drone_matched_adversarial_identity,382,drone,matched_adversarial_identity,0.0,0.6666666666666666,,4,0
32e352ff48345d00,cias_no_persistent_self,382_ground_creature_matched_adversarial_identity,382,ground_creature,matched_adversarial_identity,0.0,0.6666666666666666,,4,0
32e352ff48345d00,cias_no_persistent_self,382_virtual_avatar_matched_adversarial_identity,382,virtual_avatar,matched_adversarial_identity,0.0,0.6666666666666666,,4,0
32e352ff48345d00,cias_no_persistent_self,382_wheeled_robot_matched_adversarial_identity,382,wheeled_robot,matched_adversarial_identity,0.0,0.6666666666666666,,4,0
32e352ff48345d00,cias_no_persistent_self,383_drone_matched_adversarial_identity,383,drone,matched_adversarial_identity,0.0,0.6666666666666666,,4,0
32e352ff48345d00,cias_no_persistent_self,383_ground_creature_matched_adversarial_identity,383,ground_creature,matched_adversarial_identity,0.0,0.6666666666666666,,4,0
32e352ff48345d00,cias_no_persistent_self,383_virtual_avatar_matched_adversarial_identity,383,virtual_avatar,matched_adversarial_identity,0.0,0.6666666666666666,,4,0
32e352ff48345d00,cias_no_persistent_self,383_wheeled_robot_matched_adversarial_identity,383,wheeled_robot,matched_adversarial_identity,0.0,0.6666666666666666,,4,0
32e352ff48345d00,cias_no_persistent_self,384_drone_matched_adversarial_identity,384,drone,matched_adversarial_identity,0.0,0.6666666666666666,,4,0
32e352ff48345d00,cias_no_persistent_self,384_ground_creature_matched_adversarial_identity,384,ground_creature,matched_adversarial_identity,0.0,0.6666666666666666,,4,0
32e352ff48345d00,cias_no_persistent_self,384_virtual_avatar_matched_adversarial_identity,384,virtual_avatar,matched_adversarial_identity,1.0,0.0,0.0,3,1
32e352ff48345d00,cias_no_persistent_self,384_wheeled_robot_matched_adversarial_identity,384,wheeled_robot,matched_adversarial_identity,0.0,0.6666666666666666,,4,0
32e352ff48345d00,cias_no_persistent_self,385_drone_matched_adversarial_identity,385,drone,matched_adversarial_identity,0.0,0.6666666666666666,,4,0
32e352ff48345d00,cias_no_persistent_self,385_ground_creature_matched_adversarial_identity,385,ground_creature,matched_adversarial_identity,0.0,0.6666666666666666,,4,0
32e352ff48345d00,cias_no_persistent_self,385_virtual_avatar_matched_adversarial_identity,385,virtual_avatar,matched_adversarial_identity,1.0,0.0,0.0,3,1
32e352ff48345d00,cias_no_persistent_self,385_wheeled_robot_matched_adversarial_identity,385,wheeled_robot,matched_adversarial_identity,0.0,0.6666666666666666,,4,0
32e352ff48345d00,cias_no_persistent_self,386_drone_matched_adversarial_identity,386,drone,matched_adversarial_identity,0.0,0.6666666666666666,,4,0
32e352ff48345d00,cias_no_persistent_self,386_ground_creature_matched_adversarial_identity,386,ground_creature,matched_adversarial_identity,0.0,0.6666666666666666,,4,0
32e352ff48345d00,cias_no_persistent_self,386_virtual_avatar_matched_adversarial_identity,386,virtual_avatar,matched_adversarial_identity,1.0,0.0,0.0,3,1
32e352ff48345d00,cias_no_persistent_self,386_wheeled_robot_matched_adversarial_identity,386,wheeled_robot,matched_adversarial_identity,0.0,0.6666666666666666,,4,0
32e352ff48345d00,cias_no_persistent_self,387_drone_matched_adversarial_identity,387,drone,matched_adversarial_identity,0.0,0.6666666666666666,,4,0
32e352ff48345d00,cias_no_persistent_self,387_ground_creature_matched_adversarial_identity,387,ground_creature,matched_adversarial_identity,0.0,0.6666666666666666,,4,0
32e352ff48345d00,cias_no_persistent_self,387_virtual_avatar_matched_adversarial_identity,387,virtual_avatar,matched_adversarial_identity,1.0,0.0,0.0,3,1
32e352ff48345d00,cias_no_persistent_self,387_wheeled_robot_matched_adversarial_identity,387,wheeled_robot,matched_adversarial_identity,0.0,0.6666666666666666,,4,0
32e352ff48345d00,cias_no_persistent_self,388_drone_matched_adversarial_identity,388,drone,matched_adversarial_identity,0.0,0.6666666666666666,,4,0
32e352ff48345d00,cias_no_persistent_self,388_ground_creature_matched_adversarial_identity,388,ground_creature,matched_adversarial_identity,0.0,0.6666666666666666,,4,0
32e352ff48345d00,cias_no_persistent_self,388_virtual_avatar_matched_adversarial_identity,388,virtual_avatar,matched_adversarial_identity,1.0,0.0,0.0,3,1
32e352ff48345d00,cias_no_persistent_self,388_wheeled_robot_matched_adversarial_identity,388,wheeled_robot,matched_adversarial_identity,0.0,0.6666666666666666,,4,0
32e352ff48345d00,cias_no_persistent_self,389_drone_matched_adversarial_identity,389,drone,matched_adversarial_identity,0.0,0.6666666666666666,,4,0
32e352ff48345d00,cias_no_persistent_self,389_ground_creature_matched_adversarial_identity,389,ground_creature,matched_adversarial_identity,1.0,0.0,0.0,3,1
32e352ff48345d00,cias_no_persistent_self,389_virtual_avatar_matched_adversarial_identity,389,virtual_avatar,matched_adversarial_identity,1.0,0.0,0.0,3,1
32e352ff48345d00,cias_no_persistent_self,389_wheeled_robot_matched_adversarial_identity,389,wheeled_robot,matched_adversarial_identity,0.0,0.6666666666666666,,4,0
32e352ff48345d00,cias_no_persistent_self,390_drone_matched_adversarial_identity,390,drone,matched_adversarial_identity,0.0,0.6666666666666666,,4,0
32e352ff48345d00,cias_no_persistent_self,390_ground_creature_matched_adversarial_identity,390,ground_creature,matched_adversarial_identity,0.0,0.6666666666666666,,4,0
32e352ff48345d00,cias_no_persistent_self,390_virtual_avatar_matched_adversarial_identity,390,virtual_avatar,matched_adversarial_identity,1.0,0.0,0.0,3,1
32e352ff48345d00,cias_no_persistent_self,390_wheeled_robot_matched_adversarial_identity,390,wheeled_robot,matched_adversarial_identity,0.0,0.6666666666666666,,4,0
37159ae9f042ee5e,cias_full,361_drone_matched_adversarial_identity,361,drone,matched_adversarial_identity,1.0,0.0,0.0,6,1
37159ae9f042ee5e,cias_full,361_ground_creature_matched_adversarial_identity,361,ground_creature,matched_adversarial_identity,1.0,0.0,0.0,4,1
37159ae9f042ee5e,cias_full,361_virtual_avatar_matched_adversarial_identity,361,virtual_avatar,matched_adversarial_identity,1.0,0.0,0.0,4,1
37159ae9f042ee5e,cias_full,361_wheeled_robot_matched_adversarial_identity,361,wheeled_robot,matched_adversarial_identity,1.0,0.0,0.0,4,1
37159ae9f042ee5e,cias_full,362_drone_matched_adversarial_identity,362,drone,matched_adversarial_identity,0.9027777777777778,0.09722222222222222,0.7000000000000001,14,1
37159ae9f042ee5e,cias_full,362_ground_creature_matched_adversarial_identity,362,ground_creature,matched_adversarial_identity,0.9861111111111112,0.013888888888888888,0.1,6,1
37159ae9f042ee5e,cias_full,362_virtual_avatar_matched_adversarial_identity,362,virtual_avatar,matched_adversarial_identity,1.0,0.0,0.0,4,1
37159ae9f042ee5e,cias_full,362_wheeled_robot_matched_adversarial_identity,362,wheeled_robot,matched_adversarial_identity,1.0,0.0,0.0,4,1
37159ae9f042ee5e,cias_full,363_drone_matched_adversarial_identity,363,drone,matched_adversarial_identity,0.9027777777777778,0.09722222222222222,0.7000000000000001,22,1
37159ae9f042ee5e,cias_full,363_ground_creature_matched_adversarial_identity,363,ground_creature,matched_adversarial_identity,1.0,0.0,0.0,4,1
37159ae9f042ee5e,cias_full,363_virtual_avatar_matched_adversarial_identity,363,virtual_avatar,matched_adversarial_identity,1.0,0.0,0.0,4,1
37159ae9f042ee5e,cias_full,363_wheeled_robot_matched_adversarial_identity,363,wheeled_robot,matched_adversarial_identity,0.9305555555555556,0.06944444444444445,0.5,6,1
37159ae9f042ee5e,cias_full,364_drone_matched_adversarial_identity,364,drone,matched_adversarial_identity,0.9027777777777778,0.09722222222222222,0.7000000000000001,12,1
37159ae9f042ee5e,cias_full,364_ground_creature_matched_adversarial_identity,364,ground_creature,matched_adversarial_identity,1.0,0.0,0.0,4,1
37159ae9f042ee5e,cias_full,364_virtual_avatar_matched_adversarial_identity,364,virtual_avatar,matched_adversarial_identity,1.0,0.0,0.0,2,1
37159ae9f042ee5e,cias_full,364_wheeled_robot_matched_adversarial_identity,364,wheeled_robot,matched_adversarial_identity,1.0,0.0,0.0,4,1
37159ae9f042ee5e,cias_full,365_drone_matched_adversarial_identity,365,drone,matched_adversarial_identity,0.4166666666666667,0.2916666666666667,2.3000000000000003,20,1
37159ae9f042ee5e,cias_full,365_ground_creature_matched_adversarial_identity,365,ground_creature,matched_adversarial_identity,1.0,0.0,0.0,4,1
37159ae9f042ee5e,cias_full,365_virtual_avatar_matched_adversarial_identity,365,virtual_avatar,matched_adversarial_identity,1.0,0.0,0.0,4,1
37159ae9f042ee5e,cias_full,365_wheeled_robot_matched_adversarial_identity,365,wheeled_robot,matched_adversarial_identity,1.0,0.0,0.0,4,1
37159ae9f042ee5e,cias_full,366_drone_matched_adversarial_identity,366,drone,matched_adversarial_identity,1.0,0.0,0.0,10,1
37159ae9f042ee5e,cias_full,366_ground_creature_matched_adversarial_identity,366,ground_creature,matched_adversarial_identity,1.0,0.0,0.0,4,1
37159ae9f042ee5e,cias_full,366_virtual_avatar_matched_adversarial_identity,366,virtual_avatar,matched_adversarial_identity,1.0,0.0,0.0,4,1
37159ae9f042ee5e,cias_full,366_wheeled_robot_matched_adversarial_identity,366,wheeled_robot,matched_adversarial_identity,1.0,0.0,0.0,4,1
37159ae9f042ee5e,cias_full,367_drone_matched_adversarial_identity,367,drone,matched_adversarial_identity,0.9027777777777778,0.09722222222222222,0.7000000000000001,12,1
37159ae9f042ee5e,cias_full,367_ground_creature_matched_adversarial_identity,367,ground_creature,matched_adversarial_identity,1.0,0.0,0.0,4,1
37159ae9f042ee5e,cias_full,367_virtual_avatar_matched_adversarial_identity,367,virtual_avatar,matched_adversarial_identity,1.0,0.0,0.0,4,1
37159ae9f042ee5e,cias_full,367_wheeled_robot_matched_adversarial_identity,367,wheeled_robot,matched_adversarial_identity,1.0,0.0,0.0,4,1
37159ae9f042ee5e,cias_full,368_drone_matched_adversarial_identity,368,drone,matched_adversarial_identity,1.0,0.0,0.0,6,1
37159ae9f042ee5e,cias_full,368_ground_creature_matched_adversarial_identity,368,ground_creature,matched_adversarial_identity,1.0,0.0,0.0,4,1
37159ae9f042ee5e,cias_full,368_virtual_avatar_matched_adversarial_identity,368,virtual_avatar,matched_adversarial_identity,1.0,0.0,0.0,4,1
37159ae9f042ee5e,cias_full,368_wheeled_robot_matched_adversarial_identity,368,wheeled_robot,matched_adversarial_identity,1.0,0.0,0.0,4,1
37159ae9f042ee5e,cias_full,369_drone_matched_adversarial_identity,369,drone,matched_adversarial_identity,0.9027777777777778,0.09722222222222222,0.7000000000000001,14,1
37159ae9f042ee5e,cias_full,369_ground_creature_matched_adversarial_identity,369,ground_creature,matched_adversarial_identity,1.0,0.0,0.0,4,1
37159ae9f042ee5e,cias_full,369_virtual_avatar_matched_adversarial_identity,369,virtual_avatar,matched_adversarial_identity,1.0,0.0,0.0,4,1
37159ae9f042ee5e,cias_full,369_wheeled_robot_matched_adversarial_identity,369,wheeled_robot,matched_adversarial_identity,1.0,0.0,0.0,6,1
37159ae9f042ee5e,cias_full,370_drone_matched_adversarial_identity,370,drone,matched_adversarial_identity,0.9027777777777778,0.09722222222222222,0.7000000000000001,12,1
37159ae9f042ee5e,cias_full,370_ground_creature_matched_adversarial_identity,370,ground_creature,matched_adversarial_identity,1.0,0.0,0.0,4,1
37159ae9f042ee5e,cias_full,370_virtual_avatar_matched_adversarial_identity,370,virtual_avatar,matched_adversarial_identity,1.0,0.0,0.0,4,1
37159ae9f042ee5e,cias_full,370_wheeled_robot_matched_adversarial_identity,370,wheeled_robot,matched_adversarial_identity,1.0,0.0,0.0,4,1
37159ae9f042ee5e,cias_full,371_drone_matched_adversarial_identity,371,drone,matched_adversarial_identity,0.8888888888888888,0.1111111111111111,0.9,10,1
37159ae9f042ee5e,cias_full,371_ground_creature_matched_adversarial_identity,371,ground_creature,matched_adversarial_identity,1.0,0.0,0.0,4,1
37159ae9f042ee5e,cias_full,371_virtual_avatar_matched_adversarial_identity,371,virtual_avatar,matched_adversarial_identity,1.0,0.0,0.0,4,1
37159ae9f042ee5e,cias_full,371_wheeled_robot_matched_adversarial_identity,371,wheeled_robot,matched_adversarial_identity,1.0,0.0,0.0,4,1
37159ae9f042ee5e,cias_full,372_drone_matched_adversarial_identity,372,drone,matched_adversarial_identity,1.0,0.0,0.0,10,1
37159ae9f042ee5e,cias_full,372_ground_creature_matched_adversarial_identity,372,ground_creature,matched_adversarial_identity,1.0,0.0,0.0,4,1
37159ae9f042ee5e,cias_full,372_virtual_avatar_matched_adversarial_identity,372,virtual_avatar,matched_adversarial_identity,1.0,0.0,0.0,4,1
37159ae9f042ee5e,cias_full,372_wheeled_robot_matched_adversarial_identity,372,wheeled_robot,matched_adversarial_identity,1.0,0.0,0.0,4,1
37159ae9f042ee5e,cias_full,373_drone_matched_adversarial_identity,373,drone,matched_adversarial_identity,0.6666666666666666,0.06944444444444445,0.5,22,1
37159ae9f042ee5e,cias_full,373_ground_creature_matched_adversarial_identity,373,ground_creature,matched_adversarial_identity,1.0,0.0,0.0,4,1
37159ae9f042ee5e,cias_full,373_virtual_avatar_matched_adversarial_identity,373,virtual_avatar,matched_adversarial_identity,1.0,0.0,0.0,4,1
37159ae9f042ee5e,cias_full,373_wheeled_robot_matched_adversarial_identity,373,wheeled_robot,matched_adversarial_identity,1.0,0.0,0.0,4,1
37159ae9f042ee5e,cias_full,374_drone_matched_adversarial_identity,374,drone,matched_adversarial_identity,1.0,0.0,0.0,14,1
37159ae9f042ee5e,cias_full,374_ground_creature_matched_adversarial_identity,374,ground_creature,matched_adversarial_identity,1.0,0.0,0.0,4,1
37159ae9f042ee5e,cias_full,374_virtual_avatar_matched_adversarial_identity,374,virtual_avatar,matched_adversarial_identity,1.0,0.0,0.0,4,1
37159ae9f042ee5e,cias_full,374_wheeled_robot_matched_adversarial_identity,374,wheeled_robot,matched_adversarial_identity,1.0,0.0,0.0,4,1
37159ae9f042ee5e,cias_full,375_drone_matched_adversarial_identity,375,drone,matched_adversarial_identity,0.8055555555555556,0.19444444444444445,1.5,10,1
37159ae9f042ee5e,cias_full,375_ground_creature_matched_adversarial_identity,375,ground_creature,matched_adversarial_identity,1.0,0.0,0.0,4,1
37159ae9f042ee5e,cias_full,375_virtual_avatar_matched_adversarial_identity,375,virtual_avatar,matched_adversarial_identity,1.0,0.0,0.0,4,1
37159ae9f042ee5e,cias_full,375_wheeled_robot_matched_adversarial_identity,375,wheeled_robot,matched_adversarial_identity,1.0,0.0,0.0,4,1
37159ae9f042ee5e,cias_full,376_drone_matched_adversarial_identity,376,drone,matched_adversarial_identity,0.9305555555555556,0.06944444444444445,0.5,12,1
37159ae9f042ee5e,cias_full,376_ground_creature_matched_adversarial_identity,376,ground_creature,matched_adversarial_identity,1.0,0.0,0.0,4,1
37159ae9f042ee5e,cias_full,376_virtual_avatar_matched_adversarial_identity,376,virtual_avatar,matched_adversarial_identity,1.0,0.0,0.0,4,1
37159ae9f042ee5e,cias_full,376_wheeled_robot_matched_adversarial_identity,376,wheeled_robot,matched_adversarial_identity,0.9305555555555556,0.06944444444444445,0.5,6,1
37159ae9f042ee5e,cias_full,377_drone_matched_adversarial_identity,377,drone,matched_adversarial_identity,0.9027777777777778,0.09722222222222222,0.7000000000000001,14,1
37159ae9f042ee5e,cias_full,377_ground_creature_matched_adversarial_identity,377,ground_creature,matched_adversarial_identity,1.0,0.0,0.0,4,1
37159ae9f042ee5e,cias_full,377_virtual_avatar_matched_adversarial_identity,377,virtual_avatar,matched_adversarial_identity,1.0,0.0,0.0,4,1
37159ae9f042ee5e,cias_full,377_wheeled_robot_matched_adversarial_identity,377,wheeled_robot,matched_adversarial_identity,0.9305555555555556,0.06944444444444445,0.5,6,1
37159ae9f042ee5e,cias_full,378_drone_matched_adversarial_identity,378,drone,matched_adversarial_identity,0.8055555555555556,0.19444444444444445,1.5,10,1
37159ae9f042ee5e,cias_full,378_ground_creature_matched_adversarial_identity,378,ground_creature,matched_adversarial_identity,1.0,0.0,0.0,4,1
37159ae9f042ee5e,cias_full,378_virtual_avatar_matched_adversarial_identity,378,virtual_avatar,matched_adversarial_identity,1.0,0.0,0.0,4,1
37159ae9f042ee5e,cias_full,378_wheeled_robot_matched_adversarial_identity,378,wheeled_robot,matched_adversarial_identity,1.0,0.0,0.0,4,1
37159ae9f042ee5e,cias_full,379_drone_matched_adversarial_identity,379,drone,matched_adversarial_identity,1.0,0.0,0.0,22,1
37159ae9f042ee5e,cias_full,379_ground_creature_matched_adversarial_identity,379,ground_creature,matched_adversarial_identity,1.0,0.0,0.0,4,1
37159ae9f042ee5e,cias_full,379_virtual_avatar_matched_adversarial_identity,379,virtual_avatar,matched_adversarial_identity,1.0,0.0,0.0,4,1
37159ae9f042ee5e,cias_full,379_wheeled_robot_matched_adversarial_identity,379,wheeled_robot,matched_adversarial_identity,1.0,0.0,0.0,4,1
37159ae9f042ee5e,cias_full,380_drone_matched_adversarial_identity,380,drone,matched_adversarial_identity,0.9305555555555556,0.06944444444444445,0.5,8,1
37159ae9f042ee5e,cias_full,380_ground_creature_matched_adversarial_identity,380,ground_creature,matched_adversarial_identity,1.0,0.0,0.0,4,1
37159ae9f042ee5e,cias_full,380_virtual_avatar_matched_adversarial_identity,380,virtual_avatar,matched_adversarial_identity,1.0,0.0,0.0,4,1
37159ae9f042ee5e,cias_full,380_wheeled_robot_matched_adversarial_identity,380,wheeled_robot,matched_adversarial_identity,1.0,0.0,0.0,4,1
37159ae9f042ee5e,cias_full,381_drone_matched_adversarial_identity,381,drone,matched_adversarial_identity,0.9027777777777778,0.09722222222222222,0.7000000000000001,12,1
37159ae9f042ee5e,cias_full,381_ground_creature_matched_adversarial_identity,381,ground_creature,matched_adversarial_identity,1.0,0.0,0.0,4,1
37159ae9f042ee5e,cias_full,381_virtual_avatar_matched_adversarial_identity,381,virtual_avatar,matched_adversarial_identity,1.0,0.0,0.0,4,1
37159ae9f042ee5e,cias_full,381_wheeled_robot_matched_adversarial_identity,381,wheeled_robot,matched_adversarial_identity,1.0,0.0,0.0,6,1
37159ae9f042ee5e,cias_full,382_drone_matched_adversarial_identity,382,drone,matched_adversarial_identity,1.0,0.0,0.0,16,1
37159ae9f042ee5e,cias_full,382_ground_creature_matched_adversarial_identity,382,ground_creature,matched_adversarial_identity,1.0,0.0,0.0,4,1
37159ae9f042ee5e,cias_full,382_virtual_avatar_matched_adversarial_identity,382,virtual_avatar,matched_adversarial_identity,1.0,0.0,0.0,4,1
37159ae9f042ee5e,cias_full,382_wheeled_robot_matched_adversarial_identity,382,wheeled_robot,matched_adversarial_identity,1.0,0.0,0.0,6,1
37159ae9f042ee5e,cias_full,383_drone_matched_adversarial_identity,383,drone,matched_adversarial_identity,0.9027777777777778,0.09722222222222222,0.7000000000000001,10,1
37159ae9f042ee5e,cias_full,383_ground_creature_matched_adversarial_identity,383,ground_creature,matched_adversarial_identity,1.0,0.0,0.0,4,1
37159ae9f042ee5e,cias_full,383_virtual_avatar_matched_adversarial_identity,383,virtual_avatar,matched_adversarial_identity,1.0,0.0,0.0,4,1
37159ae9f042ee5e,cias_full,383_wheeled_robot_matched_adversarial_identity,383,wheeled_robot,matched_adversarial_identity,1.0,0.0,0.0,6,1
37159ae9f042ee5e,cias_full,384_drone_matched_adversarial_identity,384,drone,matched_adversarial_identity,0.9166666666666666,0.08333333333333333,0.6000000000000001,10,1
37159ae9f042ee5e,cias_full,384_ground_creature_matched_adversarial_identity,384,ground_creature,matched_adversarial_identity,1.0,0.0,0.0,4,1
37159ae9f042ee5e,cias_full,384_virtual_avatar_matched_adversarial_identity,384,virtual_avatar,matched_adversarial_identity,1.0,0.0,0.0,2,1
37159ae9f042ee5e,cias_full,384_wheeled_robot_matched_adversarial_identity,384,wheeled_robot,matched_adversarial_identity,1.0,0.0,0.0,4,1
37159ae9f042ee5e,cias_full,385_drone_matched_adversarial_identity,385,drone,matched_adversarial_identity,0.9027777777777778,0.09722222222222222,0.7000000000000001,10,1
37159ae9f042ee5e,cias_full,385_ground_creature_matched_adversarial_identity,385,ground_creature,matched_adversarial_identity,1.0,0.0,0.0,4,1
37159ae9f042ee5e,cias_full,385_virtual_avatar_matched_adversarial_identity,385,virtual_avatar,matched_adversarial_identity,1.0,0.0,0.0,4,1
37159ae9f042ee5e,cias_full,385_wheeled_robot_matched_adversarial_identity,385,wheeled_robot,matched_adversarial_identity,1.0,0.0,0.0,4,1
37159ae9f042ee5e,cias_full,386_drone_matched_adversarial_identity,386,drone,matched_adversarial_identity,0.9305555555555556,0.06944444444444445,0.5,14,1
37159ae9f042ee5e,cias_full,386_ground_creature_matched_adversarial_identity,386,ground_creature,matched_adversarial_identity,1.0,0.0,0.0,4,1
37159ae9f042ee5e,cias_full,386_virtual_avatar_matched_adversarial_identity,386,virtual_avatar,matched_adversarial_identity,1.0,0.0,0.0,4,1
37159ae9f042ee5e,cias_full,386_wheeled_robot_matched_adversarial_identity,386,wheeled_robot,matched_adversarial_identity,1.0,0.0,0.0,4,1
37159ae9f042ee5e,cias_full,387_drone_matched_adversarial_identity,387,drone,matched_adversarial_identity,1.0,0.0,0.0,12,1
37159ae9f042ee5e,cias_full,387_ground_creature_matched_adversarial_identity,387,ground_creature,matched_adversarial_identity,1.0,0.0,0.0,4,1
37159ae9f042ee5e,cias_full,387_virtual_avatar_matched_adversarial_identity,387,virtual_avatar,matched_adversarial_identity,1.0,0.0,0.0,4,1
37159ae9f042ee5e,cias_full,387_wheeled_robot_matched_adversarial_identity,387,wheeled_robot,matched_adversarial_identity,1.0,0.0,0.0,4,1
37159ae9f042ee5e,cias_full,388_drone_matched_adversarial_identity,388,drone,matched_adversarial_identity,0.5,0.25,2.0,28,1
37159ae9f042ee5e,cias_full,388_ground_creature_matched_adversarial_identity,388,ground_creature,matched_adversarial_identity,1.0,0.0,0.0,4,1
37159ae9f042ee5e,cias_full,388_virtual_avatar_matched_adversarial_identity,388,virtual_avatar,matched_adversarial_identity,1.0,0.0,0.0,4,1
37159ae9f042ee5e,cias_full,388_wheeled_robot_matched_adversarial_identity,388,wheeled_robot,matched_adversarial_identity,1.0,0.0,0.0,4,1
37159ae9f042ee5e,cias_full,389_drone_matched_adversarial_identity,389,drone,matched_adversarial_identity,1.0,0.0,0.0,8,1
37159ae9f042ee5e,cias_full,389_ground_creature_matched_adversarial_identity,389,ground_creature,matched_adversarial_identity,1.0,0.0,0.0,4,1
37159ae9f042ee5e,cias_full,389_virtual_avatar_matched_adversarial_identity,389,virtual_avatar,matched_adversarial_identity,1.0,0.0,0.0,4,1
37159ae9f042ee5e,cias_full,389_wheeled_robot_matched_adversarial_identity,389,wheeled_robot,matched_adversarial_identity,1.0,0.0,0.0,4,1
37159ae9f042ee5e,cias_full,390_drone_matched_adversarial_identity,390,drone,matched_adversarial_identity,0.9305555555555556,0.06944444444444445,0.5,6,1
37159ae9f042ee5e,cias_full,390_ground_creature_matched_adversarial_identity,390,ground_creature,matched_adversarial_identity,1.0,0.0,0.0,4,1
37159ae9f042ee5e,cias_full,390_virtual_avatar_matched_adversarial_identity,390,virtual_avatar,matched_adversarial_identity,1.0,0.0,0.0,4,1
37159ae9f042ee5e,cias_full,390_wheeled_robot_matched_adversarial_identity,390,wheeled_robot,matched_adversarial_identity,1.0,0.0,0.0,4,1
37159ae9f042ee5e,cias_no_persistent_self,361_drone_matched_adversarial_identity,361,drone,matched_adversarial_identity,0.0,0.6666666666666666,,4,0
37159ae9f042ee5e,cias_no_persistent_self,361_ground_creature_matched_adversarial_identity,361,ground_creature,matched_adversarial_identity,0.0,0.6666666666666666,,4,0
37159ae9f042ee5e,cias_no_persistent_self,361_virtual_avatar_matched_adversarial_identity,361,virtual_avatar,matched_adversarial_identity,0.0,0.6666666666666666,,4,0
37159ae9f042ee5e,cias_no_persistent_self,361_wheeled_robot_matched_adversarial_identity,361,wheeled_robot,matched_adversarial_identity,0.0,0.6666666666666666,,4,0
37159ae9f042ee5e,cias_no_persistent_self,362_drone_matched_adversarial_identity,362,drone,matched_adversarial_identity,0.0,0.6666666666666666,,4,0
37159ae9f042ee5e,cias_no_persistent_self,362_ground_creature_matched_adversarial_identity,362,ground_creature,matched_adversarial_identity,0.0,0.6666666666666666,,4,0
37159ae9f042ee5e,cias_no_persistent_self,362_virtual_avatar_matched_adversarial_identity,362,virtual_avatar,matched_adversarial_identity,0.0,0.6666666666666666,,4,0
37159ae9f042ee5e,cias_no_persistent_self,362_wheeled_robot_matched_adversarial_identity,362,wheeled_robot,matched_adversarial_identity,0.0,0.6666666666666666,,4,0
37159ae9f042ee5e,cias_no_persistent_self,363_drone_matched_adversarial_identity,363,drone,matched_adversarial_identity,0.0,0.6666666666666666,,4,0
37159ae9f042ee5e,cias_no_persistent_self,363_ground_creature_matched_adversarial_identity,363,ground_creature,matched_adversarial_identity,0.0,0.6666666666666666,,4,0
37159ae9f042ee5e,cias_no_persistent_self,363_virtual_avatar_matched_adversarial_identity,363,virtual_avatar,matched_adversarial_identity,0.0,0.6666666666666666,,4,0
37159ae9f042ee5e,cias_no_persistent_self,363_wheeled_robot_matched_adversarial_identity,363,wheeled_robot,matched_adversarial_identity,0.0,0.6666666666666666,,4,0
37159ae9f042ee5e,cias_no_persistent_self,364_drone_matched_adversarial_identity,364,drone,matched_adversarial_identity,0.0,0.6666666666666666,,4,0
37159ae9f042ee5e,cias_no_persistent_self,364_ground_creature_matched_adversarial_identity,364,ground_creature,matched_adversarial_identity,0.0,0.6666666666666666,,4,0
37159ae9f042ee5e,cias_no_persistent_self,364_virtual_avatar_matched_adversarial_identity,364,virtual_avatar,matched_adversarial_identity,0.0,0.6666666666666666,,4,0
37159ae9f042ee5e,cias_no_persistent_self,364_wheeled_robot_matched_adversarial_identity,364,wheeled_robot,matched_adversarial_identity,0.0,0.6666666666666666,,4,0
37159ae9f042ee5e,cias_no_persistent_self,365_drone_matched_adversarial_identity,365,drone,matched_adversarial_identity,0.0,0.6666666666666666,,4,0
37159ae9f042ee5e,cias_no_persistent_self,365_ground_creature_matched_adversarial_identity,365,ground_creature,matched_adversarial_identity,0.0,0.6666666666666666,,4,0
37159ae9f042ee5e,cias_no_persistent_self,365_virtual_avatar_matched_adversarial_identity,365,virtual_avatar,matched_adversarial_identity,0.0,0.6666666666666666,,4,0
37159ae9f042ee5e,cias_no_persistent_self,365_wheeled_robot_matched_adversarial_identity,365,wheeled_robot,matched_adversarial_identity,0.0,0.6666666666666666,,4,0
37159ae9f042ee5e,cias_no_persistent_self,366_drone_matched_adversarial_identity,366,drone,matched_adversarial_identity,0.0,0.6666666666666666,,4,0
37159ae9f042ee5e,cias_no_persistent_self,366_ground_creature_matched_adversarial_identity,366,ground_creature,matched_adversarial_identity,0.0,0.6666666666666666,,4,0
37159ae9f042ee5e,cias_no_persistent_self,366_virtual_avatar_matched_adversarial_identity,366,virtual_avatar,matched_adversarial_identity,0.0,0.6666666666666666,,4,0
37159ae9f042ee5e,cias_no_persistent_self,366_wheeled_robot_matched_adversarial_identity,366,wheeled_robot,matched_adversarial_identity,0.0,0.6666666666666666,,4,0
37159ae9f042ee5e,cias_no_persistent_self,367_drone_matched_adversarial_identity,367,drone,matched_adversarial_identity,0.0,0.6666666666666666,,4,0
37159ae9f042ee5e,cias_no_persistent_self,367_ground_creature_matched_adversarial_identity,367,ground_creature,matched_adversarial_identity,0.0,0.6666666666666666,,4,0
37159ae9f042ee5e,cias_no_persistent_self,367_virtual_avatar_matched_adversarial_identity,367,virtual_avatar,matched_adversarial_identity,0.0,0.6666666666666666,,4,0
37159ae9f042ee5e,cias_no_persistent_self,367_wheeled_robot_matched_adversarial_identity,367,wheeled_robot,matched_adversarial_identity,0.0,0.6666666666666666,,4,0
37159ae9f042ee5e,cias_no_persistent_self,368_drone_matched_adversarial_identity,368,drone,matched_adversarial_identity,0.0,0.6666666666666666,,4,0
37159ae9f042ee5e,cias_no_persistent_self,368_ground_creature_matched_adversarial_identity,368,ground_creature,matched_adversarial_identity,0.0,0.6666666666666666,,4,0
37159ae9f042ee5e,cias_no_persistent_self,368_virtual_avatar_matched_adversarial_identity,368,virtual_avatar,matched_adversarial_identity,0.0,0.6666666666666666,,4,0
37159ae9f042ee5e,cias_no_persistent_self,368_wheeled_robot_matched_adversarial_identity,368,wheeled_robot,matched_adversarial_identity,0.0,0.6666666666666666,,4,0
37159ae9f042ee5e,cias_no_persistent_self,369_drone_matched_adversarial_identity,369,drone,matched_adversarial_identity,0.0,0.6666666666666666,,4,0
37159ae9f042ee5e,cias_no_persistent_self,369_ground_creature_matched_adversarial_identity,369,ground_creature,matched_adversarial_identity,0.0,0.6666666666666666,,4,0
37159ae9f042ee5e,cias_no_persistent_self,369_virtual_avatar_matched_adversarial_identity,369,virtual_avatar,matched_adversarial_identity,0.0,0.6666666666666666,,4,0
37159ae9f042ee5e,cias_no_persistent_self,369_wheeled_robot_matched_adversarial_identity,369,wheeled_robot,matched_adversarial_identity,0.0,0.6666666666666666,,4,0
37159ae9f042ee5e,cias_no_persistent_self,370_drone_matched_adversarial_identity,370,drone,matched_adversarial_identity,0.0,0.6666666666666666,,4,0
37159ae9f042ee5e,cias_no_persistent_self,370_ground_creature_matched_adversarial_identity,370,ground_creature,matched_adversarial_identity,0.0,0.6666666666666666,,4,0
37159ae9f042ee5e,cias_no_persistent_self,370_virtual_avatar_matched_adversarial_identity,370,virtual_avatar,matched_adversarial_identity,0.0,0.6666666666666666,,4,0
37159ae9f042ee5e,cias_no_persistent_self,370_wheeled_robot_matched_adversarial_identity,370,wheeled_robot,matched_adversarial_identity,0.0,0.6666666666666666,,4,0
37159ae9f042ee5e,cias_no_persistent_self,371_drone_matched_adversarial_identity,371,drone,matched_adversarial_identity,0.0,0.6666666666666666,,4,0
37159ae9f042ee5e,cias_no_persistent_self,371_ground_creature_matched_adversarial_identity,371,ground_creature,matched_adversarial_identity,0.0,0.6666666666666666,,4,0
37159ae9f042ee5e,cias_no_persistent_self,371_virtual_avatar_matched_adversarial_identity,371,virtual_avatar,matched_adversarial_identity,0.0,0.6666666666666666,,4,0
37159ae9f042ee5e,cias_no_persistent_self,371_wheeled_robot_matched_adversarial_identity,371,wheeled_robot,matched_adversarial_identity,0.0,0.6666666666666666,,4,0
37159ae9f042ee5e,cias_no_persistent_self,372_drone_matched_adversarial_identity,372,drone,matched_adversarial_identity,0.0,0.6666666666666666,,4,0
37159ae9f042ee5e,cias_no_persistent_self,372_ground_creature_matched_adversarial_identity,372,ground_creature,matched_adversarial_identity,0.0,0.6666666666666666,,4,0
37159ae9f042ee5e,cias_no_persistent_self,372_virtual_avatar_matched_adversarial_identity,372,virtual_avatar,matched_adversarial_identity,0.0,0.6666666666666666,,4,0
37159ae9f042ee5e,cias_no_persistent_self,372_wheeled_robot_matched_adversarial_identity,372,wheeled_robot,matched_adversarial_identity,0.0,0.6666666666666666,,4,0
37159ae9f042ee5e,cias_no_persistent_self,373_drone_matched_adversarial_identity,373,drone,matched_adversarial_identity,0.0,0.6666666666666666,,4,0
37159ae9f042ee5e,cias_no_persistent_self,373_ground_creature_matched_adversarial_identity,373,ground_creature,matched_adversarial_identity,0.0,0.6666666666666666,,4,0
37159ae9f042ee5e,cias_no_persistent_self,373_virtual_avatar_matched_adversarial_identity,373,virtual_avatar,matched_adversarial_identity,0.0,0.6666666666666666,,4,0
37159ae9f042ee5e,cias_no_persistent_self,373_wheeled_robot_matched_adversarial_identity,373,wheeled_robot,matched_adversarial_identity,0.0,0.6666666666666666,,4,0
37159ae9f042ee5e,cias_no_persistent_self,374_drone_matched_adversarial_identity,374,drone,matched_adversarial_identity,0.0,0.6666666666666666,,4,0
37159ae9f042ee5e,cias_no_persistent_self,374_ground_creature_matched_adversarial_identity,374,ground_creature,matched_adversarial_identity,0.0,0.6666666666666666,,4,0
37159ae9f042ee5e,cias_no_persistent_self,374_virtual_avatar_matched_adversarial_identity,374,virtual_avatar,matched_adversarial_identity,0.0,0.6666666666666666,,4,0
37159ae9f042ee5e,cias_no_persistent_self,374_wheeled_robot_matched_adversarial_identity,374,wheeled_robot,matched_adversarial_identity,0.0,0.6666666666666666,,4,0
37159ae9f042ee5e,cias_no_persistent_self,375_drone_matched_adversarial_identity,375,drone,matched_adversarial_identity,0.0,0.6666666666666666,,4,0
37159ae9f042ee5e,cias_no_persistent_self,375_ground_creature_matched_adversarial_identity,375,ground_creature,matched_adversarial_identity,0.0,0.6666666666666666,,4,0
37159ae9f042ee5e,cias_no_persistent_self,375_virtual_avatar_matched_adversarial_identity,375,virtual_avatar,matched_adversarial_identity,0.0,0.6666666666666666,,4,0
37159ae9f042ee5e,cias_no_persistent_self,375_wheeled_robot_matched_adversarial_identity,375,wheeled_robot,matched_adversarial_identity,0.0,0.6666666666666666,,4,0
37159ae9f042ee5e,cias_no_persistent_self,376_drone_matched_adversarial_identity,376,drone,matched_adversarial_identity,0.0,0.6666666666666666,,4,0
37159ae9f042ee5e,cias_no_persistent_self,376_ground_creature_matched_adversarial_identity,376,ground_creature,matched_adversarial_identity,0.0,0.6666666666666666,,4,0
37159ae9f042ee5e,cias_no_persistent_self,376_virtual_avatar_matched_adversarial_identity,376,virtual_avatar,matched_adversarial_identity,0.0,0.6666666666666666,,4,0
37159ae9f042ee5e,cias_no_persistent_self,376_wheeled_robot_matched_adversarial_identity,376,wheeled_robot,matched_adversarial_identity,0.0,0.6666666666666666,,4,0
37159ae9f042ee5e,cias_no_persistent_self,377_drone_matched_adversarial_identity,377,drone,matched_adversarial_identity,0.0,0.6666666666666666,,4,0
37159ae9f042ee5e,cias_no_persistent_self,377_ground_creature_matched_adversarial_identity,377,ground_creature,matched_adversarial_identity,0.0,0.6666666666666666,,4,0
37159ae9f042ee5e,cias_no_persistent_self,377_virtual_avatar_matched_adversarial_identity,377,virtual_avatar,matched_adversarial_identity,0.0,0.6666666666666666,,4,0
37159ae9f042ee5e,cias_no_persistent_self,377_wheeled_robot_matched_adversarial_identity,377,wheeled_robot,matched_adversarial_identity,0.0,0.6666666666666666,,4,0
37159ae9f042ee5e,cias_no_persistent_self,378_drone_matched_adversarial_identity,378,drone,matched_adversarial_identity,0.0,0.6666666666666666,,4,0
37159ae9f042ee5e,cias_no_persistent_self,378_ground_creature_matched_adversarial_identity,378,ground_creature,matched_adversarial_identity,0.0,0.6666666666666666,,4,0
37159ae9f042ee5e,cias_no_persistent_self,378_virtual_avatar_matched_adversarial_identity,378,virtual_avatar,matched_adversarial_identity,0.0,0.6666666666666666,,4,0
37159ae9f042ee5e,cias_no_persistent_self,378_wheeled_robot_matched_adversarial_identity,378,wheeled_robot,matched_adversarial_identity,0.0,0.6666666666666666,,4,0
37159ae9f042ee5e,cias_no_persistent_self,379_drone_matched_adversarial_identity,379,drone,matched_adversarial_identity,0.0,0.6666666666666666,,4,0
37159ae9f042ee5e,cias_no_persistent_self,379_ground_creature_matched_adversarial_identity,379,ground_creature,matched_adversarial_identity,0.0,0.6666666666666666,,4,0
37159ae9f042ee5e,cias_no_persistent_self,379_virtual_avatar_matched_adversarial_identity,379,virtual_avatar,matched_adversarial_identity,0.0,0.6666666666666666,,4,0
37159ae9f042ee5e,cias_no_persistent_self,379_wheeled_robot_matched_adversarial_identity,379,wheeled_robot,matched_adversarial_identity,0.0,0.6666666666666666,,4,0
37159ae9f042ee5e,cias_no_persistent_self,380_drone_matched_adversarial_identity,380,drone,matched_adversarial_identity,0.0,0.6666666666666666,,4,0
37159ae9f042ee5e,cias_no_persistent_self,380_ground_creature_matched_adversarial_identity,380,ground_creature,matched_adversarial_identity,0.0,0.6666666666666666,,4,0
37159ae9f042ee5e,cias_no_persistent_self,380_virtual_avatar_matched_adversarial_identity,380,virtual_avatar,matched_adversarial_identity,0.0,0.6666666666666666,,4,0
37159ae9f042ee5e,cias_no_persistent_self,380_wheeled_robot_matched_adversarial_identity,380,wheeled_robot,matched_adversarial_identity,0.0,0.6666666666666666,,4,0
37159ae9f042ee5e,cias_no_persistent_self,381_drone_matched_adversarial_identity,381,drone,matched_adversarial_identity,0.0,0.6666666666666666,,4,0
37159ae9f042ee5e,cias_no_persistent_self,381_ground_creature_matched_adversarial_identity,381,ground_creature,matched_adversarial_identity,0.0,0.6666666666666666,,4,0
37159ae9f042ee5e,cias_no_persistent_self,381_virtual_avatar_matched_adversarial_identity,381,virtual_avatar,matched_adversarial_identity,0.0,0.6666666666666666,,4,0
37159ae9f042ee5e,cias_no_persistent_self,381_wheeled_robot_matched_adversarial_identity,381,wheeled_robot,matched_adversarial_identity,0.0,0.6666666666666666,,4,0
37159ae9f042ee5e,cias_no_persistent_self,382_drone_matched_adversarial_identity,382,drone,matched_adversarial_identity,0.0,0.6666666666666666,,4,0
37159ae9f042ee5e,cias_no_persistent_self,382_ground_creature_matched_adversarial_identity,382,ground_creature,matched_adversarial_identity,0.0,0.6666666666666666,,4,0
37159ae9f042ee5e,cias_no_persistent_self,382_virtual_avatar_matched_adversarial_identity,382,virtual_avatar,matched_adversarial_identity,0.0,0.6666666666666666,,4,0
37159ae9f042ee5e,cias_no_persistent_self,382_wheeled_robot_matched_adversarial_identity,382,wheeled_robot,matched_adversarial_identity,0.0,0.6666666666666666,,4,0
37159ae9f042ee5e,cias_no_persistent_self,383_drone_matched_adversarial_identity,383,drone,matched_adversarial_identity,0.0,0.6666666666666666,,4,0
37159ae9f042ee5e,cias_no_persistent_self,383_ground_creature_matched_adversarial_identity,383,ground_creature,matched_adversarial_identity,0.0,0.6666666666666666,,4,0
37159ae9f042ee5e,cias_no_persistent_self,383_virtual_avatar_matched_adversarial_identity,383,virtual_avatar,matched_adversarial_identity,0.0,0.6666666666666666,,4,0
37159ae9f042ee5e,cias_no_persistent_self,383_wheeled_robot_matched_adversarial_identity,383,wheeled_robot,matched_adversarial_identity,0.0,0.6666666666666666,,4,0
37159ae9f042ee5e,cias_no_persistent_self,384_drone_matched_adversarial_identity,384,drone,matched_adversarial_identity,0.0,0.6666666666666666,,4,0
37159ae9f042ee5e,cias_no_persistent_self,384_ground_creature_matched_adversarial_identity,384,ground_creature,matched_adversarial_identity,0.0,0.6666666666666666,,4,0
37159ae9f042ee5e,cias_no_persistent_self,384_virtual_avatar_matched_adversarial_identity,384,virtual_avatar,matched_adversarial_identity,0.0,0.6666666666666666,,4,0
37159ae9f042ee5e,cias_no_persistent_self,384_wheeled_robot_matched_adversarial_identity,384,wheeled_robot,matched_adversarial_identity,0.0,0.6666666666666666,,4,0
37159ae9f042ee5e,cias_no_persistent_self,385_drone_matched_adversarial_identity,385,drone,matched_adversarial_identity,0.0,0.6666666666666666,,4,0
37159ae9f042ee5e,cias_no_persistent_self,385_ground_creature_matched_adversarial_identity,385,ground_creature,matched_adversarial_identity,0.0,0.6666666666666666,,4,0
37159ae9f042ee5e,cias_no_persistent_self,385_virtual_avatar_matched_adversarial_identity,385,virtual_avatar,matched_adversarial_identity,0.0,0.6666666666666666,,4,0
37159ae9f042ee5e,cias_no_persistent_self,385_wheeled_robot_matched_adversarial_identity,385,wheeled_robot,matched_adversarial_identity,0.0,0.6666666666666666,,4,0
37159ae9f042ee5e,cias_no_persistent_self,386_drone_matched_adversarial_identity,386,drone,matched_adversarial_identity,0.0,0.6666666666666666,,4,0
37159ae9f042ee5e,cias_no_persistent_self,386_ground_creature_matched_adversarial_identity,386,ground_creature,matched_adversarial_identity,0.0,0.6666666666666666,,4,0
37159ae9f042ee5e,cias_no_persistent_self,386_virtual_avatar_matched_adversarial_identity,386,virtual_avatar,matched_adversarial_identity,0.0,0.6666666666666666,,4,0
37159ae9f042ee5e,cias_no_persistent_self,386_wheeled_robot_matched_adversarial_identity,386,wheeled_robot,matched_adversarial_identity,0.0,0.6666666666666666,,4,0
37159ae9f042ee5e,cias_no_persistent_self,387_drone_matched_adversarial_identity,387,drone,matched_adversarial_identity,0.0,0.6666666666666666,,4,0
37159ae9f042ee5e,cias_no_persistent_self,387_ground_creature_matched_adversarial_identity,387,ground_creature,matched_adversarial_identity,0.0,0.6666666666666666,,4,0
37159ae9f042ee5e,cias_no_persistent_self,387_virtual_avatar_matched_adversarial_identity,387,virtual_avatar,matched_adversarial_identity,0.0,0.6666666666666666,,4,0
37159ae9f042ee5e,cias_no_persistent_self,387_wheeled_robot_matched_adversarial_identity,387,wheeled_robot,matched_adversarial_identity,0.0,0.6666666666666666,,4,0
37159ae9f042ee5e,cias_no_persistent_self,388_drone_matched_adversarial_identity,388,drone,matched_adversarial_identity,0.0,0.6666666666666666,,4,0
37159ae9f042ee5e,cias_no_persistent_self,388_ground_creature_matched_adversarial_identity,388,ground_creature,matched_adversarial_identity,0.0,0.6666666666666666,,4,0
37159ae9f042ee5e,cias_no_persistent_self,388_virtual_avatar_matched_adversarial_identity,388,virtual_avatar,matched_adversarial_identity,0.0,0.6666666666666666,,4,0
37159ae9f042ee5e,cias_no_persistent_self,388_wheeled_robot_matched_adversarial_identity,388,wheeled_robot,matched_adversarial_identity,0.0,0.6666666666666666,,4,0
37159ae9f042ee5e,cias_no_persistent_self,389_drone_matched_adversarial_identity,389,drone,matched_adversarial_identity,0.0,0.6666666666666666,,4,0
37159ae9f042ee5e,cias_no_persistent_self,389_ground_creature_matched_adversarial_identity,389,ground_creature,matched_adversarial_identity,0.0,0.6666666666666666,,4,0
37159ae9f042ee5e,cias_no_persistent_self,389_virtual_avatar_matched_adversarial_identity,389,virtual_avatar,matched_adversarial_identity,0.0,0.6666666666666666,,4,0
37159ae9f042ee5e,cias_no_persistent_self,389_wheeled_robot_matched_adversarial_identity,389,wheeled_robot,matched_adversarial_identity,0.0,0.6666666666666666,,4,0
37159ae9f042ee5e,cias_no_persistent_self,390_drone_matched_adversarial_identity,390,drone,matched_adversarial_identity,0.0,0.6666666666666666,,4,0
37159ae9f042ee5e,cias_no_persistent_self,390_ground_creature_matched_adversarial_identity,390,ground_creature,matched_adversarial_identity,0.0,0.6666666666666666,,4,0
37159ae9f042ee5e,cias_no_persistent_self,390_virtual_avatar_matched_adversarial_identity,390,virtual_avatar,matched_adversarial_identity,0.0,0.6666666666666666,,4,0
37159ae9f042ee5e,cias_no_persistent_self,390_wheeled_robot_matched_adversarial_identity,390,wheeled_robot,matched_adversarial_identity,0.0,0.6666666666666666,,4,0
3eabbd67d74e6d77,cias_full,361_drone_matched_adversarial_identity,361,drone,matched_adversarial_identity,0.9305555555555556,0.06944444444444445,0.5,8,1
3eabbd67d74e6d77,cias_full,361_ground_creature_matched_adversarial_identity,361,ground_creature,matched_adversarial_identity,1.0,0.0,0.0,4,1
3eabbd67d74e6d77,cias_full,361_virtual_avatar_matched_adversarial_identity,361,virtual_avatar,matched_adversarial_identity,1.0,0.0,0.0,4,1
3eabbd67d74e6d77,cias_full,361_wheeled_robot_matched_adversarial_identity,361,wheeled_robot,matched_adversarial_identity,1.0,0.0,0.0,4,1
3eabbd67d74e6d77,cias_full,362_drone_matched_adversarial_identity,362,drone,matched_adversarial_identity,0.9027777777777778,0.09722222222222222,0.7000000000000001,14,1
3eabbd67d74e6d77,cias_full,362_ground_creature_matched_adversarial_identity,362,ground_creature,matched_adversarial_identity,1.0,0.0,0.0,4,1
3eabbd67d74e6d77,cias_full,362_virtual_avatar_matched_adversarial_identity,362,virtual_avatar,matched_adversarial_identity,1.0,0.0,0.0,4,1
3eabbd67d74e6d77,cias_full,362_wheeled_robot_matched_adversarial_identity,362,wheeled_robot,matched_adversarial_identity,1.0,0.0,0.0,4,1
3eabbd67d74e6d77,cias_full,363_drone_matched_adversarial_identity,363,drone,matched_adversarial_identity,0.625,0.09722222222222222,0.7000000000000001,20,1
3eabbd67d74e6d77,cias_full,363_ground_creature_matched_adversarial_identity,363,ground_creature,matched_adversarial_identity,1.0,0.0,0.0,4,1
3eabbd67d74e6d77,cias_full,363_virtual_avatar_matched_adversarial_identity,363,virtual_avatar,matched_adversarial_identity,1.0,0.0,0.0,4,1
3eabbd67d74e6d77,cias_full,363_wheeled_robot_matched_adversarial_identity,363,wheeled_robot,matched_adversarial_identity,0.9305555555555556,0.06944444444444445,0.5,6,1
3eabbd67d74e6d77,cias_full,364_drone_matched_adversarial_identity,364,drone,matched_adversarial_identity,0.9027777777777778,0.09722222222222222,0.7000000000000001,14,1
3eabbd67d74e6d77,cias_full,364_ground_creature_matched_adversarial_identity,364,ground_creature,matched_adversarial_identity,1.0,0.0,0.0,4,1
3eabbd67d74e6d77,cias_full,364_virtual_avatar_matched_adversarial_identity,364,virtual_avatar,matched_adversarial_identity,1.0,0.0,0.0,2,1
3eabbd67d74e6d77,cias_full,364_wheeled_robot_matched_adversarial_identity,364,wheeled_robot,matched_adversarial_identity,1.0,0.0,0.0,4,1
3eabbd67d74e6d77,cias_full,365_drone_matched_adversarial_identity,365,drone,matched_adversarial_identity,0.4166666666666667,0.2916666666666667,2.3000000000000003,20,1
3eabbd67d74e6d77,cias_full,365_ground_creature_matched_adversarial_identity,365,ground_creature,matched_adversarial_identity,1.0,0.0,0.0,4,1
3eabbd67d74e6d77,cias_full,365_virtual_avatar_matched_adversarial_identity,365,virtual_avatar,matched_adversarial_identity,1.0,0.0,0.0,4,1
3eabbd67d74e6d77,cias_full,365_wheeled_robot_matched_adversarial_identity,365,wheeled_robot,matched_adversarial_identity,1.0,0.0,0.0,4,1
3eabbd67d74e6d77,cias_full,366_drone_matched_adversarial_identity,366,drone,matched_adversarial_identity,0.6666666666666666,0.08333333333333333,0.6000000000000001,18,1
3eabbd67d74e6d77,cias_full,366_ground_creature_matched_adversarial_identity,366,ground_creature,matched_adversarial_identity,1.0,0.0,0.0,4,1
3eabbd67d74e6d77,cias_full,366_virtual_avatar_matched_adversarial_identity,366,virtual_avatar,matched_adversarial_identity,1.0,0.0,0.0,4,1
3eabbd67d74e6d77,cias_full,366_wheeled_robot_matched_adversarial_identity,366,wheeled_robot,matched_adversarial_identity,0.9305555555555556,0.06944444444444445,0.5,8,1
3eabbd67d74e6d77,cias_full,367_drone_matched_adversarial_identity,367,drone,matched_adversarial_identity,0.6111111111111112,0.09722222222222222,0.7000000000000001,18,1
3eabbd67d74e6d77,cias_full,367_ground_creature_matched_adversarial_identity,367,ground_creature,matched_adversarial_identity,1.0,0.0,0.0,4,1
3eabbd67d74e6d77,cias_full,367_virtual_avatar_matched_adversarial_identity,367,virtual_avatar,matched_adversarial_identity,1.0,0.0,0.0,4,1
3eabbd67d74e6d77,cias_full,367_wheeled_robot_matched_adversarial_identity,367,wheeled_robot,matched_adversarial_identity,1.0,0.0,0.0,4,1
3eabbd67d74e6d77,cias_full,368_drone_matched_adversarial_identity,368,drone,matched_adversarial_identity,0.9027777777777778,0.09722222222222222,0.7000000000000001,14,1
3eabbd67d74e6d77,cias_full,368_ground_creature_matched_adversarial_identity,368,ground_creature,matched_adversarial_identity,1.0,0.0,0.0,4,1
3eabbd67d74e6d77,cias_full,368_virtual_avatar_matched_adversarial_identity,368,virtual_avatar,matched_adversarial_identity,1.0,0.0,0.0,4,1
3eabbd67d74e6d77,cias_full,368_wheeled_robot_matched_adversarial_identity,368,wheeled_robot,matched_adversarial_identity,0.9166666666666666,0.08333333333333333,0.6000000000000001,10,1
3eabbd67d74e6d77,cias_full,369_drone_matched_adversarial_identity,369,drone,matched_adversarial_identity,0.625,0.09722222222222222,0.7000000000000001,20,1
3eabbd67d74e6d77,cias_full,369_ground_creature_matched_adversarial_identity,369,ground_creature,matched_adversarial_identity,1.0,0.0,0.0,2,1
3eabbd67d74e6d77,cias_full,369_virtual_avatar_matched_adversarial_identity,369,virtual_avatar,matched_adversarial_identity,1.0,0.0,0.0,4,1
3eabbd67d74e6d77,cias_full,369_wheeled_robot_matched_adversarial_identity,369,wheeled_robot,matched_adversarial_identity,1.0,0.0,0.0,4,1
3eabbd67d74e6d77,cias_full,370_drone_matched_adversarial_identity,370,drone,matched_adversarial_identity,0.6388888888888888,0.09722222222222222,0.7000000000000001,22,1
3eabbd67d74e6d77,cias_full,370_ground_creature_matched_adversarial_identity,370,ground_creature,matched_adversarial_identity,1.0,0.0,0.0,4,1
3eabbd67d74e6d77,cias_full,370_virtual_avatar_matched_adversarial_identity,370,virtual_avatar,matched_adversarial_identity,1.0,0.0,0.0,4,1
3eabbd67d74e6d77,cias_full,370_wheeled_robot_matched_adversarial_identity,370,wheeled_robot,matched_adversarial_identity,1.0,0.0,0.0,4,1
3eabbd67d74e6d77,cias_full,371_drone_matched_adversarial_identity,371,drone,matched_adversarial_identity,0.7222222222222222,0.0,0.0,12,1
3eabbd67d74e6d77,cias_full,371_ground_creature_matched_adversarial_identity,371,ground_creature,matched_adversarial_identity,1.0,0.0,0.0,2,1
3eabbd67d74e6d77,cias_full,371_virtual_avatar_matched_adversarial_identity,371,virtual_avatar,matched_adversarial_identity,1.0,0.0,0.0,4,1
3eabbd67d74e6d77,cias_full,371_wheeled_robot_matched_adversarial_identity,371,wheeled_robot,matched_adversarial_identity,0.9444444444444444,0.05555555555555555,0.4,8,1
3eabbd67d74e6d77,cias_full,372_drone_matched_adversarial_identity,372,drone,matched_adversarial_identity,1.0,0.0,0.0,10,1
3eabbd67d74e6d77,cias_full,372_ground_creature_matched_adversarial_identity,372,ground_creature,matched_adversarial_identity,1.0,0.0,0.0,4,1
3eabbd67d74e6d77,cias_full,372_virtual_avatar_matched_adversarial_identity,372,virtual_avatar,matched_adversarial_identity,1.0,0.0,0.0,4,1
3eabbd67d74e6d77,cias_full,372_wheeled_robot_matched_adversarial_identity,372,wheeled_robot,matched_adversarial_identity,1.0,0.0,0.0,4,1
3eabbd67d74e6d77,cias_full,373_drone_matched_adversarial_identity,373,drone,matched_adversarial_identity,0.6666666666666666,0.06944444444444445,0.5,22,1
3eabbd67d74e6d77,cias_full,373_ground_creature_matched_adversarial_identity,373,ground_creature,matched_adversarial_identity,1.0,0.0,0.0,4,1
3eabbd67d74e6d77,cias_full,373_virtual_avatar_matched_adversarial_identity,373,virtual_avatar,matched_adversarial_identity,1.0,0.0,0.0,4,1
3eabbd67d74e6d77,cias_full,373_wheeled_robot_matched_adversarial_identity,373,wheeled_robot,matched_adversarial_identity,1.0,0.0,0.0,4,1
3eabbd67d74e6d77,cias_full,374_drone_matched_adversarial_identity,374,drone,matched_adversarial_identity,0.75,0.0,0.0,22,1
3eabbd67d74e6d77,cias_full,374_ground_creature_matched_adversarial_identity,374,ground_creature,matched_adversarial_identity,1.0,0.0,0.0,4,1
3eabbd67d74e6d77,cias_full,374_virtual_avatar_matched_adversarial_identity,374,virtual_avatar,matched_adversarial_identity,1.0,0.0,0.0,4,1
3eabbd67d74e6d77,cias_full,374_wheeled_robot_matched_adversarial_identity,374,wheeled_robot,matched_adversarial_identity,0.9166666666666666,0.08333333333333333,0.6000000000000001,8,1
3eabbd67d74e6d77,cias_full,375_drone_matched_adversarial_identity,375,drone,matched_adversarial_identity,0.5277777777777778,0.19444444444444445,1.5,16,1
3eabbd67d74e6d77,cias_full,375_ground_creature_matched_adversarial_identity,375,ground_creature,matched_adversarial_identity,1.0,0.0,0.0,4,1
3eabbd67d74e6d77,cias_full,375_virtual_avatar_matched_adversarial_identity,375,virtual_avatar,matched_adversarial_identity,1.0,0.0,0.0,4,1
3eabbd67d74e6d77,cias_full,375_wheeled_robot_matched_adversarial_identity,375,wheeled_robot,matched_adversarial_identity,0.9305555555555556,0.06944444444444445,0.5,8,1
3eabbd67d74e6d77,cias_full,376_drone_matched_adversarial_identity,376,drone,matched_adversarial_identity,0.6527777777777778,0.06944444444444445,0.5,18,1
3eabbd67d74e6d77,cias_full,376_ground_creature_matched_adversarial_identity,376,ground_creature,matched_adversarial_identity,1.0,0.0,0.0,4,1
3eabbd67d74e6d77,cias_full,376_virtual_avatar_matched_adversarial_identity,376,virtual_avatar,matched_adversarial_identity,1.0,0.0,0.0,4,1
3eabbd67d74e6d77,cias_full,376_wheeled_robot_matched_adversarial_identity,376,wheeled_robot,matched_adversarial_identity,0.9305555555555556,0.06944444444444445,0.5,10,1
3eabbd67d74e6d77,cias_full,377_drone_matched_adversarial_identity,377,drone,matched_adversarial_identity,0.6388888888888888,0.09722222222222222,0.7000000000000001,20,1
3eabbd67d74e6d77,cias_full,377_ground_creature_matched_adversarial_identity,377,ground_creature,matched_adversarial_identity,1.0,0.0,0.0,4,1
3eabbd67d74e6d77,cias_full,377_virtual_avatar_matched_adversarial_identity,377,virtual_avatar,matched_adversarial_identity,1.0,0.0,0.0,4,1
3eabbd67d74e6d77,cias_full,377_wheeled_robot_matched_adversarial_identity,377,wheeled_robot,matched_adversarial_identity,1.0,0.0,0.0,4,1
3eabbd67d74e6d77,cias_full,378_drone_matched_adversarial_identity,378,drone,matched_adversarial_identity,0.6388888888888888,0.09722222222222222,0.7000000000000001,14,1
3eabbd67d74e6d77,cias_full,378_ground_creature_matched_adversarial_identity,378,ground_creature,matched_adversarial_identity,1.0,0.0,0.0,4,1
3eabbd67d74e6d77,cias_full,378_virtual_avatar_matched_adversarial_identity,378,virtual_avatar,matched_adversarial_identity,1.0,0.0,0.0,4,1
3eabbd67d74e6d77,cias_full,378_wheeled_robot_matched_adversarial_identity,378,wheeled_robot,matched_adversarial_identity,1.0,0.0,0.0,4,1
3eabbd67d74e6d77,cias_full,379_drone_matched_adversarial_identity,379,drone,matched_adversarial_identity,1.0,0.0,0.0,22,1
3eabbd67d74e6d77,cias_full,379_ground_creature_matched_adversarial_identity,379,ground_creature,matched_adversarial_identity,1.0,0.0,0.0,4,1
3eabbd67d74e6d77,cias_full,379_virtual_avatar_matched_adversarial_identity,379,virtual_avatar,matched_adversarial_identity,1.0,0.0,0.0,4,1
3eabbd67d74e6d77,cias_full,379_wheeled_robot_matched_adversarial_identity,379,wheeled_robot,matched_adversarial_identity,1.0,0.0,0.0,4,1
3eabbd67d74e6d77,cias_full,380_drone_matched_adversarial_identity,380,drone,matched_adversarial_identity,0.6805555555555556,0.06944444444444445,0.5,14,1
3eabbd67d74e6d77,cias_full,380_ground_creature_matched_adversarial_identity,380,ground_creature,matched_adversarial_identity,1.0,0.0,0.0,4,1
3eabbd67d74e6d77,cias_full,380_virtual_avatar_matched_adversarial_identity,380,virtual_avatar,matched_adversarial_identity,1.0,0.0,0.0,4,1
3eabbd67d74e6d77,cias_full,380_wheeled_robot_matched_adversarial_identity,380,wheeled_robot,matched_adversarial_identity,1.0,0.0,0.0,4,1
3eabbd67d74e6d77,cias_full,381_drone_matched_adversarial_identity,381,drone,matched_adversarial_identity,1.0,0.0,0.0,10,1
3eabbd67d74e6d77,cias_full,381_ground_creature_matched_adversarial_identity,381,ground_creature,matched_adversarial_identity,1.0,0.0,0.0,4,1
3eabbd67d74e6d77,cias_full,381_virtual_avatar_matched_adversarial_identity,381,virtual_avatar,matched_adversarial_identity,1.0,0.0,0.0,4,1
3eabbd67d74e6d77,cias_full,381_wheeled_robot_matched_adversarial_identity,381,wheeled_robot,matched_adversarial_identity,1.0,0.0,0.0,6,1
3eabbd67d74e6d77,cias_full,382_drone_matched_adversarial_identity,382,drone,matched_adversarial_identity,1.0,0.0,0.0,16,1
3eabbd67d74e6d77,cias_full,382_ground_creature_matched_adversarial_identity,382,ground_creature,matched_adversarial_identity,1.0,0.0,0.0,4,1
3eabbd67d74e6d77,cias_full,382_virtual_avatar_matched_adversarial_identity,382,virtual_avatar,matched_adversarial_identity,1.0,0.0,0.0,4,1
3eabbd67d74e6d77,cias_full,382_wheeled_robot_matched_adversarial_identity,382,wheeled_robot,matched_adversarial_identity,1.0,0.0,0.0,6,1
3eabbd67d74e6d77,cias_full,383_drone_matched_adversarial_identity,383,drone,matched_adversarial_identity,0.9027777777777778,0.09722222222222222,0.7000000000000001,10,1
3eabbd67d74e6d77,cias_full,383_ground_creature_matched_adversarial_identity,383,ground_creature,matched_adversarial_identity,1.0,0.0,0.0,4,1
3eabbd67d74e6d77,cias_full,383_virtual_avatar_matched_adversarial_identity,383,virtual_avatar,matched_adversarial_identity,1.0,0.0,0.0,4,1
3eabbd67d74e6d77,cias_full,383_wheeled_robot_matched_adversarial_identity,383,wheeled_robot,matched_adversarial_identity,1.0,0.0,0.0,4,1
3eabbd67d74e6d77,cias_full,384_drone_matched_adversarial_identity,384,drone,matched_adversarial_identity,1.0,0.0,0.0,8,1
3eabbd67d74e6d77,cias_full,384_ground_creature_matched_adversarial_identity,384,ground_creature,matched_adversarial_identity,1.0,0.0,0.0,4,1
3eabbd67d74e6d77,cias_full,384_virtual_avatar_matched_adversarial_identity,384,virtual_avatar,matched_adversarial_identity,1.0,0.0,0.0,2,1
3eabbd67d74e6d77,cias_full,384_wheeled_robot_matched_adversarial_identity,384,wheeled_robot,matched_adversarial_identity,1.0,0.0,0.0,4,1
3eabbd67d74e6d77,cias_full,385_drone_matched_adversarial_identity,385,drone,matched_adversarial_identity,0.9027777777777778,0.09722222222222222,0.7000000000000001,10,1
3eabbd67d74e6d77,cias_full,385_ground_creature_matched_adversarial_identity,385,ground_creature,matched_adversarial_identity,1.0,0.0,0.0,4,1
3eabbd67d74e6d77,cias_full,385_virtual_avatar_matched_adversarial_identity,385,virtual_avatar,matched_adversarial_identity,1.0,0.0,0.0,4,1
3eabbd67d74e6d77,cias_full,385_wheeled_robot_matched_adversarial_identity,385,wheeled_robot,matched_adversarial_identity,1.0,0.0,0.0,4,1
3eabbd67d74e6d77,cias_full,386_drone_matched_adversarial_identity,386,drone,matched_adversarial_identity,0.9305555555555556,0.06944444444444445,0.5,14,1
3eabbd67d74e6d77,cias_full,386_ground_creature_matched_adversarial_identity,386,ground_creature,matched_adversarial_identity,1.0,0.0,0.0,4,1
3eabbd67d74e6d77,cias_full,386_virtual_avatar_matched_adversarial_identity,386,virtual_avatar,matched_adversarial_identity,1.0,0.0,0.0,4,1
3eabbd67d74e6d77,cias_full,386_wheeled_robot_matched_adversarial_identity,386,wheeled_robot,matched_adversarial_identity,1.0,0.0,0.0,4,1
3eabbd67d74e6d77,cias_full,387_drone_matched_adversarial_identity,387,drone,matched_adversarial_identity,1.0,0.0,0.0,14,1
3eabbd67d74e6d77,cias_full,387_ground_creature_matched_adversarial_identity,387,ground_creature,matched_adversarial_identity,1.0,0.0,0.0,4,1
3eabbd67d74e6d77,cias_full,387_virtual_avatar_matched_adversarial_identity,387,virtual_avatar,matched_adversarial_identity,1.0,0.0,0.0,4,1
3eabbd67d74e6d77,cias_full,387_wheeled_robot_matched_adversarial_identity,387,wheeled_robot,matched_adversarial_identity,1.0,0.0,0.0,4,1
3eabbd67d74e6d77,cias_full,388_drone_matched_adversarial_identity,388,drone,matched_adversarial_identity,0.75,0.0,0.0,22,1
3eabbd67d74e6d77,cias_full,388_ground_creature_matched_adversarial_identity,388,ground_creature,matched_adversarial_identity,1.0,0.0,0.0,4,1
3eabbd67d74e6d77,cias_full,388_virtual_avatar_matched_adversarial_identity,388,virtual_avatar,matched_adversarial_identity,1.0,0.0,0.0,4,1
3eabbd67d74e6d77,cias_full,388_wheeled_robot_matched_adversarial_identity,388,wheeled_robot,matched_adversarial_identity,1.0,0.0,0.0,4,1
3eabbd67d74e6d77,cias_full,389_drone_matched_adversarial_identity,389,drone,matched_adversarial_identity,0.7361111111111112,0.0,0.0,16,1
3eabbd67d74e6d77,cias_full,389_ground_creature_matched_adversarial_identity,389,ground_creature,matched_adversarial_identity,1.0,0.0,0.0,4,1
3eabbd67d74e6d77,cias_full,389_virtual_avatar_matched_adversarial_identity,389,virtual_avatar,matched_adversarial_identity,1.0,0.0,0.0,4,1
3eabbd67d74e6d77,cias_full,389_wheeled_robot_matched_adversarial_identity,389,wheeled_robot,matched_adversarial_identity,1.0,0.0,0.0,4,1
3eabbd67d74e6d77,cias_full,390_drone_matched_adversarial_identity,390,drone,matched_adversarial_identity,1.0,0.0,0.0,4,1
3eabbd67d74e6d77,cias_full,390_ground_creature_matched_adversarial_identity,390,ground_creature,matched_adversarial_identity,1.0,0.0,0.0,4,1
3eabbd67d74e6d77,cias_full,390_virtual_avatar_matched_adversarial_identity,390,virtual_avatar,matched_adversarial_identity,1.0,0.0,0.0,4,1
3eabbd67d74e6d77,cias_full,390_wheeled_robot_matched_adversarial_identity,390,wheeled_robot,matched_adversarial_identity,1.0,0.0,0.0,4,1
3eabbd67d74e6d77,cias_no_persistent_self,361_drone_matched_adversarial_identity,361,drone,matched_adversarial_identity,0.0,0.6666666666666666,,4,0
3eabbd67d74e6d77,cias_no_persistent_self,361_ground_creature_matched_adversarial_identity,361,ground_creature,matched_adversarial_identity,0.0,0.6666666666666666,,4,0
3eabbd67d74e6d77,cias_no_persistent_self,361_virtual_avatar_matched_adversarial_identity,361,virtual_avatar,matched_adversarial_identity,0.0,0.6666666666666666,,4,0
3eabbd67d74e6d77,cias_no_persistent_self,361_wheeled_robot_matched_adversarial_identity,361,wheeled_robot,matched_adversarial_identity,0.0,0.6666666666666666,,4,0
3eabbd67d74e6d77,cias_no_persistent_self,362_drone_matched_adversarial_identity,362,drone,matched_adversarial_identity,0.0,0.6666666666666666,,4,0
3eabbd67d74e6d77,cias_no_persistent_self,362_ground_creature_matched_adversarial_identity,362,ground_creature,matched_adversarial_identity,0.0,0.6666666666666666,,4,0
3eabbd67d74e6d77,cias_no_persistent_self,362_virtual_avatar_matched_adversarial_identity,362,virtual_avatar,matched_adversarial_identity,0.0,0.6666666666666666,,4,0
3eabbd67d74e6d77,cias_no_persistent_self,362_wheeled_robot_matched_adversarial_identity,362,wheeled_robot,matched_adversarial_identity,0.0,0.6666666666666666,,4,0
3eabbd67d74e6d77,cias_no_persistent_self,363_drone_matched_adversarial_identity,363,drone,matched_adversarial_identity,0.0,0.6666666666666666,,4,0
3eabbd67d74e6d77,cias_no_persistent_self,363_ground_creature_matched_adversarial_identity,363,ground_creature,matched_adversarial_identity,0.0,0.6666666666666666,,4,0
3eabbd67d74e6d77,cias_no_persistent_self,363_virtual_avatar_matched_adversarial_identity,363,virtual_avatar,matched_adversarial_identity,0.0,0.6666666666666666,,4,0
3eabbd67d74e6d77,cias_no_persistent_self,363_wheeled_robot_matched_adversarial_identity,363,wheeled_robot,matched_adversarial_identity,0.0,0.6666666666666666,,4,0
3eabbd67d74e6d77,cias_no_persistent_self,364_drone_matched_adversarial_identity,364,drone,matched_adversarial_identity,0.0,0.6666666666666666,,4,0
3eabbd67d74e6d77,cias_no_persistent_self,364_ground_creature_matched_adversarial_identity,364,ground_creature,matched_adversarial_identity,0.0,0.6666666666666666,,4,0
3eabbd67d74e6d77,cias_no_persistent_self,364_virtual_avatar_matched_adversarial_identity,364,virtual_avatar,matched_adversarial_identity,0.0,0.6666666666666666,,4,0
3eabbd67d74e6d77,cias_no_persistent_self,364_wheeled_robot_matched_adversarial_identity,364,wheeled_robot,matched_adversarial_identity,0.0,0.6666666666666666,,4,0
3eabbd67d74e6d77,cias_no_persistent_self,365_drone_matched_adversarial_identity,365,drone,matched_adversarial_identity,0.0,0.6666666666666666,,4,0
3eabbd67d74e6d77,cias_no_persistent_self,365_ground_creature_matched_adversarial_identity,365,ground_creature,matched_adversarial_identity,0.0,0.6666666666666666,,4,0
3eabbd67d74e6d77,cias_no_persistent_self,365_virtual_avatar_matched_adversarial_identity,365,virtual_avatar,matched_adversarial_identity,0.0,0.6666666666666666,,4,0
3eabbd67d74e6d77,cias_no_persistent_self,365_wheeled_robot_matched_adversarial_identity,365,wheeled_robot,matched_adversarial_identity,0.0,0.6666666666666666,,4,0
3eabbd67d74e6d77,cias_no_persistent_self,366_drone_matched_adversarial_identity,366,drone,matched_adversarial_identity,0.0,0.6666666666666666,,4,0
3eabbd67d74e6d77,cias_no_persistent_self,366_ground_creature_matched_adversarial_identity,366,ground_creature,matched_adversarial_identity,0.0,0.6666666666666666,,4,0
3eabbd67d74e6d77,cias_no_persistent_self,366_virtual_avatar_matched_adversarial_identity,366,virtual_avatar,matched_adversarial_identity,1.0,0.0,0.0,3,1
3eabbd67d74e6d77,cias_no_persistent_self,366_wheeled_robot_matched_adversarial_identity,366,wheeled_robot,matched_adversarial_identity,0.0,0.6666666666666666,,4,0
3eabbd67d74e6d77,cias_no_persistent_self,367_drone_matched_adversarial_identity,367,drone,matched_adversarial_identity,0.0,0.6666666666666666,,4,0
3eabbd67d74e6d77,cias_no_persistent_self,367_ground_creature_matched_adversarial_identity,367,ground_creature,matched_adversarial_identity,0.0,0.6666666666666666,,4,0
3eabbd67d74e6d77,cias_no_persistent_self,367_virtual_avatar_matched_adversarial_identity,367,virtual_avatar,matched_adversarial_identity,1.0,0.0,0.0,3,1
3eabbd67d74e6d77,cias_no_persistent_self,367_wheeled_robot_matched_adversarial_identity,367,wheeled_robot,matched_adversarial_identity,0.0,0.6666666666666666,,4,0
3eabbd67d74e6d77,cias_no_persistent_self,368_drone_matched_adversarial_identity,368,drone,matched_adversarial_identity,0.0,0.6666666666666666,,4,0
3eabbd67d74e6d77,cias_no_persistent_self,368_ground_creature_matched_adversarial_identity,368,ground_creature,matched_adversarial_identity,1.0,0.0,0.0,3,1
3eabbd67d74e6d77,cias_no_persistent_self,368_virtual_avatar_matched_adversarial_identity,368,virtual_avatar,matched_adversarial_identity,1.0,0.0,0.0,3,1
3eabbd67d74e6d77,cias_no_persistent_self,368_wheeled_robot_matched_adversarial_identity,368,wheeled_robot,matched_adversarial_identity,1.0,0.0,0.0,3,1
3eabbd67d74e6d77,cias_no_persistent_self,369_drone_matched_adversarial_identity,369,drone,matched_adversarial_identity,0.0,0.6666666666666666,,4,0
3eabbd67d74e6d77,cias_no_persistent_self,369_ground_creature_matched_adversarial_identity,369,ground_creature,matched_adversarial_identity,0.0,0.6666666666666666,,4,0
3eabbd67d74e6d77,cias_no_persistent_self,369_virtual_avatar_matched_adversarial_identity,369,virtual_avatar,matched_adversarial_identity,1.0,0.0,0.0,3,1
3eabbd67d74e6d77,cias_no_persistent_self,369_wheeled_robot_matched_adversarial_identity,369,wheeled_robot,matched_adversarial_identity,0.0,0.6666666666666666,,4,0
3eabbd67d74e6d77,cias_no_persistent_self,370_drone_matched_adversarial_identity,370,drone,matched_adversarial_identity,0.0,0.6666666666666666,,4,0
3eabbd67d74e6d77,cias_no_persistent_self,370_ground_creature_matched_adversarial_identity,370,ground_creature,matched_adversarial_identity,0.0,0.6666666666666666,,4,0
3eabbd67d74e6d77,cias_no_persistent_self,370_virtual_avatar_matched_adversarial_identity,370,virtual_avatar,matched_adversarial_identity,1.0,0.0,0.0,3,1
3eabbd67d74e6d77,cias_no_persistent_self,370_wheeled_robot_matched_adversarial_identity,370,wheeled_robot,matched_adversarial_identity,0.0,0.6666666666666666,,4,0
3eabbd67d74e6d77,cias_no_persistent_self,371_drone_matched_adversarial_identity,371,drone,matched_adversarial_identity,0.0,0.6666666666666666,,4,0
3eabbd67d74e6d77,cias_no_persistent_self,371_ground_creature_matched_adversarial_identity,371,ground_creature,matched_adversarial_identity,1.0,0.0,0.0,3,1
3eabbd67d74e6d77,cias_no_persistent_self,371_virtual_avatar_matched_adversarial_identity,371,virtual_avatar,matched_adversarial_identity,1.0,0.0,0.0,3,1
3eabbd67d74e6d77,cias_no_persistent_self,371_wheeled_robot_matched_adversarial_identity,371,wheeled_robot,matched_adversarial_identity,1.0,0.0,0.0,3,1
3eabbd67d74e6d77,cias_no_persistent_self,372_drone_matched_adversarial_identity,372,drone,matched_adversarial_identity,0.0,0.6666666666666666,,4,0
3eabbd67d74e6d77,cias_no_persistent_self,372_ground_creature_matched_adversarial_identity,372,ground_creature,matched_adversarial_identity,0.0,0.6666666666666666,,4,0
3eabbd67d74e6d77,cias_no_persistent_self,372_virtual_avatar_matched_adversarial_identity,372,virtual_avatar,matched_adversarial_identity,1.0,0.0,0.0,3,1
3eabbd67d74e6d77,cias_no_persistent_self,372_wheeled_robot_matched_adversarial_identity,372,wheeled_robot,matched_adversarial_identity,0.0,0.6666666666666666,,4,0
3eabbd67d74e6d77,cias_no_persistent_self,373_drone_matched_adversarial_identity,373,drone,matched_adversarial_identity,0.0,0.6666666666666666,,4,0
3eabbd67d74e6d77,cias_no_persistent_self,373_ground_creature_matched_adversarial_identity,373,ground_creature,matched_adversarial_identity,1.0,0.0,0.0,3,1
3eabbd67d74e6d77,cias_no_persistent_self,373_virtual_avatar_matched_adversarial_identity,373,virtual_avatar,matched_adversarial_identity,1.0,0.0,0.0,3,1
3eabbd67d74e6d77,cias_no_persistent_self,373_wheeled_robot_matched_adversarial_identity,373,wheeled_robot,matched_adversarial_identity,0.0,0.6666666666666666,,4,0
3eabbd67d74e6d77,cias_no_persistent_self,374_drone_matched_adversarial_identity,374,drone,matched_adversarial_identity,0.0,0.6666666666666666,,4,0
3eabbd67d74e6d77,cias_no_persistent_self,374_ground_creature_matched_adversarial_identity,374,ground_creature,matched_adversarial_identity,0.0,0.6666666666666666,,4,0
3eabbd67d74e6d77,cias_no_persistent_self,374_virtual_avatar_matched_adversarial_identity,374,virtual_avatar,matched_adversarial_identity,1.0,0.0,0.0,3,1
3eabbd67d74e6d77,cias_no_persistent_self,374_wheeled_robot_matched_adversarial_identity,374,wheeled_robot,matched_adversarial_identity,0.0,0.6666666666666666,,4,0
3eabbd67d74e6d77,cias_no_persistent_self,375_drone_matched_adversarial_identity,375,drone,matched_adversarial_identity,0.0,0.6666666666666666,,4,0
3eabbd67d74e6d77,cias_no_persistent_self,375_ground_creature_matched_adversarial_identity,375,ground_creature,matched_adversarial_identity,0.0,0.6666666666666666,,4,0
3eabbd67d74e6d77,cias_no_persistent_self,375_virtual_avatar_matched_adversarial_identity,375,virtual_avatar,matched_adversarial_identity,0.0,0.6666666666666666,,4,0
3eabbd67d74e6d77,cias_no_persistent_self,375_wheeled_robot_matched_adversarial_identity,375,wheeled_robot,matched_adversarial_identity,0.0,0.6666666666666666,,4,0
3eabbd67d74e6d77,cias_no_persistent_self,376_drone_matched_adversarial_identity,376,drone,matched_adversarial_identity,0.0,0.6666666666666666,,4,0
3eabbd67d74e6d77,cias_no_persistent_self,376_ground_creature_matched_adversarial_identity,376,ground_creature,matched_adversarial_identity,0.0,0.6666666666666666,,4,0
3eabbd67d74e6d77,cias_no_persistent_self,376_virtual_avatar_matched_adversarial_identity,376,virtual_avatar,matched_adversarial_identity,0.0,0.6666666666666666,,4,0
3eabbd67d74e6d77,cias_no_persistent_self,376_wheeled_robot_matched_adversarial_identity,376,wheeled_robot,matched_adversarial_identity,0.0,0.6666666666666666,,4,0
3eabbd67d74e6d77,cias_no_persistent_self,377_drone_matched_adversarial_identity,377,drone,matched_adversarial_identity,0.0,0.6666666666666666,,4,0
3eabbd67d74e6d77,cias_no_persistent_self,377_ground_creature_matched_adversarial_identity,377,ground_creature,matched_adversarial_identity,0.0,0.6666666666666666,,4,0
3eabbd67d74e6d77,cias_no_persistent_self,377_virtual_avatar_matched_adversarial_identity,377,virtual_avatar,matched_adversarial_identity,0.0,0.6666666666666666,,4,0
3eabbd67d74e6d77,cias_no_persistent_self,377_wheeled_robot_matched_adversarial_identity,377,wheeled_robot,matched_adversarial_identity,0.0,0.6666666666666666,,4,0
3eabbd67d74e6d77,cias_no_persistent_self,378_drone_matched_adversarial_identity,378,drone,matched_adversarial_identity,0.0,0.6666666666666666,,4,0
3eabbd67d74e6d77,cias_no_persistent_self,378_ground_creature_matched_adversarial_identity,378,ground_creature,matched_adversarial_identity,0.0,0.6666666666666666,,4,0
3eabbd67d74e6d77,cias_no_persistent_self,378_virtual_avatar_matched_adversarial_identity,378,virtual_avatar,matched_adversarial_identity,0.0,0.6666666666666666,,4,0
3eabbd67d74e6d77,cias_no_persistent_self,378_wheeled_robot_matched_adversarial_identity,378,wheeled_robot,matched_adversarial_identity,0.0,0.6666666666666666,,4,0
3eabbd67d74e6d77,cias_no_persistent_self,379_drone_matched_adversarial_identity,379,drone,matched_adversarial_identity,0.0,0.6666666666666666,,4,0
3eabbd67d74e6d77,cias_no_persistent_self,379_ground_creature_matched_adversarial_identity,379,ground_creature,matched_adversarial_identity,0.0,0.6666666666666666,,4,0
3eabbd67d74e6d77,cias_no_persistent_self,379_virtual_avatar_matched_adversarial_identity,379,virtual_avatar,matched_adversarial_identity,0.0,0.6666666666666666,,4,0
3eabbd67d74e6d77,cias_no_persistent_self,379_wheeled_robot_matched_adversarial_identity,379,wheeled_robot,matched_adversarial_identity,0.0,0.6666666666666666,,4,0
3eabbd67d74e6d77,cias_no_persistent_self,380_drone_matched_adversarial_identity,380,drone,matched_adversarial_identity,0.0,0.6666666666666666,,4,0
3eabbd67d74e6d77,cias_no_persistent_self,380_ground_creature_matched_adversarial_identity,380,ground_creature,matched_adversarial_identity,0.0,0.6666666666666666,,4,0
3eabbd67d74e6d77,cias_no_persistent_self,380_virtual_avatar_matched_adversarial_identity,380,virtual_avatar,matched_adversarial_identity,0.0,0.6666666666666666,,4,0
3eabbd67d74e6d77,cias_no_persistent_self,380_wheeled_robot_matched_adversarial_identity,380,wheeled_robot,matched_adversarial_identity,0.0,0.6666666666666666,,4,0
3eabbd67d74e6d77,cias_no_persistent_self,381_drone_matched_adversarial_identity,381,drone,matched_adversarial_identity,0.0,0.6666666666666666,,4,0
3eabbd67d74e6d77,cias_no_persistent_self,381_ground_creature_matched_adversarial_identity,381,ground_creature,matched_adversarial_identity,0.0,0.6666666666666666,,4,0
3eabbd67d74e6d77,cias_no_persistent_self,381_virtual_avatar_matched_adversarial_identity,381,virtual_avatar,matched_adversarial_identity,0.0,0.6666666666666666,,4,0
3eabbd67d74e6d77,cias_no_persistent_self,381_wheeled_robot_matched_adversarial_identity,381,wheeled_robot,matched_adversarial_identity,0.0,0.6666666666666666,,4,0
3eabbd67d74e6d77,cias_no_persistent_self,382_drone_matched_adversarial_identity,382,drone,matched_adversarial_identity,0.0,0.6666666666666666,,4,0
3eabbd67d74e6d77,cias_no_persistent_self,382_ground_creature_matched_adversarial_identity,382,ground_creature,matched_adversarial_identity,0.0,0.6666666666666666,,4,0
3eabbd67d74e6d77,cias_no_persistent_self,382_virtual_avatar_matched_adversarial_identity,382,virtual_avatar,matched_adversarial_identity,0.0,0.6666666666666666,,4,0
3eabbd67d74e6d77,cias_no_persistent_self,382_wheeled_robot_matched_adversarial_identity,382,wheeled_robot,matched_adversarial_identity,0.0,0.6666666666666666,,4,0
3eabbd67d74e6d77,cias_no_persistent_self,383_drone_matched_adversarial_identity,383,drone,matched_adversarial_identity,0.0,0.6666666666666666,,4,0
3eabbd67d74e6d77,cias_no_persistent_self,383_ground_creature_matched_adversarial_identity,383,ground_creature,matched_adversarial_identity,0.0,0.6666666666666666,,4,0
3eabbd67d74e6d77,cias_no_persistent_self,383_virtual_avatar_matched_adversarial_identity,383,virtual_avatar,matched_adversarial_identity,0.0,0.6666666666666666,,4,0
3eabbd67d74e6d77,cias_no_persistent_self,383_wheeled_robot_matched_adversarial_identity,383,wheeled_robot,matched_adversarial_identity,0.0,0.6666666666666666,,4,0
3eabbd67d74e6d77,cias_no_persistent_self,384_drone_matched_adversarial_identity,384,drone,matched_adversarial_identity,0.0,0.6666666666666666,,4,0
3eabbd67d74e6d77,cias_no_persistent_self,384_ground_creature_matched_adversarial_identity,384,ground_creature,matched_adversarial_identity,0.0,0.6666666666666666,,4,0
3eabbd67d74e6d77,cias_no_persistent_self,384_virtual_avatar_matched_adversarial_identity,384,virtual_avatar,matched_adversarial_identity,1.0,0.0,0.0,3,1
3eabbd67d74e6d77,cias_no_persistent_self,384_wheeled_robot_matched_adversarial_identity,384,wheeled_robot,matched_adversarial_identity,0.0,0.6666666666666666,,4,0
3eabbd67d74e6d77,cias_no_persistent_self,385_drone_matched_adversarial_identity,385,drone,matched_adversarial_identity,0.0,0.6666666666666666,,4,0
3eabbd67d74e6d77,cias_no_persistent_self,385_ground_creature_matched_adversarial_identity,385,ground_creature,matched_adversarial_identity,0.0,0.6666666666666666,,4,0
3eabbd67d74e6d77,cias_no_persistent_self,385_virtual_avatar_matched_adversarial_identity,385,virtual_avatar,matched_adversarial_identity,1.0,0.0,0.0,3,1
3eabbd67d74e6d77,cias_no_persistent_self,385_wheeled_robot_matched_adversarial_identity,385,wheeled_robot,matched_adversarial_identity,0.0,0.6666666666666666,,4,0
3eabbd67d74e6d77,cias_no_persistent_self,386_drone_matched_adversarial_identity,386,drone,matched_adversarial_identity,0.0,0.6666666666666666,,4,0
3eabbd67d74e6d77,cias_no_persistent_self,386_ground_creature_matched_adversarial_identity,386,ground_creature,matched_adversarial_identity,0.0,0.6666666666666666,,4,0
3eabbd67d74e6d77,cias_no_persistent_self,386_virtual_avatar_matched_adversarial_identity,386,virtual_avatar,matched_adversarial_identity,1.0,0.0,0.0,3,1
3eabbd67d74e6d77,cias_no_persistent_self,386_wheeled_robot_matched_adversarial_identity,386,wheeled_robot,matched_adversarial_identity,0.0,0.6666666666666666,,4,0
3eabbd67d74e6d77,cias_no_persistent_self,387_drone_matched_adversarial_identity,387,drone,matched_adversarial_identity,0.0,0.6666666666666666,,4,0
3eabbd67d74e6d77,cias_no_persistent_self,387_ground_creature_matched_adversarial_identity,387,ground_creature,matched_adversarial_identity,0.0,0.6666666666666666,,4,0
3eabbd67d74e6d77,cias_no_persistent_self,387_virtual_avatar_matched_adversarial_identity,387,virtual_avatar,matched_adversarial_identity,1.0,0.0,0.0,3,1
3eabbd67d74e6d77,cias_no_persistent_self,387_wheeled_robot_matched_adversarial_identity,387,wheeled_robot,matched_adversarial_identity,0.0,0.6666666666666666,,4,0
3eabbd67d74e6d77,cias_no_persistent_self,388_drone_matched_adversarial_identity,388,drone,matched_adversarial_identity,0.0,0.6666666666666666,,4,0
3eabbd67d74e6d77,cias_no_persistent_self,388_ground_creature_matched_adversarial_identity,388,ground_creature,matched_adversarial_identity,0.0,0.6666666666666666,,4,0
3eabbd67d74e6d77,cias_no_persistent_self,388_virtual_avatar_matched_adversarial_identity,388,virtual_avatar,matched_adversarial_identity,1.0,0.0,0.0,3,1
3eabbd67d74e6d77,cias_no_persistent_self,388_wheeled_robot_matched_adversarial_identity,388,wheeled_robot,matched_adversarial_identity,0.0,0.6666666666666666,,4,0
3eabbd67d74e6d77,cias_no_persistent_self,389_drone_matched_adversarial_identity,389,drone,matched_adversarial_identity,0.0,0.6666666666666666,,4,0
3eabbd67d74e6d77,cias_no_persistent_self,389_ground_creature_matched_adversarial_identity,389,ground_creature,matched_adversarial_identity,1.0,0.0,0.0,3,1
3eabbd67d74e6d77,cias_no_persistent_self,389_virtual_avatar_matched_adversarial_identity,389,virtual_avatar,matched_adversarial_identity,1.0,0.0,0.0,3,1
3eabbd67d74e6d77,cias_no_persistent_self,389_wheeled_robot_matched_adversarial_identity,389,wheeled_robot,matched_adversarial_identity,0.0,0.6666666666666666,,4,0
3eabbd67d74e6d77,cias_no_persistent_self,390_drone_matched_adversarial_identity,390,drone,matched_adversarial_identity,0.0,0.6666666666666666,,4,0
3eabbd67d74e6d77,cias_no_persistent_self,390_ground_creature_matched_adversarial_identity,390,ground_creature,matched_adversarial_identity,0.0,0.6666666666666666,,4,0
3eabbd67d74e6d77,cias_no_persistent_self,390_virtual_avatar_matched_adversarial_identity,390,virtual_avatar,matched_adversarial_identity,1.0,0.0,0.0,3,1
3eabbd67d74e6d77,cias_no_persistent_self,390_wheeled_robot_matched_adversarial_identity,390,wheeled_robot,matched_adversarial_identity,0.0,0.6666666666666666,,4,0
4174679effc60e6c,cias_full,361_drone_matched_adversarial_identity,361,drone,matched_adversarial_identity,0.8888888888888888,0.06944444444444445,0.5,14,1
4174679effc60e6c,cias_full,361_ground_creature_matched_adversarial_identity,361,ground_creature,matched_adversarial_identity,1.0,0.0,0.0,2,1
4174679effc60e6c,cias_full,361_virtual_avatar_matched_adversarial_identity,361,virtual_avatar,matched_adversarial_identity,1.0,0.0,0.0,0,1
4174679effc60e6c,cias_full,361_wheeled_robot_matched_adversarial_identity,361,wheeled_robot,matched_adversarial_identity,0.8888888888888888,0.0,0.0,14,1
4174679effc60e6c,cias_full,362_drone_matched_adversarial_identity,362,drone,matched_adversarial_identity,0.6388888888888888,0.08333333333333333,0.6000000000000001,20,1
4174679effc60e6c,cias_full,362_ground_creature_matched_adversarial_identity,362,ground_creature,matched_adversarial_identity,1.0,0.0,0.0,4,1
4174679effc60e6c,cias_full,362_virtual_avatar_matched_adversarial_identity,362,virtual_avatar,matched_adversarial_identity,1.0,0.0,0.0,0,1
4174679effc60e6c,cias_full,362_wheeled_robot_matched_adversarial_identity,362,wheeled_robot,matched_adversarial_identity,1.0,0.0,0.0,8,1
4174679effc60e6c,cias_full,363_drone_matched_adversarial_identity,363,drone,matched_adversarial_identity,0.7638888888888888,0.013888888888888888,0.1,24,1
4174679effc60e6c,cias_full,363_ground_creature_matched_adversarial_identity,363,ground_creature,matched_adversarial_identity,1.0,0.0,0.0,4,1
4174679effc60e6c,cias_full,363_virtual_avatar_matched_adversarial_identity,363,virtual_avatar,matched_adversarial_identity,1.0,0.0,0.0,0,1
4174679effc60e6c,cias_full,363_wheeled_robot_matched_adversarial_identity,363,wheeled_robot,matched_adversarial_identity,1.0,0.0,0.0,6,1
4174679effc60e6c,cias_full,364_drone_matched_adversarial_identity,364,drone,matched_adversarial_identity,0.9861111111111112,0.013888888888888888,0.1,14,1
4174679effc60e6c,cias_full,364_ground_creature_matched_adversarial_identity,364,ground_creature,matched_adversarial_identity,1.0,0.0,0.0,2,1
4174679effc60e6c,cias_full,364_virtual_avatar_matched_adversarial_identity,364,virtual_avatar,matched_adversarial_identity,1.0,0.0,0.0,0,1
4174679effc60e6c,cias_full,364_wheeled_robot_matched_adversarial_identity,364,wheeled_robot,matched_adversarial_identity,0.875,0.0,0.0,12,1
4174679effc60e6c,cias_full,365_drone_matched_adversarial_identity,365,drone,matched_adversarial_identity,0.7222222222222222,0.06944444444444445,0.5,26,1
4174679effc60e6c,cias_full,365_ground_creature_matched_adversarial_identity,365,ground_creature,matched_adversarial_identity,1.0,0.0,0.0,4,1
4174679effc60e6c,cias_full,365_virtual_avatar_matched_adversarial_identity,365,virtual_avatar,matched_adversarial_identity,1.0,0.0,0.0,0,1
4174679effc60e6c,cias_full,365_wheeled_robot_matched_adversarial_identity,365,wheeled_robot,matched_adversarial_identity,1.0,0.0,0.0,4,1
4174679effc60e6c,cias_full,366_drone_matched_adversarial_identity,366,drone,matched_adversarial_identity,0.7222222222222222,0.06944444444444445,0.5,24,1
4174679effc60e6c,cias_full,366_ground_creature_matched_adversarial_identity,366,ground_creature,matched_adversarial_identity,1.0,0.0,0.0,6,1
4174679effc60e6c,cias_full,366_virtual_avatar_matched_adversarial_identity,366,virtual_avatar,matched_adversarial_identity,1.0,0.0,0.0,0,1
4174679effc60e6c,cias_full,366_wheeled_robot_matched_adversarial_identity,366,wheeled_robot,matched_adversarial_identity,0.9861111111111112,0.013888888888888888,0.1,10,1
4174679effc60e6c,cias_full,367_drone_matched_adversarial_identity,367,drone,matched_adversarial_identity,0.6666666666666666,0.09722222222222222,0.7000000000000001,22,1
4174679effc60e6c,cias_full,367_ground_creature_matched_adversarial_identity,367,ground_creature,matched_adversarial_identity,1.0,0.0,0.0,4,1
4174679effc60e6c,cias_full,367_virtual_avatar_matched_adversarial_identity,367,virtual_avatar,matched_adversarial_identity,1.0,0.0,0.0,0,1
4174679effc60e6c,cias_full,367_wheeled_robot_matched_adversarial_identity,367,wheeled_robot,matched_adversarial_identity,0.8611111111111112,0.0,0.0,18,1
4174679effc60e6c,cias_full,368_drone_matched_adversarial_identity,368,drone,matched_adversarial_identity,0.7638888888888888,0.0,0.0,18,1
4174679effc60e6c,cias_full,368_ground_creature_matched_adversarial_identity,368,ground_creature,matched_adversarial_identity,1.0,0.0,0.0,4,1
4174679effc60e6c,cias_full,368_virtual_avatar_matched_adversarial_identity,368,virtual_avatar,matched_adversarial_identity,1.0,0.0,0.0,0,1
4174679effc60e6c,cias_full,368_wheeled_robot_matched_adversarial_identity,368,wheeled_robot,matched_adversarial_identity,1.0,0.0,0.0,8,1
4174679effc60e6c,cias_full,369_drone_matched_adversarial_identity,369,drone,matched_adversarial_identity,0.6944444444444444,0.06944444444444445,0.5,26,1
4174679effc60e6c,cias_full,369_ground_creature_matched_adversarial_identity,369,ground_creature,matched_adversarial_identity,1.0,0.0,0.0,2,1
4174679effc60e6c,cias_full,369_virtual_avatar_matched_adversarial_identity,369,virtual_avatar,matched_adversarial_identity,1.0,0.0,0.0,0,1
4174679effc60e6c,cias_full,369_wheeled_robot_matched_adversarial_identity,369,wheeled_robot,matched_adversarial_identity,0.9444444444444444,0.05555555555555555,0.4,12,1
4174679effc60e6c,cias_full,370_drone_matched_adversarial_identity,370,drone,matched_adversarial_identity,0.6666666666666666,0.09722222222222222,0.7000000000000001,24,1
4174679effc60e6c,cias_full,370_ground_creature_matched_adversarial_identity,370,ground_creature,matched_adversarial_identity,1.0,0.0,0.0,2,1
4174679effc60e6c,cias_full,370_virtual_avatar_matched_adversarial_identity,370,virtual_avatar,matched_adversarial_identity,1.0,0.0,0.0,0,1
4174679effc60e6c,cias_full,370_wheeled_robot_matched_adversarial_identity,370,wheeled_robot,matched_adversarial_identity,1.0,0.0,0.0,6,1
4174679effc60e6c,cias_full,371_drone_matched_adversarial_identity,371,drone,matched_adversarial_identity,0.6944444444444444,0.08333333333333333,0.6000000000000001,28,1
4174679effc60e6c,cias_full,371_ground_creature_matched_adversarial_identity,371,ground_creature,matched_adversarial_identity,1.0,0.0,0.0,0,1
4174679effc60e6c,cias_full,371_virtual_avatar_matched_adversarial_identity,371,virtual_avatar,matched_adversarial_identity,1.0,0.0,0.0,0,1
4174679effc60e6c,cias_full,371_wheeled_robot_matched_adversarial_identity,371,wheeled_robot,matched_adversarial_identity,1.0,0.0,0.0,6,1
4174679effc60e6c,cias_full,372_drone_matched_adversarial_identity,372,drone,matched_adversarial_identity,0.7222222222222222,0.06944444444444445,0.5,30,1
4174679effc60e6c,cias_full,372_ground_creature_matched_adversarial_identity,372,ground_creature,matched_adversarial_identity,1.0,0.0,0.0,0,1
4174679effc60e6c,cias_full,372_virtual_avatar_matched_adversarial_identity,372,virtual_avatar,matched_adversarial_identity,1.0,0.0,0.0,0,1
4174679effc60e6c,cias_full,372_wheeled_robot_matched_adversarial_identity,372,wheeled_robot,matched_adversarial_identity,1.0,0.0,0.0,8,1
4174679effc60e6c,cias_full,373_drone_matched_adversarial_identity,373,drone,matched_adversarial_identity,0.6666666666666666,0.06944444444444445,0.5,22,1
4174679effc60e6c,cias_full,373_ground_creature_matched_adversarial_identity,373,ground_creature,matched_adversarial_identity,1.0,0.0,0.0,4,1
4174679effc60e6c,cias_full,373_virtual_avatar_matched_adversarial_identity,373,virtual_avatar,matched_adversarial_identity,1.0,0.0,0.0,0,1
4174679effc60e6c,cias_full,373_wheeled_robot_matched_adversarial_identity,373,wheeled_robot,matched_adversarial_identity,1.0,0.0,0.0,6,1
4174679effc60e6c,cias_full,374_drone_matched_adversarial_identity,374,drone,matched_adversarial_identity,0.6666666666666666,0.06944444444444445,0.5,24,1
4174679effc60e6c,cias_full,374_ground_creature_matched_adversarial_identity,374,ground_creature,matched_adversarial_identity,1.0,0.0,0.0,4,1
4174679effc60e6c,cias_full,374_virtual_avatar_matched_adversarial_identity,374,virtual_avatar,matched_adversarial_identity,1.0,0.0,0.0,0,1
4174679effc60e6c,cias_full,374_wheeled_robot_matched_adversarial_identity,374,wheeled_robot,matched_adversarial_identity,0.9861111111111112,0.013888888888888888,0.1,10,1
4174679effc60e6c,cias_full,375_drone_matched_adversarial_identity,375,drone,matched_adversarial_identity,0.7361111111111112,0.06944444444444445,0.5,26,1
4174679effc60e6c,cias_full,375_ground_creature_matched_adversarial_identity,375,ground_creature,matched_adversarial_identity,1.0,0.0,0.0,2,1
4174679effc60e6c,cias_full,375_virtual_avatar_matched_adversarial_identity,375,virtual_avatar,matched_adversarial_identity,1.0,0.0,0.0,0,1
4174679effc60e6c,cias_full,375_wheeled_robot_matched_adversarial_identity,375,wheeled_robot,matched_adversarial_identity,0.8888888888888888,0.0,0.0,16,1
4174679effc60e6c,cias_full,376_drone_matched_adversarial_identity,376,drone,matched_adversarial_identity,0.6805555555555556,0.06944444444444445,0.5,20,1
4174679effc60e6c,cias_full,376_ground_creature_matched_adversarial_identity,376,ground_creature,matched_adversarial_identity,1.0,0.0,0.0,2,1
4174679effc60e6c,cias_full,376_virtual_avatar_matched_adversarial_identity,376,virtual_avatar,matched_adversarial_identity,1.0,0.0,0.0,0,1
4174679effc60e6c,cias_full,376_wheeled_robot_matched_adversarial_identity,376,wheeled_robot,matched_adversarial_identity,0.9861111111111112,0.013888888888888888,0.1,10,1
4174679effc60e6c,cias_full,377_drone_matched_adversarial_identity,377,drone,matched_adversarial_identity,0.7361111111111112,0.013888888888888888,0.1,24,1
4174679effc60e6c,cias_full,377_ground_creature_matched_adversarial_identity,377,ground_creature,matched_adversarial_identity,1.0,0.0,0.0,2,1
4174679effc60e6c,cias_full,377_virtual_avatar_matched_adversarial_identity,377,virtual_avatar,matched_adversarial_identity,1.0,0.0,0.0,0,1
4174679effc60e6c,cias_full,377_wheeled_robot_matched_adversarial_identity,377,wheeled_robot,matched_adversarial_identity,1.0,0.0,0.0,8,1
4174679effc60e6c,cias_full,378_drone_matched_adversarial_identity,378,drone,matched_adversarial_identity,0.75,0.0,0.0,26,1
4174679effc60e6c,cias_full,378_ground_creature_matched_adversarial_identity,378,ground_creature,matched_adversarial_identity,1.0,0.0,0.0,0,1
4174679effc60e6c,cias_full,378_virtual_avatar_matched_adversarial_identity,378,virtual_avatar,matched_adversarial_identity,1.0,0.0,0.0,0,1
4174679effc60e6c,cias_full,378_wheeled_robot_matched_adversarial_identity,378,wheeled_robot,matched_adversarial_identity,0.9583333333333334,0.041666666666666664,0.30000000000000004,10,1
4174679effc60e6c,cias_full,379_drone_matched_adversarial_identity,379,drone,matched_adversarial_identity,0.6527777777777778,0.09722222222222222,0.7000000000000001,20,1
4174679effc60e6c,cias_full,379_ground_creature_matched_adversarial_identity,379,ground_creature,matched_adversarial_identity,1.0,0.0,0.0,2,1
4174679effc60e6c,cias_full,379_virtual_avatar_matched_adversarial_identity,379,virtual_avatar,matched_adversarial_identity,1.0,0.0,0.0,0,1
4174679effc60e6c,cias_full,379_wheeled_robot_matched_adversarial_identity,379,wheeled_robot,matched_adversarial_identity,1.0,0.0,0.0,6,1
4174679effc60e6c,cias_full,380_drone_matched_adversarial_identity,380,drone,matched_adversarial_identity,0.6805555555555556,0.06944444444444445,0.5,26,1
4174679effc60e6c,cias_full,380_ground_creature_matched_adversarial_identity,380,ground_creature,matched_adversarial_identity,1.0,0.0,0.0,0,1
4174679effc60e6c,cias_full,380_virtual_avatar_matched_adversarial_identity,380,virtual_avatar,matched_adversarial_identity,1.0,0.0,0.0,0,1
4174679effc60e6c,cias_full,380_wheeled_robot_matched_adversarial_identity,380,wheeled_robot,matched_adversarial_identity,1.0,0.0,0.0,6,1
4174679effc60e6c,cias_full,381_drone_matched_adversarial_identity,381,drone,matched_adversarial_identity,0.6805555555555556,0.09722222222222222,0.7000000000000001,28,1
4174679effc60e6c,cias_full,381_ground_creature_matched_adversarial_identity,381,ground_creature,matched_adversarial_identity,1.0,0.0,0.0,0,1
4174679effc60e6c,cias_full,381_virtual_avatar_matched_adversarial_identity,381,virtual_avatar,matched_adversarial_identity,1.0,0.0,0.0,0,1
4174679effc60e6c,cias_full,381_wheeled_robot_matched_adversarial_identity,381,wheeled_robot,matched_adversarial_identity,1.0,0.0,0.0,6,1
4174679effc60e6c,cias_full,382_drone_matched_adversarial_identity,382,drone,matched_adversarial_identity,0.8055555555555556,0.0,0.0,18,1
4174679effc60e6c,cias_full,382_ground_creature_matched_adversarial_identity,382,ground_creature,matched_adversarial_identity,1.0,0.0,0.0,0,1
4174679effc60e6c,cias_full,382_virtual_avatar_matched_adversarial_identity,382,virtual_avatar,matched_adversarial_identity,1.0,0.0,0.0,0,1
4174679effc60e6c,cias_full,382_wheeled_robot_matched_adversarial_identity,382,wheeled_robot,matched_adversarial_identity,1.0,0.0,0.0,6,1
4174679effc60e6c,cias_full,383_drone_matched_adversarial_identity,383,drone,matched_adversarial_identity,0.6944444444444444,0.06944444444444445,0.5,30,1
4174679effc60e6c,cias_full,383_ground_creature_matched_adversarial_identity,383,ground_creature,matched_adversarial_identity,1.0,0.0,0.0,2,1
4174679effc60e6c,cias_full,383_virtual_avatar_matched_adversarial_identity,383,virtual_avatar,matched_adversarial_identity,1.0,0.0,0.0,0,1
4174679effc60e6c,cias_full,383_wheeled_robot_matched_adversarial_identity,383,wheeled_robot,matched_adversarial_identity,1.0,0.0,0.0,8,1
4174679effc60e6c,cias_full,384_drone_matched_adversarial_identity,384,drone,matched_adversarial_identity,0.8194444444444444,0.0,0.0,24,1
4174679effc60e6c,cias_full,384_ground_creature_matched_adversarial_identity,384,ground_creature,matched_adversarial_identity,1.0,0.0,0.0,0,1
4174679effc60e6c,cias_full,384_virtual_avatar_matched_adversarial_identity,384,virtual_avatar,matched_adversarial_identity,1.0,0.0,0.0,0,1
4174679effc60e6c,cias_full,384_wheeled_robot_matched_adversarial_identity,384,wheeled_robot,matched_adversarial_identity,1.0,0.0,0.0,6,1
4174679effc60e6c,cias_full,385_drone_matched_adversarial_identity,385,drone,matched_adversarial_identity,0.75,0.013888888888888888,0.1,22,1
4174679effc60e6c,cias_full,385_ground_creature_matched_adversarial_identity,385,ground_creature,matched_adversarial_identity,1.0,0.0,0.0,2,1
4174679effc60e6c,cias_full,385_virtual_avatar_matched_adversarial_identity,385,virtual_avatar,matched_adversarial_identity,1.0,0.0,0.0,0,1
4174679effc60e6c,cias_full,385_wheeled_robot_matched_adversarial_identity,385,wheeled_robot,matched_adversarial_identity,1.0,0.0,0.0,6,1
4174679effc60e6c,cias_full,386_drone_matched_adversarial_identity,386,drone,matched_adversarial_identity,0.7777777777777778,0.06944444444444445,0.5,20,1
4174679effc60e6c,cias_full,386_ground_creature_matched_adversarial_identity,386,ground_creature,matched_adversarial_identity,1.0,0.0,0.0,2,1
4174679effc60e6c,cias_full,386_virtual_avatar_matched_adversarial_identity,386,virtual_avatar,matched_adversarial_identity,1.0,0.0,0.0,0,1
4174679effc60e6c,cias_full,386_wheeled_robot_matched_adversarial_identity,386,wheeled_robot,matched_adversarial_identity,1.0,0.0,0.0,4,1
4174679effc60e6c,cias_full,387_drone_matched_adversarial_identity,387,drone,matched_adversarial_identity,0.6666666666666666,0.06944444444444445,0.5,20,1
4174679effc60e6c,cias_full,387_ground_creature_matched_adversarial_identity,387,ground_creature,matched_adversarial_identity,1.0,0.0,0.0,2,1
4174679effc60e6c,cias_full,387_virtual_avatar_matched_adversarial_identity,387,virtual_avatar,matched_adversarial_identity,1.0,0.0,0.0,0,1
4174679effc60e6c,cias_full,387_wheeled_robot_matched_adversarial_identity,387,wheeled_robot,matched_adversarial_identity,1.0,0.0,0.0,6,1
4174679effc60e6c,cias_full,388_drone_matched_adversarial_identity,388,drone,matched_adversarial_identity,0.7916666666666666,0.0,0.0,20,1
4174679effc60e6c,cias_full,388_ground_creature_matched_adversarial_identity,388,ground_creature,matched_adversarial_identity,1.0,0.0,0.0,2,1
4174679effc60e6c,cias_full,388_virtual_avatar_matched_adversarial_identity,388,virtual_avatar,matched_adversarial_identity,1.0,0.0,0.0,0,1
4174679effc60e6c,cias_full,388_wheeled_robot_matched_adversarial_identity,388,wheeled_robot,matched_adversarial_identity,1.0,0.0,0.0,6,1
4174679effc60e6c,cias_full,389_drone_matched_adversarial_identity,389,drone,matched_adversarial_identity,0.7916666666666666,0.0,0.0,26,1
4174679effc60e6c,cias_full,389_ground_creature_matched_adversarial_identity,389,ground_creature,matched_adversarial_identity,1.0,0.0,0.0,0,1
4174679effc60e6c,cias_full,389_virtual_avatar_matched_adversarial_identity,389,virtual_avatar,matched_adversarial_identity,1.0,0.0,0.0,0,1
4174679effc60e6c,cias_full,389_wheeled_robot_matched_adversarial_identity,389,wheeled_robot,matched_adversarial_identity,1.0,0.0,0.0,8,1
4174679effc60e6c,cias_full,390_drone_matched_adversarial_identity,390,drone,matched_adversarial_identity,0.6805555555555556,0.06944444444444445,0.5,16,1
4174679effc60e6c,cias_full,390_ground_creature_matched_adversarial_identity,390,ground_creature,matched_adversarial_identity,1.0,0.0,0.0,4,1
4174679effc60e6c,cias_full,390_virtual_avatar_matched_adversarial_identity,390,virtual_avatar,matched_adversarial_identity,1.0,0.0,0.0,0,1
4174679effc60e6c,cias_full,390_wheeled_robot_matched_adversarial_identity,390,wheeled_robot,matched_adversarial_identity,1.0,0.0,0.0,6,1
4174679effc60e6c,cias_no_persistent_self,361_drone_matched_adversarial_identity,361,drone,matched_adversarial_identity,0.0,0.6666666666666666,,4,0
4174679effc60e6c,cias_no_persistent_self,361_ground_creature_matched_adversarial_identity,361,ground_creature,matched_adversarial_identity,0.0,0.6666666666666666,,4,0
4174679effc60e6c,cias_no_persistent_self,361_virtual_avatar_matched_adversarial_identity,361,virtual_avatar,matched_adversarial_identity,1.0,0.0,0.0,3,1
4174679effc60e6c,cias_no_persistent_self,361_wheeled_robot_matched_adversarial_identity,361,wheeled_robot,matched_adversarial_identity,0.0,0.6666666666666666,,4,0
4174679effc60e6c,cias_no_persistent_self,362_drone_matched_adversarial_identity,362,drone,matched_adversarial_identity,0.0,0.6666666666666666,,4,0
4174679effc60e6c,cias_no_persistent_self,362_ground_creature_matched_adversarial_identity,362,ground_creature,matched_adversarial_identity,0.0,0.6666666666666666,,4,0
4174679effc60e6c,cias_no_persistent_self,362_virtual_avatar_matched_adversarial_identity,362,virtual_avatar,matched_adversarial_identity,1.0,0.0,0.0,3,1
4174679effc60e6c,cias_no_persistent_self,362_wheeled_robot_matched_adversarial_identity,362,wheeled_robot,matched_adversarial_identity,0.0,0.6666666666666666,,4,0
4174679effc60e6c,cias_no_persistent_self,363_drone_matched_adversarial_identity,363,drone,matched_adversarial_identity,0.0,0.6666666666666666,,4,0
4174679effc60e6c,cias_no_persistent_self,363_ground_creature_matched_adversarial_identity,363,ground_creature,matched_adversarial_identity,0.0,0.6666666666666666,,4,0
4174679effc60e6c,cias_no_persistent_self,363_virtual_avatar_matched_adversarial_identity,363,virtual_avatar,matched_adversarial_identity,1.0,0.0,0.0,3,1
4174679effc60e6c,cias_no_persistent_self,363_wheeled_robot_matched_adversarial_identity,363,wheeled_robot,matched_adversarial_identity,0.0,0.6666666666666666,,4,0
4174679effc60e6c,cias_no_persistent_self,364_drone_matched_adversarial_identity,364,drone,matched_adversarial_identity,0.0,0.6666666666666666,,4,0
4174679effc60e6c,cias_no_persistent_self,364_ground_creature_matched_adversarial_identity,364,ground_creature,matched_adversarial_identity,1.0,0.0,0.0,3,1
4174679effc60e6c,cias_no_persistent_self,364_virtual_avatar_matched_adversarial_identity,364,virtual_avatar,matched_adversarial_identity,1.0,0.0,0.0,3,1
4174679effc60e6c,cias_no_persistent_self,364_wheeled_robot_matched_adversarial_identity,364,wheeled_robot,matched_adversarial_identity,0.0,0.6666666666666666,,4,0
4174679effc60e6c,cias_no_persistent_self,365_drone_matched_adversarial_identity,365,drone,matched_adversarial_identity,0.0,0.6666666666666666,,4,0
4174679effc60e6c,cias_no_persistent_self,365_ground_creature_matched_adversarial_identity,365,ground_creature,matched_adversarial_identity,1.0,0.0,0.0,3,1
4174679effc60e6c,cias_no_persistent_self,365_virtual_avatar_matched_adversarial_identity,365,virtual_avatar,matched_adversarial_identity,1.0,0.0,0.0,3,1
4174679effc60e6c,cias_no_persistent_self,365_wheeled_robot_matched_adversarial_identity,365,wheeled_robot,matched_adversarial_identity,1.0,0.0,0.0,3,1
4174679effc60e6c,cias_no_persistent_self,366_drone_matched_adversarial_identity,366,drone,matched_adversarial_identity,0.0,0.6666666666666666,,4,0
4174679effc60e6c,cias_no_persistent_self,366_ground_creature_matched_adversarial_identity,366,ground_creature,matched_adversarial_identity,1.0,0.0,0.0,3,1
4174679effc60e6c,cias_no_persistent_self,366_virtual_avatar_matched_adversarial_identity,366,virtual_avatar,matched_adversarial_identity,1.0,0.0,0.0,3,1
4174679effc60e6c,cias_no_persistent_self,366_wheeled_robot_matched_adversarial_identity,366,wheeled_robot,matched_adversarial_identity,1.0,0.0,0.0,3,1
4174679effc60e6c,cias_no_persistent_self,367_drone_matched_adversarial_identity,367,drone,matched_adversarial_identity,0.0,0.6666666666666666,,4,0
4174679effc60e6c,cias_no_persistent_self,367_ground_creature_matched_adversarial_identity,367,ground_creature,matched_adversarial_identity,1.0,0.0,0.0,3,1
4174679effc60e6c,cias_no_persistent_self,367_virtual_avatar_matched_adversarial_identity,367,virtual_avatar,matched_adversarial_identity,1.0,0.0,0.0,3,1
4174679effc60e6c,cias_no_persistent_self,367_wheeled_robot_matched_adversarial_identity,367,wheeled_robot,matched_adversarial_identity,0.0,0.6666666666666666,,4,0
4174679effc60e6c,cias_no_persistent_self,368_drone_matched_adversarial_identity,368,drone,matched_adversarial_identity,0.0,0.6666666666666666,,4,0
4174679effc60e6c,cias_no_persistent_self,368_ground_creature_matched_adversarial_identity,368,ground_creature,matched_adversarial_identity,1.0,0.0,0.0,3,1
4174679effc60e6c,cias_no_persistent_self,368_virtual_avatar_matched_adversarial_identity,368,virtual_avatar,matched_adversarial_identity,1.0,0.0,0.0,3,1
4174679effc60e6c,cias_no_persistent_self,368_wheeled_robot_matched_adversarial_identity,368,wheeled_robot,matched_adversarial_identity,1.0,0.0,0.0,3,1
4174679effc60e6c,cias_no_persistent_self,369_drone_matched_adversarial_identity,369,drone,matched_adversarial_identity,0.0,0.6666666666666666,,4,0
4174679effc60e6c,cias_no_persistent_self,369_ground_creature_matched_adversarial_identity,369,ground_creature,matched_adversarial_identity,1.0,0.0,0.0,3,1
4174679effc60e6c,cias_no_persistent_self,369_virtual_avatar_matched_adversarial_identity,369,virtual_avatar,matched_adversarial_identity,1.0,0.0,0.0,3,1
4174679effc60e6c,cias_no_persistent_self,369_wheeled_robot_matched_adversarial_identity,369,wheeled_robot,matched_adversarial_identity,0.0,0.6666666666666666,,4,0
4174679effc60e6c,cias_no_persistent_self,370_drone_matched_adversarial_identity,370,drone,matched_adversarial_identity,0.0,0.6666666666666666,,4,0
4174679effc60e6c,cias_no_persistent_self,370_ground_creature_matched_adversarial_identity,370,ground_creature,matched_adversarial_identity,1.0,0.0,0.0,3,1
4174679effc60e6c,cias_no_persistent_self,370_virtual_avatar_matched_adversarial_identity,370,virtual_avatar,matched_adversarial_identity,1.0,0.0,0.0,3,1
4174679effc60e6c,cias_no_persistent_self,370_wheeled_robot_matched_adversarial_identity,370,wheeled_robot,matched_adversarial_identity,1.0,0.0,0.0,3,1
4174679effc60e6c,cias_no_persistent_self,371_drone_matched_adversarial_identity,371,drone,matched_adversarial_identity,0.0,0.6666666666666666,,4,0
4174679effc60e6c,cias_no_persistent_self,371_ground_creature_matched_adversarial_identity,371,ground_creature,matched_adversarial_identity,1.0,0.0,0.0,3,1
4174679effc60e6c,cias_no_persistent_self,371_virtual_avatar_matched_adversarial_identity,371,virtual_avatar,matched_adversarial_identity,1.0,0.0,0.0,3,1
4174679effc60e6c,cias_no_persistent_self,371_wheeled_robot_matched_adversarial_identity,371,wheeled_robot,matched_adversarial_identity,1.0,0.0,0.0,3,1
4174679effc60e6c,cias_no_persistent_self,372_drone_matched_adversarial_identity,372,drone,matched_adversarial_identity,0.0,0.6666666666666666,,4,0
4174679effc60e6c,cias_no_persistent_self,372_ground_creature_matched_adversarial_identity,372,ground_creature,matched_adversarial_identity,1.0,0.0,0.0,3,1
4174679effc60e6c,cias_no_persistent_self,372_virtual_avatar_matched_adversarial_identity,372,virtual_avatar,matched_adversarial_identity,1.0,0.0,0.0,3,1
4174679effc60e6c,cias_no_persistent_self,372_wheeled_robot_matched_adversarial_identity,372,wheeled_robot,matched_adversarial_identity,0.0,0.6666666666666666,,4,0
4174679effc60e6c,cias_no_persistent_self,373_drone_matched_adversarial_identity,373,drone,matched_adversarial_identity,0.0,0.6666666666666666,,4,0
4174679effc60e6c,cias_no_persistent_self,373_ground_creature_matched_adversarial_identity,373,ground_creature,matched_adversarial_identity,1.0,0.0,0.0,3,1
4174679effc60e6c,cias_no_persistent_self,373_virtual_avatar_matched_adversarial_identity,373,virtual_avatar,matched_adversarial_identity,1.0,0.0,0.0,3,1
4174679effc60e6c,cias_no_persistent_self,373_wheeled_robot_matched_adversarial_identity,373,wheeled_robot,matched_adversarial_identity,0.0,0.6666666666666666,,4,0
4174679effc60e6c,cias_no_persistent_self,374_drone_matched_adversarial_identity,374,drone,matched_adversarial_identity,0.0,0.6666666666666666,,4,0
4174679effc60e6c,cias_no_persistent_self,374_ground_creature_matched_adversarial_identity,374,ground_creature,matched_adversarial_identity,1.0,0.0,0.0,3,1
4174679effc60e6c,cias_no_persistent_self,374_virtual_avatar_matched_adversarial_identity,374,virtual_avatar,matched_adversarial_identity,1.0,0.0,0.0,3,1
4174679effc60e6c,cias_no_persistent_self,374_wheeled_robot_matched_adversarial_identity,374,wheeled_robot,matched_adversarial_identity,0.0,0.6666666666666666,,4,0
4174679effc60e6c,cias_no_persistent_self,375_drone_matched_adversarial_identity,375,drone,matched_adversarial_identity,0.0,0.6666666666666666,,4,0
4174679effc60e6c,cias_no_persistent_self,375_ground_creature_matched_adversarial_identity,375,ground_creature,matched_adversarial_identity,1.0,0.0,0.0,3,1
4174679effc60e6c,cias_no_persistent_self,375_virtual_avatar_matched_adversarial_identity,375,virtual_avatar,matched_adversarial_identity,1.0,0.0,0.0,3,1
4174679effc60e6c,cias_no_persistent_self,375_wheeled_robot_matched_adversarial_identity,375,wheeled_robot,matched_adversarial_identity,0.0,0.6666666666666666,,4,0
4174679effc60e6c,cias_no_persistent_self,376_drone_matched_adversarial_identity,376,drone,matched_adversarial_identity,0.0,0.6666666666666666,,4,0
4174679effc60e6c,cias_no_persistent_self,376_ground_creature_matched_adversarial_identity,376,ground_creature,matched_adversarial_identity,0.0,0.6666666666666666,,4,0
4174679effc60e6c,cias_no_persistent_self,376_virtual_avatar_matched_adversarial_identity,376,virtual_avatar,matched_adversarial_identity,1.0,0.0,0.0,3,1
4174679effc60e6c,cias_no_persistent_self,376_wheeled_robot_matched_adversarial_identity,376,wheeled_robot,matched_adversarial_identity,0.0,0.6666666666666666,,4,0
4174679effc60e6c,cias_no_persistent_self,377_drone_matched_adversarial_identity,377,drone,matched_adversarial_identity,0.0,0.6666666666666666,,4,0
4174679effc60e6c,cias_no_persistent_self,377_ground_creature_matched_adversarial_identity,377,ground_creature,matched_adversarial_identity,0.0,0.6666666666666666,,4,0
4174679effc60e6c,cias_no_persistent_self,377_virtual_avatar_matched_adversarial_identity,377,virtual_avatar,matched_adversarial_identity,1.0,0.0,0.0,3,1
4174679effc60e6c,cias_no_persistent_self,377_wheeled_robot_matched_adversarial_identity,377,wheeled_robot,matched_adversarial_identity,0.0,0.6666666666666666,,4,0
4174679effc60e6c,cias_no_persistent_self,378_drone_matched_adversarial_identity,378,drone,matched_adversarial_identity,0.0,0.6666666666666666,,4,0
4174679effc60e6c,cias_no_persistent_self,378_ground_creature_matched_adversarial_identity,378,ground_creature,matched_adversarial_identity,0.0,0.6666666666666666,,4,0
4174679effc60e6c,cias_no_persistent_self,378_virtual_avatar_matched_adversarial_identity,378,virtual_avatar,matched_adversarial_identity,0.0,0.6666666666666666,,4,0
4174679effc60e6c,cias_no_persistent_self,378_wheeled_robot_matched_adversarial_identity,378,wheeled_robot,matched_adversarial_identity,0.0,0.6666666666666666,,4,0
4174679effc60e6c,cias_no_persistent_self,379_drone_matched_adversarial_identity,379,drone,matched_adversarial_identity,0.0,0.6666666666666666,,4,0
4174679effc60e6c,cias_no_persistent_self,379_ground_creature_matched_adversarial_identity,379,ground_creature,matched_adversarial_identity,0.0,0.6666666666666666,,4,0
4174679effc60e6c,cias_no_persistent_self,379_virtual_avatar_matched_adversarial_identity,379,virtual_avatar,matched_adversarial_identity,1.0,0.0,0.0,3,1
4174679effc60e6c,cias_no_persistent_self,379_wheeled_robot_matched_adversarial_identity,379,wheeled_robot,matched_adversarial_identity,0.0,0.6666666666666666,,4,0
4174679effc60e6c,cias_no_persistent_self,380_drone_matched_adversarial_identity,380,drone,matched_adversarial_identity,0.0,0.6666666666666666,,4,0
4174679effc60e6c,cias_no_persistent_self,380_ground_creature_matched_adversarial_identity,380,ground_creature,matched_adversarial_identity,0.0,0.6666666666666666,,4,0
4174679effc60e6c,cias_no_persistent_self,380_virtual_avatar_matched_adversarial_identity,380,virtual_avatar,matched_adversarial_identity,1.0,0.0,0.0,3,1
4174679effc60e6c,cias_no_persistent_self,380_wheeled_robot_matched_adversarial_identity,380,wheeled_robot,matched_adversarial_identity,0.0,0.6666666666666666,,4,0
4174679effc60e6c,cias_no_persistent_self,381_drone_matched_adversarial_identity,381,drone,matched_adversarial_identity,0.0,0.6666666666666666,,4,0
4174679effc60e6c,cias_no_persistent_self,381_ground_creature_matched_adversarial_identity,381,ground_creature,matched_adversarial_identity,1.0,0.0,0.0,3,1
4174679effc60e6c,cias_no_persistent_self,381_virtual_avatar_matched_adversarial_identity,381,virtual_avatar,matched_adversarial_identity,1.0,0.0,0.0,3,1
4174679effc60e6c,cias_no_persistent_self,381_wheeled_robot_matched_adversarial_identity,381,wheeled_robot,matched_adversarial_identity,0.0,0.6666666666666666,,4,0
4174679effc60e6c,cias_no_persistent_self,382_drone_matched_adversarial_identity,382,drone,matched_adversarial_identity,0.0,0.6666666666666666,,4,0
4174679effc60e6c,cias_no_persistent_self,382_ground_creature_matched_adversarial_identity,382,ground_creature,matched_adversarial_identity,0.0,0.6666666666666666,,4,0
4174679effc60e6c,cias_no_persistent_self,382_virtual_avatar_matched_adversarial_identity,382,virtual_avatar,matched_adversarial_identity,1.0,0.0,0.0,3,1
4174679effc60e6c,cias_no_persistent_self,382_wheeled_robot_matched_adversarial_identity,382,wheeled_robot,matched_adversarial_identity,0.0,0.6666666666666666,,4,0
4174679effc60e6c,cias_no_persistent_self,383_drone_matched_adversarial_identity,383,drone,matched_adversarial_identity,0.0,0.6666666666666666,,4,0
4174679effc60e6c,cias_no_persistent_self,383_ground_creature_matched_adversarial_identity,383,ground_creature,matched_adversarial_identity,1.0,0.0,0.0,3,1
4174679effc60e6c,cias_no_persistent_self,383_virtual_avatar_matched_adversarial_identity,383,virtual_avatar,matched_adversarial_identity,1.0,0.0,0.0,3,1
4174679effc60e6c,cias_no_persistent_self,383_wheeled_robot_matched_adversarial_identity,383,wheeled_robot,matched_adversarial_identity,0.0,0.6666666666666666,,4,0
4174679effc60e6c,cias_no_persistent_self,384_drone_matched_adversarial_identity,384,drone,matched_adversarial_identity,0.0,0.6666666666666666,,4,0
4174679effc60e6c,cias_no_persistent_self,384_ground_creature_matched_adversarial_identity,384,ground_creature,matched_adversarial_identity,1.0,0.0,0.0,3,1
4174679effc60e6c,cias_no_persistent_self,384_virtual_avatar_matched_adversarial_identity,384,virtual_avatar,matched_adversarial_identity,1.0,0.0,0.0,3,1
4174679effc60e6c,cias_no_persistent_self,384_wheeled_robot_matched_adversarial_identity,384,wheeled_robot,matched_adversarial_identity,0.0,0.6666666666666666,,4,0
4174679effc60e6c,cias_no_persistent_self,385_drone_matched_adversarial_identity,385,drone,matched_adversarial_identity,0.0,0.6666666666666666,,4,0
4174679effc60e6c,cias_no_persistent_self,385_ground_creature_matched_adversarial_identity,385,ground_creature,matched_adversarial_identity,1.0,0.0,0.0,3,1
4174679effc60e6c,cias_no_persistent_self,385_virtual_avatar_matched_adversarial_identity,385,virtual_avatar,matched_adversarial_identity,1.0,0.0,0.0,3,1
4174679effc60e6c,cias_no_persistent_self,385_wheeled_robot_matched_adversarial_identity,385,wheeled_robot,matched_adversarial_identity,1.0,0.0,0.0,3,1
4174679effc60e6c,cias_no_persistent_self,386_drone_matched_adversarial_identity,386,drone,matched_adversarial_identity,0.0,0.6666666666666666,,4,0
4174679effc60e6c,cias_no_persistent_self,386_ground_creature_matched_adversarial_identity,386,ground_creature,matched_adversarial_identity,1.0,0.0,0.0,3,1
4174679effc60e6c,cias_no_persistent_self,386_virtual_avatar_matched_adversarial_identity,386,virtual_avatar,matched_adversarial_identity,1.0,0.0,0.0,3,1
4174679effc60e6c,cias_no_persistent_self,386_wheeled_robot_matched_adversarial_identity,386,wheeled_robot,matched_adversarial_identity,0.0,0.6666666666666666,,4,0
4174679effc60e6c,cias_no_persistent_self,387_drone_matched_adversarial_identity,387,drone,matched_adversarial_identity,0.0,0.6666666666666666,,4,0
4174679effc60e6c,cias_no_persistent_self,387_ground_creature_matched_adversarial_identity,387,ground_creature,matched_adversarial_identity,1.0,0.0,0.0,3,1
4174679effc60e6c,cias_no_persistent_self,387_virtual_avatar_matched_adversarial_identity,387,virtual_avatar,matched_adversarial_identity,1.0,0.0,0.0,3,1
4174679effc60e6c,cias_no_persistent_self,387_wheeled_robot_matched_adversarial_identity,387,wheeled_robot,matched_adversarial_identity,1.0,0.0,0.0,3,1
4174679effc60e6c,cias_no_persistent_self,388_drone_matched_adversarial_identity,388,drone,matched_adversarial_identity,1.0,0.0,0.0,3,1
4174679effc60e6c,cias_no_persistent_self,388_ground_creature_matched_adversarial_identity,388,ground_creature,matched_adversarial_identity,1.0,0.0,0.0,3,1
4174679effc60e6c,cias_no_persistent_self,388_virtual_avatar_matched_adversarial_identity,388,virtual_avatar,matched_adversarial_identity,1.0,0.0,0.0,3,1
4174679effc60e6c,cias_no_persistent_self,388_wheeled_robot_matched_adversarial_identity,388,wheeled_robot,matched_adversarial_identity,1.0,0.0,0.0,3,1
4174679effc60e6c,cias_no_persistent_self,389_drone_matched_adversarial_identity,389,drone,matched_adversarial_identity,0.0,0.6666666666666666,,4,0
4174679effc60e6c,cias_no_persistent_self,389_ground_creature_matched_adversarial_identity,389,ground_creature,matched_adversarial_identity,1.0,0.0,0.0,3,1
4174679effc60e6c,cias_no_persistent_self,389_virtual_avatar_matched_adversarial_identity,389,virtual_avatar,matched_adversarial_identity,1.0,0.0,0.0,3,1
4174679effc60e6c,cias_no_persistent_self,389_wheeled_robot_matched_adversarial_identity,389,wheeled_robot,matched_adversarial_identity,1.0,0.0,0.0,3,1
4174679effc60e6c,cias_no_persistent_self,390_drone_matched_adversarial_identity,390,drone,matched_adversarial_identity,0.0,0.6666666666666666,,4,0
4174679effc60e6c,cias_no_persistent_self,390_ground_creature_matched_adversarial_identity,390,ground_creature,matched_adversarial_identity,1.0,0.0,0.0,3,1
4174679effc60e6c,cias_no_persistent_self,390_virtual_avatar_matched_adversarial_identity,390,virtual_avatar,matched_adversarial_identity,1.0,0.0,0.0,3,1
4174679effc60e6c,cias_no_persistent_self,390_wheeled_robot_matched_adversarial_identity,390,wheeled_robot,matched_adversarial_identity,0.0,0.6666666666666666,,4,0
49336dcd6baab892,cias_full,361_drone_matched_adversarial_identity,361,drone,matched_adversarial_identity,0.9305555555555556,0.06944444444444445,0.5,8,1
49336dcd6baab892,cias_full,361_ground_creature_matched_adversarial_identity,361,ground_creature,matched_adversarial_identity,1.0,0.0,0.0,4,1
49336dcd6baab892,cias_full,361_virtual_avatar_matched_adversarial_identity,361,virtual_avatar,matched_adversarial_identity,1.0,0.0,0.0,4,1
49336dcd6baab892,cias_full,361_wheeled_robot_matched_adversarial_identity,361,wheeled_robot,matched_adversarial_identity,1.0,0.0,0.0,4,1
49336dcd6baab892,cias_full,362_drone_matched_adversarial_identity,362,drone,matched_adversarial_identity,0.9027777777777778,0.09722222222222222,0.7000000000000001,14,1
49336dcd6baab892,cias_full,362_ground_creature_matched_adversarial_identity,362,ground_creature,matched_adversarial_identity,1.0,0.0,0.0,4,1
49336dcd6baab892,cias_full,362_virtual_avatar_matched_adversarial_identity,362,virtual_avatar,matched_adversarial_identity,1.0,0.0,0.0,4,1
49336dcd6baab892,cias_full,362_wheeled_robot_matched_adversarial_identity,362,wheeled_robot,matched_adversarial_identity,1.0,0.0,0.0,4,1
49336dcd6baab892,cias_full,363_drone_matched_adversarial_identity,363,drone,matched_adversarial_identity,0.625,0.09722222222222222,0.7000000000000001,20,1
49336dcd6baab892,cias_full,363_ground_creature_matched_adversarial_identity,363,ground_creature,matched_adversarial_identity,1.0,0.0,0.0,4,1
49336dcd6baab892,cias_full,363_virtual_avatar_matched_adversarial_identity,363,virtual_avatar,matched_adversarial_identity,1.0,0.0,0.0,4,1
49336dcd6baab892,cias_full,363_wheeled_robot_matched_adversarial_identity,363,wheeled_robot,matched_adversarial_identity,0.9305555555555556,0.06944444444444445,0.5,6,1
49336dcd6baab892,cias_full,364_drone_matched_adversarial_identity,364,drone,matched_adversarial_identity,0.9027777777777778,0.09722222222222222,0.7000000000000001,14,1
49336dcd6baab892,cias_full,364_ground_creature_matched_adversarial_identity,364,ground_creature,matched_adversarial_identity,1.0,0.0,0.0,4,1
49336dcd6baab892,cias_full,364_virtual_avatar_matched_adversarial_identity,364,virtual_avatar,matched_adversarial_identity,1.0,0.0,0.0,2,1
49336dcd6baab892,cias_full,364_wheeled_robot_matched_adversarial_identity,364,wheeled_robot,matched_adversarial_identity,1.0,0.0,0.0,4,1
49336dcd6baab892,cias_full,365_drone_matched_adversarial_identity,365,drone,matched_adversarial_identity,0.4166666666666667,0.2916666666666667,2.3000000000000003,20,1
49336dcd6baab892,cias_full,365_ground_creature_matched_adversarial_identity,365,ground_creature,matched_adversarial_identity,1.0,0.0,0.0,4,1
49336dcd6baab892,cias_full,365_virtual_avatar_matched_adversarial_identity,365,virtual_avatar,matched_adversarial_identity,1.0,0.0,0.0,4,1
49336dcd6baab892,cias_full,365_wheeled_robot_matched_adversarial_identity,365,wheeled_robot,matched_adversarial_identity,1.0,0.0,0.0,4,1
49336dcd6baab892,cias_full,366_drone_matched_adversarial_identity,366,drone,matched_adversarial_identity,0.6666666666666666,0.08333333333333333,0.6000000000000001,18,1
49336dcd6baab892,cias_full,366_ground_creature_matched_adversarial_identity,366,ground_creature,matched_adversarial_identity,1.0,0.0,0.0,4,1
49336dcd6baab892,cias_full,366_virtual_avatar_matched_adversarial_identity,366,virtual_avatar,matched_adversarial_identity,1.0,0.0,0.0,4,1
49336dcd6baab892,cias_full,366_wheeled_robot_matched_adversarial_identity,366,wheeled_robot,matched_adversarial_identity,0.9305555555555556,0.06944444444444445,0.5,8,1
49336dcd6baab892,cias_full,367_drone_matched_adversarial_identity,367,drone,matched_adversarial_identity,0.6111111111111112,0.09722222222222222,0.7000000000000001,18,1
49336dcd6baab892,cias_full,367_ground_creature_matched_adversarial_identity,367,ground_creature,matched_adversarial_identity,1.0,0.0,0.0,4,1
49336dcd6baab892,cias_full,367_virtual_avatar_matched_adversarial_identity,367,virtual_avatar,matched_adversarial_identity,1.0,0.0,0.0,4,1
49336dcd6baab892,cias_full,367_wheeled_robot_matched_adversarial_identity,367,wheeled_robot,matched_adversarial_identity,1.0,0.0,0.0,4,1
49336dcd6baab892,cias_full,368_drone_matched_adversarial_identity,368,drone,matched_adversarial_identity,0.9027777777777778,0.09722222222222222,0.7000000000000001,14,1
49336dcd6baab892,cias_full,368_ground_creature_matched_adversarial_identity,368,ground_creature,matched_adversarial_identity,1.0,0.0,0.0,4,1
49336dcd6baab892,cias_full,368_virtual_avatar_matched_adversarial_identity,368,virtual_avatar,matched_adversarial_identity,1.0,0.0,0.0,4,1
49336dcd6baab892,cias_full,368_wheeled_robot_matched_adversarial_identity,368,wheeled_robot,matched_adversarial_identity,0.9166666666666666,0.08333333333333333,0.6000000000000001,10,1
49336dcd6baab892,cias_full,369_drone_matched_adversarial_identity,369,drone,matched_adversarial_identity,0.625,0.09722222222222222,0.7000000000000001,20,1
49336dcd6baab892,cias_full,369_ground_creature_matched_adversarial_identity,369,ground_creature,matched_adversarial_identity,1.0,0.0,0.0,2,1
49336dcd6baab892,cias_full,369_virtual_avatar_matched_adversarial_identity,369,virtual_avatar,matched_adversarial_identity,1.0,0.0,0.0,4,1
49336dcd6baab892,cias_full,369_wheeled_robot_matched_adversarial_identity,369,wheeled_robot,matched_adversarial_identity,1.0,0.0,0.0,4,1
49336dcd6baab892,cias_full,370_drone_matched_adversarial_identity,370,drone,matched_adversarial_identity,0.6388888888888888,0.09722222222222222,0.7000000000000001,22,1
49336dcd6baab892,cias_full,370_ground_creature_matched_adversarial_identity,370,ground_creature,matched_adversarial_identity,1.0,0.0,0.0,4,1
49336dcd6baab892,cias_full,370_virtual_avatar_matched_adversarial_identity,370,virtual_avatar,matched_adversarial_identity,1.0,0.0,0.0,4,1
49336dcd6baab892,cias_full,370_wheeled_robot_matched_adversarial_identity,370,wheeled_robot,matched_adversarial_identity,1.0,0.0,0.0,4,1
49336dcd6baab892,cias_full,371_drone_matched_adversarial_identity,371,drone,matched_adversarial_identity,0.7222222222222222,0.0,0.0,12,1
49336dcd6baab892,cias_full,371_ground_creature_matched_adversarial_identity,371,ground_creature,matched_adversarial_identity,1.0,0.0,0.0,2,1
49336dcd6baab892,cias_full,371_virtual_avatar_matched_adversarial_identity,371,virtual_avatar,matched_adversarial_identity,1.0,0.0,0.0,4,1
49336dcd6baab892,cias_full,371_wheeled_robot_matched_adversarial_identity,371,wheeled_robot,matched_adversarial_identity,0.9444444444444444,0.05555555555555555,0.4,8,1
49336dcd6baab892,cias_full,372_drone_matched_adversarial_identity,372,drone,matched_adversarial_identity,1.0,0.0,0.0,10,1
49336dcd6baab892,cias_full,372_ground_creature_matched_adversarial_identity,372,ground_creature,matched_adversarial_identity,1.0,0.0,0.0,4,1
49336dcd6baab892,cias_full,372_virtual_avatar_matched_adversarial_identity,372,virtual_avatar,matched_adversarial_identity,1.0,0.0,0.0,4,1
49336dcd6baab892,cias_full,372_wheeled_robot_matched_adversarial_identity,372,wheeled_robot,matched_adversarial_identity,1.0,0.0,0.0,4,1
49336dcd6baab892,cias_full,373_drone_matched_adversarial_identity,373,drone,matched_adversarial_identity,0.6666666666666666,0.06944444444444445,0.5,22,1
49336dcd6baab892,cias_full,373_ground_creature_matched_adversarial_identity,373,ground_creature,matched_adversarial_identity,1.0,0.0,0.0,4,1
49336dcd6baab892,cias_full,373_virtual_avatar_matched_adversarial_identity,373,virtual_avatar,matched_adversarial_identity,1.0,0.0,0.0,4,1
49336dcd6baab892,cias_full,373_wheeled_robot_matched_adversarial_identity,373,wheeled_robot,matched_adversarial_identity,1.0,0.0,0.0,4,1
49336dcd6baab892,cias_full,374_drone_matched_adversarial_identity,374,drone,matched_adversarial_identity,0.75,0.0,0.0,22,1
49336dcd6baab892,cias_full,374_ground_creature_matched_adversarial_identity,374,ground_creature,matched_adversarial_identity,1.0,0.0,0.0,4,1
49336dcd6baab892,cias_full,374_virtual_avatar_matched_adversarial_identity,374,virtual_avatar,matched_adversarial_identity,1.0,0.0,0.0,4,1
49336dcd6baab892,cias_full,374_wheeled_robot_matched_adversarial_identity,374,wheeled_robot,matched_adversarial_identity,0.9166666666666666,0.08333333333333333,0.6000000000000001,8,1
49336dcd6baab892,cias_full,375_drone_matched_adversarial_identity,375,drone,matched_adversarial_identity,0.5277777777777778,0.19444444444444445,1.5,16,1
49336dcd6baab892,cias_full,375_ground_creature_matched_adversarial_identity,375,ground_creature,matched_adversarial_identity,1.0,0.0,0.0,4,1
49336dcd6baab892,cias_full,375_virtual_avatar_matched_adversarial_identity,375,virtual_avatar,matched_adversarial_identity,1.0,0.0,0.0,4,1
49336dcd6baab892,cias_full,375_wheeled_robot_matched_adversarial_identity,375,wheeled_robot,matched_adversarial_identity,0.9305555555555556,0.06944444444444445,0.5,8,1
49336dcd6baab892,cias_full,376_drone_matched_adversarial_identity,376,drone,matched_adversarial_identity,0.6527777777777778,0.06944444444444445,0.5,18,1
49336dcd6baab892,cias_full,376_ground_creature_matched_adversarial_identity,376,ground_creature,matched_adversarial_identity,1.0,0.0,0.0,4,1
49336dcd6baab892,cias_full,376_virtual_avatar_matched_adversarial_identity,376,virtual_avatar,matched_adversarial_identity,1.0,0.0,0.0,4,1
49336dcd6baab892,cias_full,376_wheeled_robot_matched_adversarial_identity,376,wheeled_robot,matched_adversarial_identity,0.9305555555555556,0.06944444444444445,0.5,10,1
49336dcd6baab892,cias_full,377_drone_matched_adversarial_identity,377,drone,matched_adversarial_identity,0.6388888888888888,0.09722222222222222,0.7000000000000001,20,1
49336dcd6baab892,cias_full,377_ground_creature_matched_adversarial_identity,377,ground_creature,matched_adversarial_identity,1.0,0.0,0.0,4,1
49336dcd6baab892,cias_full,377_virtual_avatar_matched_adversarial_identity,377,virtual_avatar,matched_adversarial_identity,1.0,0.0,0.0,4,1
49336dcd6baab892,cias_full,377_wheeled_robot_matched_adversarial_identity,377,wheeled_robot,matched_adversarial_identity,1.0,0.0,0.0,4,1
49336dcd6baab892,cias_full,378_drone_matched_adversarial_identity,378,drone,matched_adversarial_identity,0.6388888888888888,0.09722222222222222,0.7000000000000001,14,1
49336dcd6baab892,cias_full,378_ground_creature_matched_adversarial_identity,378,ground_creature,matched_adversarial_identity,1.0,0.0,0.0,4,1
49336dcd6baab892,cias_full,378_virtual_avatar_matched_adversarial_identity,378,virtual_avatar,matched_adversarial_identity,1.0,0.0,0.0,4,1
49336dcd6baab892,cias_full,378_wheeled_robot_matched_adversarial_identity,378,wheeled_robot,matched_adversarial_identity,1.0,0.0,0.0,4,1
49336dcd6baab892,cias_full,379_drone_matched_adversarial_identity,379,drone,matched_adversarial_identity,1.0,0.0,0.0,22,1
49336dcd6baab892,cias_full,379_ground_creature_matched_adversarial_identity,379,ground_creature,matched_adversarial_identity,1.0,0.0,0.0,4,1
49336dcd6baab892,cias_full,379_virtual_avatar_matched_adversarial_identity,379,virtual_avatar,matched_adversarial_identity,1.0,0.0,0.0,4,1
49336dcd6baab892,cias_full,379_wheeled_robot_matched_adversarial_identity,379,wheeled_robot,matched_adversarial_identity,1.0,0.0,0.0,4,1
49336dcd6baab892,cias_full,380_drone_matched_adversarial_identity,380,drone,matched_adversarial_identity,0.6805555555555556,0.06944444444444445,0.5,14,1
49336dcd6baab892,cias_full,380_ground_creature_matched_adversarial_identity,380,ground_creature,matched_adversarial_identity,1.0,0.0,0.0,4,1
49336dcd6baab892,cias_full,380_virtual_avatar_matched_adversarial_identity,380,virtual_avatar,matched_adversarial_identity,1.0,0.0,0.0,4,1
49336dcd6baab892,cias_full,380_wheeled_robot_matched_adversarial_identity,380,wheeled_robot,matched_adversarial_identity,1.0,0.0,0.0,4,1
49336dcd6baab892,cias_full,381_drone_matched_adversarial_identity,381,drone,matched_adversarial_identity,1.0,0.0,0.0,10,1
49336dcd6baab892,cias_full,381_ground_creature_matched_adversarial_identity,381,ground_creature,matched_adversarial_identity,1.0,0.0,0.0,4,1
49336dcd6baab892,cias_full,381_virtual_avatar_matched_adversarial_identity,381,virtual_avatar,matched_adversarial_identity,1.0,0.0,0.0,4,1
49336dcd6baab892,cias_full,381_wheeled_robot_matched_adversarial_identity,381,wheeled_robot,matched_adversarial_identity,1.0,0.0,0.0,6,1
49336dcd6baab892,cias_full,382_drone_matched_adversarial_identity,382,drone,matched_adversarial_identity,1.0,0.0,0.0,16,1
49336dcd6baab892,cias_full,382_ground_creature_matched_adversarial_identity,382,ground_creature,matched_adversarial_identity,1.0,0.0,0.0,4,1
49336dcd6baab892,cias_full,382_virtual_avatar_matched_adversarial_identity,382,virtual_avatar,matched_adversarial_identity,1.0,0.0,0.0,4,1
49336dcd6baab892,cias_full,382_wheeled_robot_matched_adversarial_identity,382,wheeled_robot,matched_adversarial_identity,1.0,0.0,0.0,6,1
49336dcd6baab892,cias_full,383_drone_matched_adversarial_identity,383,drone,matched_adversarial_identity,0.9027777777777778,0.09722222222222222,0.7000000000000001,10,1
49336dcd6baab892,cias_full,383_ground_creature_matched_adversarial_identity,383,ground_creature,matched_adversarial_identity,1.0,0.0,0.0,4,1
49336dcd6baab892,cias_full,383_virtual_avatar_matched_adversarial_identity,383,virtual_avatar,matched_adversarial_identity,1.0,0.0,0.0,4,1
49336dcd6baab892,cias_full,383_wheeled_robot_matched_adversarial_identity,383,wheeled_robot,matched_adversarial_identity,1.0,0.0,0.0,4,1
49336dcd6baab892,cias_full,384_drone_matched_adversarial_identity,384,drone,matched_adversarial_identity,1.0,0.0,0.0,8,1
49336dcd6baab892,cias_full,384_ground_creature_matched_adversarial_identity,384,ground_creature,matched_adversarial_identity,1.0,0.0,0.0,4,1
49336dcd6baab892,cias_full,384_virtual_avatar_matched_adversarial_identity,384,virtual_avatar,matched_adversarial_identity,1.0,0.0,0.0,2,1
49336dcd6baab892,cias_full,384_wheeled_robot_matched_adversarial_identity,384,wheeled_robot,matched_adversarial_identity,1.0,0.0,0.0,4,1
49336dcd6baab892,cias_full,385_drone_matched_adversarial_identity,385,drone,matched_adversarial_identity,0.9027777777777778,0.09722222222222222,0.7000000000000001,10,1
49336dcd6baab892,cias_full,385_ground_creature_matched_adversarial_identity,385,ground_creature,matched_adversarial_identity,1.0,0.0,0.0,4,1
49336dcd6baab892,cias_full,385_virtual_avatar_matched_adversarial_identity,385,virtual_avatar,matched_adversarial_identity,1.0,0.0,0.0,4,1
49336dcd6baab892,cias_full,385_wheeled_robot_matched_adversarial_identity,385,wheeled_robot,matched_adversarial_identity,1.0,0.0,0.0,4,1
49336dcd6baab892,cias_full,386_drone_matched_adversarial_identity,386,drone,matched_adversarial_identity,0.9305555555555556,0.06944444444444445,0.5,14,1
49336dcd6baab892,cias_full,386_ground_creature_matched_adversarial_identity,386,ground_creature,matched_adversarial_identity,1.0,0.0,0.0,4,1
49336dcd6baab892,cias_full,386_virtual_avatar_matched_adversarial_identity,386,virtual_avatar,matched_adversarial_identity,1.0,0.0,0.0,4,1
49336dcd6baab892,cias_full,386_wheeled_robot_matched_adversarial_identity,386,wheeled_robot,matched_adversarial_identity,1.0,0.0,0.0,4,1
49336dcd6baab892,cias_full,387_drone_matched_adversarial_identity,387,drone,matched_adversarial_identity,1.0,0.0,0.0,14,1
49336dcd6baab892,cias_full,387_ground_creature_matched_adversarial_identity,387,ground_creature,matched_adversarial_identity,1.0,0.0,0.0,4,1
49336dcd6baab892,cias_full,387_virtual_avatar_matched_adversarial_identity,387,virtual_avatar,matched_adversarial_identity,1.0,0.0,0.0,4,1
49336dcd6baab892,cias_full,387_wheeled_robot_matched_adversarial_identity,387,wheeled_robot,matched_adversarial_identity,1.0,0.0,0.0,4,1
49336dcd6baab892,cias_full,388_drone_matched_adversarial_identity,388,drone,matched_adversarial_identity,0.75,0.0,0.0,22,1
49336dcd6baab892,cias_full,388_ground_creature_matched_adversarial_identity,388,ground_creature,matched_adversarial_identity,1.0,0.0,0.0,4,1
49336dcd6baab892,cias_full,388_virtual_avatar_matched_adversarial_identity,388,virtual_avatar,matched_adversarial_identity,1.0,0.0,0.0,4,1
49336dcd6baab892,cias_full,388_wheeled_robot_matched_adversarial_identity,388,wheeled_robot,matched_adversarial_identity,1.0,0.0,0.0,4,1
49336dcd6baab892,cias_full,389_drone_matched_adversarial_identity,389,drone,matched_adversarial_identity,0.7361111111111112,0.0,0.0,16,1
49336dcd6baab892,cias_full,389_ground_creature_matched_adversarial_identity,389,ground_creature,matched_adversarial_identity,1.0,0.0,0.0,4,1
49336dcd6baab892,cias_full,389_virtual_avatar_matched_adversarial_identity,389,virtual_avatar,matched_adversarial_identity,1.0,0.0,0.0,4,1
49336dcd6baab892,cias_full,389_wheeled_robot_matched_adversarial_identity,389,wheeled_robot,matched_adversarial_identity,1.0,0.0,0.0,4,1
49336dcd6baab892,cias_full,390_drone_matched_adversarial_identity,390,drone,matched_adversarial_identity,1.0,0.0,0.0,4,1
49336dcd6baab892,cias_full,390_ground_creature_matched_adversarial_identity,390,ground_creature,matched_adversarial_identity,1.0,0.0,0.0,4,1
49336dcd6baab892,cias_full,390_virtual_avatar_matched_adversarial_identity,390,virtual_avatar,matched_adversarial_identity,1.0,0.0,0.0,4,1
49336dcd6baab892,cias_full,390_wheeled_robot_matched_adversarial_identity,390,wheeled_robot,matched_adversarial_identity,1.0,0.0,0.0,4,1
49336dcd6baab892,cias_no_persistent_self,361_drone_matched_adversarial_identity,361,drone,matched_adversarial_identity,0.0,0.6666666666666666,,4,0
49336dcd6baab892,cias_no_persistent_self,361_ground_creature_matched_adversarial_identity,361,ground_creature,matched_adversarial_identity,0.0,0.6666666666666666,,4,0
49336dcd6baab892,cias_no_persistent_self,361_virtual_avatar_matched_adversarial_identity,361,virtual_avatar,matched_adversarial_identity,0.0,0.6666666666666666,,4,0
49336dcd6baab892,cias_no_persistent_self,361_wheeled_robot_matched_adversarial_identity,361,wheeled_robot,matched_adversarial_identity,0.0,0.6666666666666666,,4,0
49336dcd6baab892,cias_no_persistent_self,362_drone_matched_adversarial_identity,362,drone,matched_adversarial_identity,0.0,0.6666666666666666,,4,0
49336dcd6baab892,cias_no_persistent_self,362_ground_creature_matched_adversarial_identity,362,ground_creature,matched_adversarial_identity,0.0,0.6666666666666666,,4,0
49336dcd6baab892,cias_no_persistent_self,362_virtual_avatar_matched_adversarial_identity,362,virtual_avatar,matched_adversarial_identity,0.0,0.6666666666666666,,4,0
49336dcd6baab892,cias_no_persistent_self,362_wheeled_robot_matched_adversarial_identity,362,wheeled_robot,matched_adversarial_identity,0.0,0.6666666666666666,,4,0
49336dcd6baab892,cias_no_persistent_self,363_drone_matched_adversarial_identity,363,drone,matched_adversarial_identity,0.0,0.6666666666666666,,4,0
49336dcd6baab892,cias_no_persistent_self,363_ground_creature_matched_adversarial_identity,363,ground_creature,matched_adversarial_identity,0.0,0.6666666666666666,,4,0
49336dcd6baab892,cias_no_persistent_self,363_virtual_avatar_matched_adversarial_identity,363,virtual_avatar,matched_adversarial_identity,0.0,0.6666666666666666,,4,0
49336dcd6baab892,cias_no_persistent_self,363_wheeled_robot_matched_adversarial_identity,363,wheeled_robot,matched_adversarial_identity,0.0,0.6666666666666666,,4,0
49336dcd6baab892,cias_no_persistent_self,364_drone_matched_adversarial_identity,364,drone,matched_adversarial_identity,0.0,0.6666666666666666,,4,0
49336dcd6baab892,cias_no_persistent_self,364_ground_creature_matched_adversarial_identity,364,ground_creature,matched_adversarial_identity,0.0,0.6666666666666666,,4,0
49336dcd6baab892,cias_no_persistent_self,364_virtual_avatar_matched_adversarial_identity,364,virtual_avatar,matched_adversarial_identity,0.0,0.6666666666666666,,4,0
49336dcd6baab892,cias_no_persistent_self,364_wheeled_robot_matched_adversarial_identity,364,wheeled_robot,matched_adversarial_identity,0.0,0.6666666666666666,,4,0
49336dcd6baab892,cias_no_persistent_self,365_drone_matched_adversarial_identity,365,drone,matched_adversarial_identity,0.0,0.6666666666666666,,4,0
49336dcd6baab892,cias_no_persistent_self,365_ground_creature_matched_adversarial_identity,365,ground_creature,matched_adversarial_identity,0.0,0.6666666666666666,,4,0
49336dcd6baab892,cias_no_persistent_self,365_virtual_avatar_matched_adversarial_identity,365,virtual_avatar,matched_adversarial_identity,0.0,0.6666666666666666,,4,0
49336dcd6baab892,cias_no_persistent_self,365_wheeled_robot_matched_adversarial_identity,365,wheeled_robot,matched_adversarial_identity,0.0,0.6666666666666666,,4,0
49336dcd6baab892,cias_no_persistent_self,366_drone_matched_adversarial_identity,366,drone,matched_adversarial_identity,0.0,0.6666666666666666,,4,0
49336dcd6baab892,cias_no_persistent_self,366_ground_creature_matched_adversarial_identity,366,ground_creature,matched_adversarial_identity,0.0,0.6666666666666666,,4,0
49336dcd6baab892,cias_no_persistent_self,366_virtual_avatar_matched_adversarial_identity,366,virtual_avatar,matched_adversarial_identity,1.0,0.0,0.0,3,1
49336dcd6baab892,cias_no_persistent_self,366_wheeled_robot_matched_adversarial_identity,366,wheeled_robot,matched_adversarial_identity,0.0,0.6666666666666666,,4,0
49336dcd6baab892,cias_no_persistent_self,367_drone_matched_adversarial_identity,367,drone,matched_adversarial_identity,0.0,0.6666666666666666,,4,0
49336dcd6baab892,cias_no_persistent_self,367_ground_creature_matched_adversarial_identity,367,ground_creature,matched_adversarial_identity,0.0,0.6666666666666666,,4,0
49336dcd6baab892,cias_no_persistent_self,367_virtual_avatar_matched_adversarial_identity,367,virtual_avatar,matched_adversarial_identity,1.0,0.0,0.0,3,1
49336dcd6baab892,cias_no_persistent_self,367_wheeled_robot_matched_adversarial_identity,367,wheeled_robot,matched_adversarial_identity,0.0,0.6666666666666666,,4,0
49336dcd6baab892,cias_no_persistent_self,368_drone_matched_adversarial_identity,368,drone,matched_adversarial_identity,0.0,0.6666666666666666,,4,0
49336dcd6baab892,cias_no_persistent_self,368_ground_creature_matched_adversarial_identity,368,ground_creature,matched_adversarial_identity,1.0,0.0,0.0,3,1
49336dcd6baab892,cias_no_persistent_self,368_virtual_avatar_matched_adversarial_identity,368,virtual_avatar,matched_adversarial_identity,1.0,0.0,0.0,3,1
49336dcd6baab892,cias_no_persistent_self,368_wheeled_robot_matched_adversarial_identity,368,wheeled_robot,matched_adversarial_identity,1.0,0.0,0.0,3,1
49336dcd6baab892,cias_no_persistent_self,369_drone_matched_adversarial_identity,369,drone,matched_adversarial_identity,0.0,0.6666666666666666,,4,0
49336dcd6baab892,cias_no_persistent_self,369_ground_creature_matched_adversarial_identity,369,ground_creature,matched_adversarial_identity,0.0,0.6666666666666666,,4,0
49336dcd6baab892,cias_no_persistent_self,369_virtual_avatar_matched_adversarial_identity,369,virtual_avatar,matched_adversarial_identity,1.0,0.0,0.0,3,1
49336dcd6baab892,cias_no_persistent_self,369_wheeled_robot_matched_adversarial_identity,369,wheeled_robot,matched_adversarial_identity,0.0,0.6666666666666666,,4,0
49336dcd6baab892,cias_no_persistent_self,370_drone_matched_adversarial_identity,370,drone,matched_adversarial_identity,0.0,0.6666666666666666,,4,0
49336dcd6baab892,cias_no_persistent_self,370_ground_creature_matched_adversarial_identity,370,ground_creature,matched_adversarial_identity,0.0,0.6666666666666666,,4,0
49336dcd6baab892,cias_no_persistent_self,370_virtual_avatar_matched_adversarial_identity,370,virtual_avatar,matched_adversarial_identity,1.0,0.0,0.0,3,1
49336dcd6baab892,cias_no_persistent_self,370_wheeled_robot_matched_adversarial_identity,370,wheeled_robot,matched_adversarial_identity,0.0,0.6666666666666666,,4,0
49336dcd6baab892,cias_no_persistent_self,371_drone_matched_adversarial_identity,371,drone,matched_adversarial_identity,0.0,0.6666666666666666,,4,0
49336dcd6baab892,cias_no_persistent_self,371_ground_creature_matched_adversarial_identity,371,ground_creature,matched_adversarial_identity,1.0,0.0,0.0,3,1
49336dcd6baab892,cias_no_persistent_self,371_virtual_avatar_matched_adversarial_identity,371,virtual_avatar,matched_adversarial_identity,1.0,0.0,0.0,3,1
49336dcd6baab892,cias_no_persistent_self,371_wheeled_robot_matched_adversarial_identity,371,wheeled_robot,matched_adversarial_identity,1.0,0.0,0.0,3,1
49336dcd6baab892,cias_no_persistent_self,372_drone_matched_adversarial_identity,372,drone,matched_adversarial_identity,0.0,0.6666666666666666,,4,0
49336dcd6baab892,cias_no_persistent_self,372_ground_creature_matched_adversarial_identity,372,ground_creature,matched_adversarial_identity,0.0,0.6666666666666666,,4,0
49336dcd6baab892,cias_no_persistent_self,372_virtual_avatar_matched_adversarial_identity,372,virtual_avatar,matched_adversarial_identity,1.0,0.0,0.0,3,1
49336dcd6baab892,cias_no_persistent_self,372_wheeled_robot_matched_adversarial_identity,372,wheeled_robot,matched_adversarial_identity,0.0,0.6666666666666666,,4,0
49336dcd6baab892,cias_no_persistent_self,373_drone_matched_adversarial_identity,373,drone,matched_adversarial_identity,0.0,0.6666666666666666,,4,0
49336dcd6baab892,cias_no_persistent_self,373_ground_creature_matched_adversarial_identity,373,ground_creature,matched_adversarial_identity,1.0,0.0,0.0,3,1
49336dcd6baab892,cias_no_persistent_self,373_virtual_avatar_matched_adversarial_identity,373,virtual_avatar,matched_adversarial_identity,1.0,0.0,0.0,3,1
49336dcd6baab892,cias_no_persistent_self,373_wheeled_robot_matched_adversarial_identity,373,wheeled_robot,matched_adversarial_identity,0.0,0.6666666666666666,,4,0
49336dcd6baab892,cias_no_persistent_self,374_drone_matched_adversarial_identity,374,drone,matched_adversarial_identity,0.0,0.6666666666666666,,4,0
49336dcd6baab892,cias_no_persistent_self,374_ground_creature_matched_adversarial_identity,374,ground_creature,matched_adversarial_identity,0.0,0.6666666666666666,,4,0
49336dcd6baab892,cias_no_persistent_self,374_virtual_avatar_matched_adversarial_identity,374,virtual_avatar,matched_adversarial_identity,1.0,0.0,0.0,3,1
49336dcd6baab892,cias_no_persistent_self,374_wheeled_robot_matched_adversarial_identity,374,wheeled_robot,matched_adversarial_identity,0.0,0.6666666666666666,,4,0
49336dcd6baab892,cias_no_persistent_self,375_drone_matched_adversarial_identity,375,drone,matched_adversarial_identity,0.0,0.6666666666666666,,4,0
49336dcd6baab892,cias_no_persistent_self,375_ground_creature_matched_adversarial_identity,375,ground_creature,matched_adversarial_identity,0.0,0.6666666666666666,,4,0
49336dcd6baab892,cias_no_persistent_self,375_virtual_avatar_matched_adversarial_identity,375,virtual_avatar,matched_adversarial_identity,0.0,0.6666666666666666,,4,0
49336dcd6baab892,cias_no_persistent_self,375_wheeled_robot_matched_adversarial_identity,375,wheeled_robot,matched_adversarial_identity,0.0,0.6666666666666666,,4,0
49336dcd6baab892,cias_no_persistent_self,376_drone_matched_adversarial_identity,376,drone,matched_adversarial_identity,0.0,0.6666666666666666,,4,0
49336dcd6baab892,cias_no_persistent_self,376_ground_creature_matched_adversarial_identity,376,ground_creature,matched_adversarial_identity,0.0,0.6666666666666666,,4,0
49336dcd6baab892,cias_no_persistent_self,376_virtual_avatar_matched_adversarial_identity,376,virtual_avatar,matched_adversarial_identity,0.0,0.6666666666666666,,4,0
49336dcd6baab892,cias_no_persistent_self,376_wheeled_robot_matched_adversarial_identity,376,wheeled_robot,matched_adversarial_identity,0.0,0.6666666666666666,,4,0
49336dcd6baab892,cias_no_persistent_self,377_drone_matched_adversarial_identity,377,drone,matched_adversarial_identity,0.0,0.6666666666666666,,4,0
49336dcd6baab892,cias_no_persistent_self,377_ground_creature_matched_adversarial_identity,377,ground_creature,matched_adversarial_identity,0.0,0.6666666666666666,,4,0
49336dcd6baab892,cias_no_persistent_self,377_virtual_avatar_matched_adversarial_identity,377,virtual_avatar,matched_adversarial_identity,0.0,0.6666666666666666,,4,0
49336dcd6baab892,cias_no_persistent_self,377_wheeled_robot_matched_adversarial_identity,377,wheeled_robot,matched_adversarial_identity,0.0,0.6666666666666666,,4,0
49336dcd6baab892,cias_no_persistent_self,378_drone_matched_adversarial_identity,378,drone,matched_adversarial_identity,0.0,0.6666666666666666,,4,0
49336dcd6baab892,cias_no_persistent_self,378_ground_creature_matched_adversarial_identity,378,ground_creature,matched_adversarial_identity,0.0,0.6666666666666666,,4,0
49336dcd6baab892,cias_no_persistent_self,378_virtual_avatar_matched_adversarial_identity,378,virtual_avatar,matched_adversarial_identity,0.0,0.6666666666666666,,4,0
49336dcd6baab892,cias_no_persistent_self,378_wheeled_robot_matched_adversarial_identity,378,wheeled_robot,matched_adversarial_identity,0.0,0.6666666666666666,,4,0
49336dcd6baab892,cias_no_persistent_self,379_drone_matched_adversarial_identity,379,drone,matched_adversarial_identity,0.0,0.6666666666666666,,4,0
49336dcd6baab892,cias_no_persistent_self,379_ground_creature_matched_adversarial_identity,379,ground_creature,matched_adversarial_identity,0.0,0.6666666666666666,,4,0
49336dcd6baab892,cias_no_persistent_self,379_virtual_avatar_matched_adversarial_identity,379,virtual_avatar,matched_adversarial_identity,0.0,0.6666666666666666,,4,0
49336dcd6baab892,cias_no_persistent_self,379_wheeled_robot_matched_adversarial_identity,379,wheeled_robot,matched_adversarial_identity,0.0,0.6666666666666666,,4,0
49336dcd6baab892,cias_no_persistent_self,380_drone_matched_adversarial_identity,380,drone,matched_adversarial_identity,0.0,0.6666666666666666,,4,0
49336dcd6baab892,cias_no_persistent_self,380_ground_creature_matched_adversarial_identity,380,ground_creature,matched_adversarial_identity,0.0,0.6666666666666666,,4,0
49336dcd6baab892,cias_no_persistent_self,380_virtual_avatar_matched_adversarial_identity,380,virtual_avatar,matched_adversarial_identity,0.0,0.6666666666666666,,4,0
49336dcd6baab892,cias_no_persistent_self,380_wheeled_robot_matched_adversarial_identity,380,wheeled_robot,matched_adversarial_identity,0.0,0.6666666666666666,,4,0
49336dcd6baab892,cias_no_persistent_self,381_drone_matched_adversarial_identity,381,drone,matched_adversarial_identity,0.0,0.6666666666666666,,4,0
49336dcd6baab892,cias_no_persistent_self,381_ground_creature_matched_adversarial_identity,381,ground_creature,matched_adversarial_identity,0.0,0.6666666666666666,,4,0
49336dcd6baab892,cias_no_persistent_self,381_virtual_avatar_matched_adversarial_identity,381,virtual_avatar,matched_adversarial_identity,0.0,0.6666666666666666,,4,0
49336dcd6baab892,cias_no_persistent_self,381_wheeled_robot_matched_adversarial_identity,381,wheeled_robot,matched_adversarial_identity,0.0,0.6666666666666666,,4,0
49336dcd6baab892,cias_no_persistent_self,382_drone_matched_adversarial_identity,382,drone,matched_adversarial_identity,0.0,0.6666666666666666,,4,0
49336dcd6baab892,cias_no_persistent_self,382_ground_creature_matched_adversarial_identity,382,ground_creature,matched_adversarial_identity,0.0,0.6666666666666666,,4,0
49336dcd6baab892,cias_no_persistent_self,382_virtual_avatar_matched_adversarial_identity,382,virtual_avatar,matched_adversarial_identity,0.0,0.6666666666666666,,4,0
49336dcd6baab892,cias_no_persistent_self,382_wheeled_robot_matched_adversarial_identity,382,wheeled_robot,matched_adversarial_identity,0.0,0.6666666666666666,,4,0
49336dcd6baab892,cias_no_persistent_self,383_drone_matched_adversarial_identity,383,drone,matched_adversarial_identity,0.0,0.6666666666666666,,4,0
49336dcd6baab892,cias_no_persistent_self,383_ground_creature_matched_adversarial_identity,383,ground_creature,matched_adversarial_identity,0.0,0.6666666666666666,,4,0
49336dcd6baab892,cias_no_persistent_self,383_virtual_avatar_matched_adversarial_identity,383,virtual_avatar,matched_adversarial_identity,0.0,0.6666666666666666,,4,0
49336dcd6baab892,cias_no_persistent_self,383_wheeled_robot_matched_adversarial_identity,383,wheeled_robot,matched_adversarial_identity,0.0,0.6666666666666666,,4,0
49336dcd6baab892,cias_no_persistent_self,384_drone_matched_adversarial_identity,384,drone,matched_adversarial_identity,0.0,0.6666666666666666,,4,0
49336dcd6baab892,cias_no_persistent_self,384_ground_creature_matched_adversarial_identity,384,ground_creature,matched_adversarial_identity,0.0,0.6666666666666666,,4,0
49336dcd6baab892,cias_no_persistent_self,384_virtual_avatar_matched_adversarial_identity,384,virtual_avatar,matched_adversarial_identity,1.0,0.0,0.0,3,1
49336dcd6baab892,cias_no_persistent_self,384_wheeled_robot_matched_adversarial_identity,384,wheeled_robot,matched_adversarial_identity,0.0,0.6666666666666666,,4,0
49336dcd6baab892,cias_no_persistent_self,385_drone_matched_adversarial_identity,385,drone,matched_adversarial_identity,0.0,0.6666666666666666,,4,0
49336dcd6baab892,cias_no_persistent_self,385_ground_creature_matched_adversarial_identity,385,ground_creature,matched_adversarial_identity,0.0,0.6666666666666666,,4,0
49336dcd6baab892,cias_no_persistent_self,385_virtual_avatar_matched_adversarial_identity,385,virtual_avatar,matched_adversarial_identity,1.0,0.0,0.0,3,1
49336dcd6baab892,cias_no_persistent_self,385_wheeled_robot_matched_adversarial_identity,385,wheeled_robot,matched_adversarial_identity,0.0,0.6666666666666666,,4,0
49336dcd6baab892,cias_no_persistent_self,386_drone_matched_adversarial_identity,386,drone,matched_adversarial_identity,0.0,0.6666666666666666,,4,0
49336dcd6baab892,cias_no_persistent_self,386_ground_creature_matched_adversarial_identity,386,ground_creature,matched_adversarial_identity,0.0,0.6666666666666666,,4,0
49336dcd6baab892,cias_no_persistent_self,386_virtual_avatar_matched_adversarial_identity,386,virtual_avatar,matched_adversarial_identity,1.0,0.0,0.0,3,1
49336dcd6baab892,cias_no_persistent_self,386_wheeled_robot_matched_adversarial_identity,386,wheeled_robot,matched_adversarial_identity,0.0,0.6666666666666666,,4,0
49336dcd6baab892,cias_no_persistent_self,387_drone_matched_adversarial_identity,387,drone,matched_adversarial_identity,0.0,0.6666666666666666,,4,0
49336dcd6baab892,cias_no_persistent_self,387_ground_creature_matched_adversarial_identity,387,ground_creature,matched_adversarial_identity,0.0,0.6666666666666666,,4,0
49336dcd6baab892,cias_no_persistent_self,387_virtual_avatar_matched_adversarial_identity,387,virtual_avatar,matched_adversarial_identity,1.0,0.0,0.0,3,1
49336dcd6baab892,cias_no_persistent_self,387_wheeled_robot_matched_adversarial_identity,387,wheeled_robot,matched_adversarial_identity,0.0,0.6666666666666666,,4,0
49336dcd6baab892,cias_no_persistent_self,388_drone_matched_adversarial_identity,388,drone,matched_adversarial_identity,0.0,0.6666666666666666,,4,0
49336dcd6baab892,cias_no_persistent_self,388_ground_creature_matched_adversarial_identity,388,ground_creature,matched_adversarial_identity,0.0,0.6666666666666666,,4,0
49336dcd6baab892,cias_no_persistent_self,388_virtual_avatar_matched_adversarial_identity,388,virtual_avatar,matched_adversarial_identity,1.0,0.0,0.0,3,1
49336dcd6baab892,cias_no_persistent_self,388_wheeled_robot_matched_adversarial_identity,388,wheeled_robot,matched_adversarial_identity,0.0,0.6666666666666666,,4,0
49336dcd6baab892,cias_no_persistent_self,389_drone_matched_adversarial_identity,389,drone,matched_adversarial_identity,0.0,0.6666666666666666,,4,0
49336dcd6baab892,cias_no_persistent_self,389_ground_creature_matched_adversarial_identity,389,ground_creature,matched_adversarial_identity,1.0,0.0,0.0,3,1
49336dcd6baab892,cias_no_persistent_self,389_virtual_avatar_matched_adversarial_identity,389,virtual_avatar,matched_adversarial_identity,1.0,0.0,0.0,3,1
49336dcd6baab892,cias_no_persistent_self,389_wheeled_robot_matched_adversarial_identity,389,wheeled_robot,matched_adversarial_identity,0.0,0.6666666666666666,,4,0
49336dcd6baab892,cias_no_persistent_self,390_drone_matched_adversarial_identity,390,drone,matched_adversarial_identity,0.0,0.6666666666666666,,4,0
49336dcd6baab892,cias_no_persistent_self,390_ground_creature_matched_adversarial_identity,390,ground_creature,matched_adversarial_identity,0.0,0.6666666666666666,,4,0
49336dcd6baab892,cias_no_persistent_self,390_virtual_avatar_matched_adversarial_identity,390,virtual_avatar,matched_adversarial_identity,1.0,0.0,0.0,3,1
49336dcd6baab892,cias_no_persistent_self,390_wheeled_robot_matched_adversarial_identity,390,wheeled_robot,matched_adversarial_identity,0.0,0.6666666666666666,,4,0
506c41c4393d2a3e,cias_full,361_drone_matched_adversarial_identity,361,drone,matched_adversarial_identity,0.9305555555555556,0.06944444444444445,0.5,8,1
506c41c4393d2a3e,cias_full,361_ground_creature_matched_adversarial_identity,361,ground_creature,matched_adversarial_identity,1.0,0.0,0.0,4,1
506c41c4393d2a3e,cias_full,361_virtual_avatar_matched_adversarial_identity,361,virtual_avatar,matched_adversarial_identity,1.0,0.0,0.0,4,1
506c41c4393d2a3e,cias_full,361_wheeled_robot_matched_adversarial_identity,361,wheeled_robot,matched_adversarial_identity,1.0,0.0,0.0,4,1
506c41c4393d2a3e,cias_full,362_drone_matched_adversarial_identity,362,drone,matched_adversarial_identity,0.9027777777777778,0.09722222222222222,0.7000000000000001,10,1
506c41c4393d2a3e,cias_full,362_ground_creature_matched_adversarial_identity,362,ground_creature,matched_adversarial_identity,1.0,0.0,0.0,4,1
506c41c4393d2a3e,cias_full,362_virtual_avatar_matched_adversarial_identity,362,virtual_avatar,matched_adversarial_identity,1.0,0.0,0.0,4,1
506c41c4393d2a3e,cias_full,362_wheeled_robot_matched_adversarial_identity,362,wheeled_robot,matched_adversarial_identity,1.0,0.0,0.0,4,1
506c41c4393d2a3e,cias_full,363_drone_matched_adversarial_identity,363,drone,matched_adversarial_identity,0.625,0.09722222222222222,0.7000000000000001,18,1
506c41c4393d2a3e,cias_full,363_ground_creature_matched_adversarial_identity,363,ground_creature,matched_adversarial_identity,1.0,0.0,0.0,4,1
506c41c4393d2a3e,cias_full,363_virtual_avatar_matched_adversarial_identity,363,virtual_avatar,matched_adversarial_identity,1.0,0.0,0.0,4,1
506c41c4393d2a3e,cias_full,363_wheeled_robot_matched_adversarial_identity,363,wheeled_robot,matched_adversarial_identity,0.9305555555555556,0.06944444444444445,0.5,6,1
506c41c4393d2a3e,cias_full,364_drone_matched_adversarial_identity,364,drone,matched_adversarial_identity,0.9027777777777778,0.09722222222222222,0.7000000000000001,14,1
506c41c4393d2a3e,cias_full,364_ground_creature_matched_adversarial_identity,364,ground_creature,matched_adversarial_identity,1.0,0.0,0.0,4,1
506c41c4393d2a3e,cias_full,364_virtual_avatar_matched_adversarial_identity,364,virtual_avatar,matched_adversarial_identity,1.0,0.0,0.0,2,1
506c41c4393d2a3e,cias_full,364_wheeled_robot_matched_adversarial_identity,364,wheeled_robot,matched_adversarial_identity,1.0,0.0,0.0,4,1
506c41c4393d2a3e,cias_full,365_drone_matched_adversarial_identity,365,drone,matched_adversarial_identity,0.6388888888888888,0.09722222222222222,0.7000000000000001,18,1
506c41c4393d2a3e,cias_full,365_ground_creature_matched_adversarial_identity,365,ground_creature,matched_adversarial_identity,1.0,0.0,0.0,4,1
506c41c4393d2a3e,cias_full,365_virtual_avatar_matched_adversarial_identity,365,virtual_avatar,matched_adversarial_identity,1.0,0.0,0.0,4,1
506c41c4393d2a3e,cias_full,365_wheeled_robot_matched_adversarial_identity,365,wheeled_robot,matched_adversarial_identity,1.0,0.0,0.0,4,1
506c41c4393d2a3e,cias_full,366_drone_matched_adversarial_identity,366,drone,matched_adversarial_identity,0.6666666666666666,0.08333333333333333,0.6000000000000001,16,1
506c41c4393d2a3e,cias_full,366_ground_creature_matched_adversarial_identity,366,ground_creature,matched_adversarial_identity,1.0,0.0,0.0,4,1
506c41c4393d2a3e,cias_full,366_virtual_avatar_matched_adversarial_identity,366,virtual_avatar,matched_adversarial_identity,1.0,0.0,0.0,4,1
506c41c4393d2a3e,cias_full,366_wheeled_robot_matched_adversarial_identity,366,wheeled_robot,matched_adversarial_identity,1.0,0.0,0.0,4,1
506c41c4393d2a3e,cias_full,367_drone_matched_adversarial_identity,367,drone,matched_adversarial_identity,0.6111111111111112,0.09722222222222222,0.7000000000000001,18,1
506c41c4393d2a3e,cias_full,367_ground_creature_matched_adversarial_identity,367,ground_creature,matched_adversarial_identity,1.0,0.0,0.0,4,1
506c41c4393d2a3e,cias_full,367_virtual_avatar_matched_adversarial_identity,367,virtual_avatar,matched_adversarial_identity,1.0,0.0,0.0,4,1
506c41c4393d2a3e,cias_full,367_wheeled_robot_matched_adversarial_identity,367,wheeled_robot,matched_adversarial_identity,1.0,0.0,0.0,4,1
506c41c4393d2a3e,cias_full,368_drone_matched_adversarial_identity,368,drone,matched_adversarial_identity,0.9027777777777778,0.09722222222222222,0.7000000000000001,12,1
506c41c4393d2a3e,cias_full,368_ground_creature_matched_adversarial_identity,368,ground_creature,matched_adversarial_identity,1.0,0.0,0.0,4,1
506c41c4393d2a3e,cias_full,368_virtual_avatar_matched_adversarial_identity,368,virtual_avatar,matched_adversarial_identity,1.0,0.0,0.0,4,1
506c41c4393d2a3e,cias_full,368_wheeled_robot_matched_adversarial_identity,368,wheeled_robot,matched_adversarial_identity,1.0,0.0,0.0,4,1
506c41c4393d2a3e,cias_full,369_drone_matched_adversarial_identity,369,drone,matched_adversarial_identity,0.9027777777777778,0.09722222222222222,0.7000000000000001,10,1
506c41c4393d2a3e,cias_full,369_ground_creature_matched_adversarial_identity,369,ground_creature,matched_adversarial_identity,1.0,0.0,0.0,4,1
506c41c4393d2a3e,cias_full,369_virtual_avatar_matched_adversarial_identity,369,virtual_avatar,matched_adversarial_identity,1.0,0.0,0.0,4,1
506c41c4393d2a3e,cias_full,369_wheeled_robot_matched_adversarial_identity,369,wheeled_robot,matched_adversarial_identity,0.9305555555555556,0.06944444444444445,0.5,8,1
506c41c4393d2a3e,cias_full,370_drone_matched_adversarial_identity,370,drone,matched_adversarial_identity,0.9027777777777778,0.09722222222222222,0.7000000000000001,12,1
506c41c4393d2a3e,cias_full,370_ground_creature_matched_adversarial_identity,370,ground_creature,matched_adversarial_identity,1.0,0.0,0.0,4,1
506c41c4393d2a3e,cias_full,370_virtual_avatar_matched_adversarial_identity,370,virtual_avatar,matched_adversarial_identity,1.0,0.0,0.0,4,1
506c41c4393d2a3e,cias_full,370_wheeled_robot_matched_adversarial_identity,370,wheeled_robot,matched_adversarial_identity,1.0,0.0,0.0,4,1
506c41c4393d2a3e,cias_full,371_drone_matched_adversarial_identity,371,drone,matched_adversarial_identity,0.625,0.09722222222222222,0.7000000000000001,12,1
506c41c4393d2a3e,cias_full,371_ground_creature_matched_adversarial_identity,371,ground_creature,matched_adversarial_identity,1.0,0.0,0.0,4,1
506c41c4393d2a3e,cias_full,371_virtual_avatar_matched_adversarial_identity,371,virtual_avatar,matched_adversarial_identity,1.0,0.0,0.0,4,1
506c41c4393d2a3e,cias_full,371_wheeled_robot_matched_adversarial_identity,371,wheeled_robot,matched_adversarial_identity,1.0,0.0,0.0,4,1
506c41c4393d2a3e,cias_full,372_drone_matched_adversarial_identity,372,drone,matched_adversarial_identity,0.9305555555555556,0.06944444444444445,0.5,10,1
506c41c4393d2a3e,cias_full,372_ground_creature_matched_adversarial_identity,372,ground_creature,matched_adversarial_identity,1.0,0.0,0.0,4,1
506c41c4393d2a3e,cias_full,372_virtual_avatar_matched_adversarial_identity,372,virtual_avatar,matched_adversarial_identity,1.0,0.0,0.0,4,1
506c41c4393d2a3e,cias_full,372_wheeled_robot_matched_adversarial_identity,372,wheeled_robot,matched_adversarial_identity,1.0,0.0,0.0,4,1
506c41c4393d2a3e,cias_full,373_drone_matched_adversarial_identity,373,drone,matched_adversarial_identity,0.6666666666666666,0.06944444444444445,0.5,20,1
506c41c4393d2a3e,cias_full,373_ground_creature_matched_adversarial_identity,373,ground_creature,matched_adversarial_identity,1.0,0.0,0.0,4,1
506c41c4393d2a3e,cias_full,373_virtual_avatar_matched_adversarial_identity,373,virtual_avatar,matched_adversarial_identity,1.0,0.0,0.0,4,1
506c41c4393d2a3e,cias_full,373_wheeled_robot_matched_adversarial_identity,373,wheeled_robot,matched_adversarial_identity,1.0,0.0,0.0,4,1
506c41c4393d2a3e,cias_full,374_drone_matched_adversarial_identity,374,drone,matched_adversarial_identity,0.6805555555555556,0.06944444444444445,0.5,20,1
506c41c4393d2a3e,cias_full,374_ground_creature_matched_adversarial_identity,374,ground_creature,matched_adversarial_identity,1.0,0.0,0.0,4,1
506c41c4393d2a3e,cias_full,374_virtual_avatar_matched_adversarial_identity,374,virtual_avatar,matched_adversarial_identity,1.0,0.0,0.0,4,1
506c41c4393d2a3e,cias_full,374_wheeled_robot_matched_adversarial_identity,374,wheeled_robot,matched_adversarial_identity,1.0,0.0,0.0,4,1
506c41c4393d2a3e,cias_full,375_drone_matched_adversarial_identity,375,drone,matched_adversarial_identity,0.625,0.09722222222222222,0.7000000000000001,14,1
506c41c4393d2a3e,cias_full,375_ground_creature_matched_adversarial_identity,375,ground_creature,matched_adversarial_identity,1.0,0.0,0.0,4,1
506c41c4393d2a3e,cias_full,375_virtual_avatar_matched_adversarial_identity,375,virtual_avatar,matched_adversarial_identity,1.0,0.0,0.0,4,1
506c41c4393d2a3e,cias_full,375_wheeled_robot_matched_adversarial_identity,375,wheeled_robot,matched_adversarial_identity,1.0,0.0,0.0,4,1
506c41c4393d2a3e,cias_full,376_drone_matched_adversarial_identity,376,drone,matched_adversarial_identity,0.9305555555555556,0.06944444444444445,0.5,12,1
506c41c4393d2a3e,cias_full,376_ground_creature_matched_adversarial_identity,376,ground_creature,matched_adversarial_identity,1.0,0.0,0.0,4,1
506c41c4393d2a3e,cias_full,376_virtual_avatar_matched_adversarial_identity,376,virtual_avatar,matched_adversarial_identity,1.0,0.0,0.0,4,1
506c41c4393d2a3e,cias_full,376_wheeled_robot_matched_adversarial_identity,376,wheeled_robot,matched_adversarial_identity,0.9305555555555556,0.06944444444444445,0.5,6,1
506c41c4393d2a3e,cias_full,377_drone_matched_adversarial_identity,377,drone,matched_adversarial_identity,0.6388888888888888,0.09722222222222222,0.7000000000000001,20,1
506c41c4393d2a3e,cias_full,377_ground_creature_matched_adversarial_identity,377,ground_creature,matched_adversarial_identity,1.0,0.0,0.0,4,1
506c41c4393d2a3e,cias_full,377_virtual_avatar_matched_adversarial_identity,377,virtual_avatar,matched_adversarial_identity,1.0,0.0,0.0,4,1
506c41c4393d2a3e,cias_full,377_wheeled_robot_matched_adversarial_identity,377,wheeled_robot,matched_adversarial_identity,1.0,0.0,0.0,4,1
506c41c4393d2a3e,cias_full,378_drone_matched_adversarial_identity,378,drone,matched_adversarial_identity,0.6388888888888888,0.09722222222222222,0.7000000000000001,14,1
506c41c4393d2a3e,cias_full,378_ground_creature_matched_adversarial_identity,378,ground_creature,matched_adversarial_identity,1.0,0.0,0.0,4,1
506c41c4393d2a3e,cias_full,378_virtual_avatar_matched_adversarial_identity,378,virtual_avatar,matched_adversarial_identity,1.0,0.0,0.0,4,1
506c41c4393d2a3e,cias_full,378_wheeled_robot_matched_adversarial_identity,378,wheeled_robot,matched_adversarial_identity,1.0,0.0,0.0,4,1
506c41c4393d2a3e,cias_full,379_drone_matched_adversarial_identity,379,drone,matched_adversarial_identity,0.9027777777777778,0.09722222222222222,0.7000000000000001,18,1
506c41c4393d2a3e,cias_full,379_ground_creature_matched_adversarial_identity,379,ground_creature,matched_adversarial_identity,1.0,0.0,0.0,4,1
506c41c4393d2a3e,cias_full,379_virtual_avatar_matched_adversarial_identity,379,virtual_avatar,matched_adversarial_identity,1.0,0.0,0.0,4,1
506c41c4393d2a3e,cias_full,379_wheeled_robot_matched_adversarial_identity,379,wheeled_robot,matched_adversarial_identity,1.0,0.0,0.0,4,1
506c41c4393d2a3e,cias_full,380_drone_matched_adversarial_identity,380,drone,matched_adversarial_identity,0.6805555555555556,0.06944444444444445,0.5,16,1
506c41c4393d2a3e,cias_full,380_ground_creature_matched_adversarial_identity,380,ground_creature,matched_adversarial_identity,1.0,0.0,0.0,4,1
506c41c4393d2a3e,cias_full,380_virtual_avatar_matched_adversarial_identity,380,virtual_avatar,matched_adversarial_identity,1.0,0.0,0.0,4,1
506c41c4393d2a3e,cias_full,380_wheeled_robot_matched_adversarial_identity,380,wheeled_robot,matched_adversarial_identity,1.0,0.0,0.0,4,1
506c41c4393d2a3e,cias_full,381_drone_matched_adversarial_identity,381,drone,matched_adversarial_identity,0.9027777777777778,0.09722222222222222,0.7000000000000001,12,1
506c41c4393d2a3e,cias_full,381_ground_creature_matched_adversarial_identity,381,ground_creature,matched_adversarial_identity,1.0,0.0,0.0,4,1
506c41c4393d2a3e,cias_full,381_virtual_avatar_matched_adversarial_identity,381,virtual_avatar,matched_adversarial_identity,1.0,0.0,0.0,4,1
506c41c4393d2a3e,cias_full,381_wheeled_robot_matched_adversarial_identity,381,wheeled_robot,matched_adversarial_identity,1.0,0.0,0.0,4,1
506c41c4393d2a3e,cias_full,382_drone_matched_adversarial_identity,382,drone,matched_adversarial_identity,1.0,0.0,0.0,8,1
506c41c4393d2a3e,cias_full,382_ground_creature_matched_adversarial_identity,382,ground_creature,matched_adversarial_identity,1.0,0.0,0.0,4,1
506c41c4393d2a3e,cias_full,382_virtual_avatar_matched_adversarial_identity,382,virtual_avatar,matched_adversarial_identity,1.0,0.0,0.0,4,1
506c41c4393d2a3e,cias_full,382_wheeled_robot_matched_adversarial_identity,382,wheeled_robot,matched_adversarial_identity,1.0,0.0,0.0,4,1
506c41c4393d2a3e,cias_full,383_drone_matched_adversarial_identity,383,drone,matched_adversarial_identity,0.9027777777777778,0.09722222222222222,0.7000000000000001,18,1
506c41c4393d2a3e,cias_full,383_ground_creature_matched_adversarial_identity,383,ground_creature,matched_adversarial_identity,1.0,0.0,0.0,4,1
506c41c4393d2a3e,cias_full,383_virtual_avatar_matched_adversarial_identity,383,virtual_avatar,matched_adversarial_identity,1.0,0.0,0.0,4,1
506c41c4393d2a3e,cias_full,383_wheeled_robot_matched_adversarial_identity,383,wheeled_robot,matched_adversarial_identity,1.0,0.0,0.0,4,1
506c41c4393d2a3e,cias_full,384_drone_matched_adversarial_identity,384,drone,matched_adversarial_identity,1.0,0.0,0.0,6,1
506c41c4393d2a3e,cias_full,384_ground_creature_matched_adversarial_identity,384,ground_creature,matched_adversarial_identity,1.0,0.0,0.0,4,1
506c41c4393d2a3e,cias_full,384_virtual_avatar_matched_adversarial_identity,384,virtual_avatar,matched_adversarial_identity,1.0,0.0,0.0,2,1
506c41c4393d2a3e,cias_full,384_wheeled_robot_matched_adversarial_identity,384,wheeled_robot,matched_adversarial_identity,1.0,0.0,0.0,4,1
506c41c4393d2a3e,cias_full,385_drone_matched_adversarial_identity,385,drone,matched_adversarial_identity,1.0,0.0,0.0,4,1
506c41c4393d2a3e,cias_full,385_ground_creature_matched_adversarial_identity,385,ground_creature,matched_adversarial_identity,1.0,0.0,0.0,4,1
506c41c4393d2a3e,cias_full,385_virtual_avatar_matched_adversarial_identity,385,virtual_avatar,matched_adversarial_identity,1.0,0.0,0.0,4,1
506c41c4393d2a3e,cias_full,385_wheeled_robot_matched_adversarial_identity,385,wheeled_robot,matched_adversarial_identity,1.0,0.0,0.0,4,1
506c41c4393d2a3e,cias_full,386_drone_matched_adversarial_identity,386,drone,matched_adversarial_identity,0.9305555555555556,0.06944444444444445,0.5,8,1
506c41c4393d2a3e,cias_full,386_ground_creature_matched_adversarial_identity,386,ground_creature,matched_adversarial_identity,1.0,0.0,0.0,4,1
506c41c4393d2a3e,cias_full,386_virtual_avatar_matched_adversarial_identity,386,virtual_avatar,matched_adversarial_identity,1.0,0.0,0.0,4,1
506c41c4393d2a3e,cias_full,386_wheeled_robot_matched_adversarial_identity,386,wheeled_robot,matched_adversarial_identity,1.0,0.0,0.0,4,1
506c41c4393d2a3e,cias_full,387_drone_matched_adversarial_identity,387,drone,matched_adversarial_identity,1.0,0.0,0.0,8,1
506c41c4393d2a3e,cias_full,387_ground_creature_matched_adversarial_identity,387,ground_creature,matched_adversarial_identity,1.0,0.0,0.0,4,1
506c41c4393d2a3e,cias_full,387_virtual_avatar_matched_adversarial_identity,387,virtual_avatar,matched_adversarial_identity,1.0,0.0,0.0,4,1
506c41c4393d2a3e,cias_full,387_wheeled_robot_matched_adversarial_identity,387,wheeled_robot,matched_adversarial_identity,1.0,0.0,0.0,4,1
506c41c4393d2a3e,cias_full,388_drone_matched_adversarial_identity,388,drone,matched_adversarial_identity,1.0,0.0,0.0,8,1
506c41c4393d2a3e,cias_full,388_ground_creature_matched_adversarial_identity,388,ground_creature,matched_adversarial_identity,1.0,0.0,0.0,4,1
506c41c4393d2a3e,cias_full,388_virtual_avatar_matched_adversarial_identity,388,virtual_avatar,matched_adversarial_identity,1.0,0.0,0.0,4,1
506c41c4393d2a3e,cias_full,388_wheeled_robot_matched_adversarial_identity,388,wheeled_robot,matched_adversarial_identity,1.0,0.0,0.0,4,1
506c41c4393d2a3e,cias_full,389_drone_matched_adversarial_identity,389,drone,matched_adversarial_identity,0.7361111111111112,0.0,0.0,12,1
506c41c4393d2a3e,cias_full,389_ground_creature_matched_adversarial_identity,389,ground_creature,matched_adversarial_identity,1.0,0.0,0.0,4,1
506c41c4393d2a3e,cias_full,389_virtual_avatar_matched_adversarial_identity,389,virtual_avatar,matched_adversarial_identity,1.0,0.0,0.0,4,1
506c41c4393d2a3e,cias_full,389_wheeled_robot_matched_adversarial_identity,389,wheeled_robot,matched_adversarial_identity,1.0,0.0,0.0,4,1
506c41c4393d2a3e,cias_full,390_drone_matched_adversarial_identity,390,drone,matched_adversarial_identity,0.9305555555555556,0.06944444444444445,0.5,6,1
506c41c4393d2a3e,cias_full,390_ground_creature_matched_adversarial_identity,390,ground_creature,matched_adversarial_identity,1.0,0.0,0.0,4,1
506c41c4393d2a3e,cias_full,390_virtual_avatar_matched_adversarial_identity,390,virtual_avatar,matched_adversarial_identity,1.0,0.0,0.0,4,1
506c41c4393d2a3e,cias_full,390_wheeled_robot_matched_adversarial_identity,390,wheeled_robot,matched_adversarial_identity,1.0,0.0,0.0,4,1
506c41c4393d2a3e,cias_no_persistent_self,361_drone_matched_adversarial_identity,361,drone,matched_adversarial_identity,0.0,0.6666666666666666,,4,0
506c41c4393d2a3e,cias_no_persistent_self,361_ground_creature_matched_adversarial_identity,361,ground_creature,matched_adversarial_identity,0.0,0.6666666666666666,,4,0
506c41c4393d2a3e,cias_no_persistent_self,361_virtual_avatar_matched_adversarial_identity,361,virtual_avatar,matched_adversarial_identity,0.0,0.6666666666666666,,4,0
506c41c4393d2a3e,cias_no_persistent_self,361_wheeled_robot_matched_adversarial_identity,361,wheeled_robot,matched_adversarial_identity,0.0,0.6666666666666666,,4,0
506c41c4393d2a3e,cias_no_persistent_self,362_drone_matched_adversarial_identity,362,drone,matched_adversarial_identity,0.0,0.6666666666666666,,4,0
506c41c4393d2a3e,cias_no_persistent_self,362_ground_creature_matched_adversarial_identity,362,ground_creature,matched_adversarial_identity,0.0,0.6666666666666666,,4,0
506c41c4393d2a3e,cias_no_persistent_self,362_virtual_avatar_matched_adversarial_identity,362,virtual_avatar,matched_adversarial_identity,0.0,0.6666666666666666,,4,0
506c41c4393d2a3e,cias_no_persistent_self,362_wheeled_robot_matched_adversarial_identity,362,wheeled_robot,matched_adversarial_identity,0.0,0.6666666666666666,,4,0
506c41c4393d2a3e,cias_no_persistent_self,363_drone_matched_adversarial_identity,363,drone,matched_adversarial_identity,0.0,0.6666666666666666,,4,0
506c41c4393d2a3e,cias_no_persistent_self,363_ground_creature_matched_adversarial_identity,363,ground_creature,matched_adversarial_identity,0.0,0.6666666666666666,,4,0
506c41c4393d2a3e,cias_no_persistent_self,363_virtual_avatar_matched_adversarial_identity,363,virtual_avatar,matched_adversarial_identity,0.0,0.6666666666666666,,4,0
506c41c4393d2a3e,cias_no_persistent_self,363_wheeled_robot_matched_adversarial_identity,363,wheeled_robot,matched_adversarial_identity,0.0,0.6666666666666666,,4,0
506c41c4393d2a3e,cias_no_persistent_self,364_drone_matched_adversarial_identity,364,drone,matched_adversarial_identity,0.0,0.6666666666666666,,4,0
506c41c4393d2a3e,cias_no_persistent_self,364_ground_creature_matched_adversarial_identity,364,ground_creature,matched_adversarial_identity,0.0,0.6666666666666666,,4,0
506c41c4393d2a3e,cias_no_persistent_self,364_virtual_avatar_matched_adversarial_identity,364,virtual_avatar,matched_adversarial_identity,0.0,0.6666666666666666,,4,0
506c41c4393d2a3e,cias_no_persistent_self,364_wheeled_robot_matched_adversarial_identity,364,wheeled_robot,matched_adversarial_identity,0.0,0.6666666666666666,,4,0
506c41c4393d2a3e,cias_no_persistent_self,365_drone_matched_adversarial_identity,365,drone,matched_adversarial_identity,0.0,0.6666666666666666,,4,0
506c41c4393d2a3e,cias_no_persistent_self,365_ground_creature_matched_adversarial_identity,365,ground_creature,matched_adversarial_identity,0.0,0.6666666666666666,,4,0
506c41c4393d2a3e,cias_no_persistent_self,365_virtual_avatar_matched_adversarial_identity,365,virtual_avatar,matched_adversarial_identity,0.0,0.6666666666666666,,4,0
506c41c4393d2a3e,cias_no_persistent_self,365_wheeled_robot_matched_adversarial_identity,365,wheeled_robot,matched_adversarial_identity,0.0,0.6666666666666666,,4,0
506c41c4393d2a3e,cias_no_persistent_self,366_drone_matched_adversarial_identity,366,drone,matched_adversarial_identity,0.0,0.6666666666666666,,4,0
506c41c4393d2a3e,cias_no_persistent_self,366_ground_creature_matched_adversarial_identity,366,ground_creature,matched_adversarial_identity,0.0,0.6666666666666666,,4,0
506c41c4393d2a3e,cias_no_persistent_self,366_virtual_avatar_matched_adversarial_identity,366,virtual_avatar,matched_adversarial_identity,1.0,0.0,0.0,3,1
506c41c4393d2a3e,cias_no_persistent_self,366_wheeled_robot_matched_adversarial_identity,366,wheeled_robot,matched_adversarial_identity,0.0,0.6666666666666666,,4,0
506c41c4393d2a3e,cias_no_persistent_self,367_drone_matched_adversarial_identity,367,drone,matched_adversarial_identity,0.0,0.6666666666666666,,4,0
506c41c4393d2a3e,cias_no_persistent_self,367_ground_creature_matched_adversarial_identity,367,ground_creature,matched_adversarial_identity,0.0,0.6666666666666666,,4,0
506c41c4393d2a3e,cias_no_persistent_self,367_virtual_avatar_matched_adversarial_identity,367,virtual_avatar,matched_adversarial_identity,1.0,0.0,0.0,3,1
506c41c4393d2a3e,cias_no_persistent_self,367_wheeled_robot_matched_adversarial_identity,367,wheeled_robot,matched_adversarial_identity,0.0,0.6666666666666666,,4,0
506c41c4393d2a3e,cias_no_persistent_self,368_drone_matched_adversarial_identity,368,drone,matched_adversarial_identity,0.0,0.6666666666666666,,4,0
506c41c4393d2a3e,cias_no_persistent_self,368_ground_creature_matched_adversarial_identity,368,ground_creature,matched_adversarial_identity,1.0,0.0,0.0,3,1
506c41c4393d2a3e,cias_no_persistent_self,368_virtual_avatar_matched_adversarial_identity,368,virtual_avatar,matched_adversarial_identity,1.0,0.0,0.0,3,1
506c41c4393d2a3e,cias_no_persistent_self,368_wheeled_robot_matched_adversarial_identity,368,wheeled_robot,matched_adversarial_identity,1.0,0.0,0.0,3,1
506c41c4393d2a3e,cias_no_persistent_self,369_drone_matched_adversarial_identity,369,drone,matched_adversarial_identity,0.0,0.6666666666666666,,4,0
506c41c4393d2a3e,cias_no_persistent_self,369_ground_creature_matched_adversarial_identity,369,ground_creature,matched_adversarial_identity,0.0,0.6666666666666666,,4,0
506c41c4393d2a3e,cias_no_persistent_self,369_virtual_avatar_matched_adversarial_identity,369,virtual_avatar,matched_adversarial_identity,1.0,0.0,0.0,3,1
506c41c4393d2a3e,cias_no_persistent_self,369_wheeled_robot_matched_adversarial_identity,369,wheeled_robot,matched_adversarial_identity,0.0,0.6666666666666666,,4,0
506c41c4393d2a3e,cias_no_persistent_self,370_drone_matched_adversarial_identity,370,drone,matched_adversarial_identity,0.0,0.6666666666666666,,4,0
506c41c4393d2a3e,cias_no_persistent_self,370_ground_creature_matched_adversarial_identity,370,ground_creature,matched_adversarial_identity,0.0,0.6666666666666666,,4,0
506c41c4393d2a3e,cias_no_persistent_self,370_virtual_avatar_matched_adversarial_identity,370,virtual_avatar,matched_adversarial_identity,1.0,0.0,0.0,3,1
506c41c4393d2a3e,cias_no_persistent_self,370_wheeled_robot_matched_adversarial_identity,370,wheeled_robot,matched_adversarial_identity,0.0,0.6666666666666666,,4,0
506c41c4393d2a3e,cias_no_persistent_self,371_drone_matched_adversarial_identity,371,drone,matched_adversarial_identity,0.0,0.6666666666666666,,4,0
506c41c4393d2a3e,cias_no_persistent_self,371_ground_creature_matched_adversarial_identity,371,ground_creature,matched_adversarial_identity,1.0,0.0,0.0,3,1
506c41c4393d2a3e,cias_no_persistent_self,371_virtual_avatar_matched_adversarial_identity,371,virtual_avatar,matched_adversarial_identity,1.0,0.0,0.0,3,1
506c41c4393d2a3e,cias_no_persistent_self,371_wheeled_robot_matched_adversarial_identity,371,wheeled_robot,matched_adversarial_identity,1.0,0.0,0.0,3,1
506c41c4393d2a3e,cias_no_persistent_self,372_drone_matched_adversarial_identity,372,drone,matched_adversarial_identity,0.0,0.6666666666666666,,4,0
506c41c4393d2a3e,cias_no_persistent_self,372_ground_creature_matched_adversarial_identity,372,ground_creature,matched_adversarial_identity,0.0,0.6666666666666666,,4,0
506c41c4393d2a3e,cias_no_persistent_self,372_virtual_avatar_matched_adversarial_identity,372,virtual_avatar,matched_adversarial_identity,1.0,0.0,0.0,3,1
506c41c4393d2a3e,cias_no_persistent_self,372_wheeled_robot_matched_adversarial_identity,372,wheeled_robot,matched_adversarial_identity,0.0,0.6666666666666666,,4,0
506c41c4393d2a3e,cias_no_persistent_self,373_drone_matched_adversarial_identity,373,drone,matched_adversarial_identity,0.0,0.6666666666666666,,4,0
506c41c4393d2a3e,cias_no_persistent_self,373_ground_creature_matched_adversarial_identity,373,ground_creature,matched_adversarial_identity,1.0,0.0,0.0,3,1
506c41c4393d2a3e,cias_no_persistent_self,373_virtual_avatar_matched_adversarial_identity,373,virtual_avatar,matched_adversarial_identity,1.0,0.0,0.0,3,1
506c41c4393d2a3e,cias_no_persistent_self,373_wheeled_robot_matched_adversarial_identity,373,wheeled_robot,matched_adversarial_identity,0.0,0.6666666666666666,,4,0
506c41c4393d2a3e,cias_no_persistent_self,374_drone_matched_adversarial_identity,374,drone,matched_adversarial_identity,0.0,0.6666666666666666,,4,0
506c41c4393d2a3e,cias_no_persistent_self,374_ground_creature_matched_adversarial_identity,374,ground_creature,matched_adversarial_identity,0.0,0.6666666666666666,,4,0
506c41c4393d2a3e,cias_no_persistent_self,374_virtual_avatar_matched_adversarial_identity,374,virtual_avatar,matched_adversarial_identity,1.0,0.0,0.0,3,1
506c41c4393d2a3e,cias_no_persistent_self,374_wheeled_robot_matched_adversarial_identity,374,wheeled_robot,matched_adversarial_identity,0.0,0.6666666666666666,,4,0
506c41c4393d2a3e,cias_no_persistent_self,375_drone_matched_adversarial_identity,375,drone,matched_adversarial_identity,0.0,0.6666666666666666,,4,0
506c41c4393d2a3e,cias_no_persistent_self,375_ground_creature_matched_adversarial_identity,375,ground_creature,matched_adversarial_identity,0.0,0.6666666666666666,,4,0
506c41c4393d2a3e,cias_no_persistent_self,375_virtual_avatar_matched_adversarial_identity,375,virtual_avatar,matched_adversarial_identity,0.0,0.6666666666666666,,4,0
506c41c4393d2a3e,cias_no_persistent_self,375_wheeled_robot_matched_adversarial_identity,375,wheeled_robot,matched_adversarial_identity,0.0,0.6666666666666666,,4,0
506c41c4393d2a3e,cias_no_persistent_self,376_drone_matched_adversarial_identity,376,drone,matched_adversarial_identity,0.0,0.6666666666666666,,4,0
506c41c4393d2a3e,cias_no_persistent_self,376_ground_creature_matched_adversarial_identity,376,ground_creature,matched_adversarial_identity,0.0,0.6666666666666666,,4,0
506c41c4393d2a3e,cias_no_persistent_self,376_virtual_avatar_matched_adversarial_identity,376,virtual_avatar,matched_adversarial_identity,0.0,0.6666666666666666,,4,0
506c41c4393d2a3e,cias_no_persistent_self,376_wheeled_robot_matched_adversarial_identity,376,wheeled_robot,matched_adversarial_identity,0.0,0.6666666666666666,,4,0
506c41c4393d2a3e,cias_no_persistent_self,377_drone_matched_adversarial_identity,377,drone,matched_adversarial_identity,0.0,0.6666666666666666,,4,0
506c41c4393d2a3e,cias_no_persistent_self,377_ground_creature_matched_adversarial_identity,377,ground_creature,matched_adversarial_identity,0.0,0.6666666666666666,,4,0
506c41c4393d2a3e,cias_no_persistent_self,377_virtual_avatar_matched_adversarial_identity,377,virtual_avatar,matched_adversarial_identity,0.0,0.6666666666666666,,4,0
506c41c4393d2a3e,cias_no_persistent_self,377_wheeled_robot_matched_adversarial_identity,377,wheeled_robot,matched_adversarial_identity,0.0,0.6666666666666666,,4,0
506c41c4393d2a3e,cias_no_persistent_self,378_drone_matched_adversarial_identity,378,drone,matched_adversarial_identity,0.0,0.6666666666666666,,4,0
506c41c4393d2a3e,cias_no_persistent_self,378_ground_creature_matched_adversarial_identity,378,ground_creature,matched_adversarial_identity,0.0,0.6666666666666666,,4,0
506c41c4393d2a3e,cias_no_persistent_self,378_virtual_avatar_matched_adversarial_identity,378,virtual_avatar,matched_adversarial_identity,0.0,0.6666666666666666,,4,0
506c41c4393d2a3e,cias_no_persistent_self,378_wheeled_robot_matched_adversarial_identity,378,wheeled_robot,matched_adversarial_identity,0.0,0.6666666666666666,,4,0
506c41c4393d2a3e,cias_no_persistent_self,379_drone_matched_adversarial_identity,379,drone,matched_adversarial_identity,0.0,0.6666666666666666,,4,0
506c41c4393d2a3e,cias_no_persistent_self,379_ground_creature_matched_adversarial_identity,379,ground_creature,matched_adversarial_identity,0.0,0.6666666666666666,,4,0
506c41c4393d2a3e,cias_no_persistent_self,379_virtual_avatar_matched_adversarial_identity,379,virtual_avatar,matched_adversarial_identity,0.0,0.6666666666666666,,4,0
506c41c4393d2a3e,cias_no_persistent_self,379_wheeled_robot_matched_adversarial_identity,379,wheeled_robot,matched_adversarial_identity,0.0,0.6666666666666666,,4,0
506c41c4393d2a3e,cias_no_persistent_self,380_drone_matched_adversarial_identity,380,drone,matched_adversarial_identity,0.0,0.6666666666666666,,4,0
506c41c4393d2a3e,cias_no_persistent_self,380_ground_creature_matched_adversarial_identity,380,ground_creature,matched_adversarial_identity,0.0,0.6666666666666666,,4,0
506c41c4393d2a3e,cias_no_persistent_self,380_virtual_avatar_matched_adversarial_identity,380,virtual_avatar,matched_adversarial_identity,0.0,0.6666666666666666,,4,0
506c41c4393d2a3e,cias_no_persistent_self,380_wheeled_robot_matched_adversarial_identity,380,wheeled_robot,matched_adversarial_identity,0.0,0.6666666666666666,,4,0
506c41c4393d2a3e,cias_no_persistent_self,381_drone_matched_adversarial_identity,381,drone,matched_adversarial_identity,0.0,0.6666666666666666,,4,0
506c41c4393d2a3e,cias_no_persistent_self,381_ground_creature_matched_adversarial_identity,381,ground_creature,matched_adversarial_identity,0.0,0.6666666666666666,,4,0
506c41c4393d2a3e,cias_no_persistent_self,381_virtual_avatar_matched_adversarial_identity,381,virtual_avatar,matched_adversarial_identity,0.0,0.6666666666666666,,4,0
506c41c4393d2a3e,cias_no_persistent_self,381_wheeled_robot_matched_adversarial_identity,381,wheeled_robot,matched_adversarial_identity,0.0,0.6666666666666666,,4,0
506c41c4393d2a3e,cias_no_persistent_self,382_drone_matched_adversarial_identity,382,drone,matched_adversarial_identity,0.0,0.6666666666666666,,4,0
506c41c4393d2a3e,cias_no_persistent_self,382_ground_creature_matched_adversarial_identity,382,ground_creature,matched_adversarial_identity,0.0,0.6666666666666666,,4,0
506c41c4393d2a3e,cias_no_persistent_self,382_virtual_avatar_matched_adversarial_identity,382,virtual_avatar,matched_adversarial_identity,0.0,0.6666666666666666,,4,0
506c41c4393d2a3e,cias_no_persistent_self,382_wheeled_robot_matched_adversarial_identity,382,wheeled_robot,matched_adversarial_identity,0.0,0.6666666666666666,,4,0
506c41c4393d2a3e,cias_no_persistent_self,383_drone_matched_adversarial_identity,383,drone,matched_adversarial_identity,0.0,0.6666666666666666,,4,0
506c41c4393d2a3e,cias_no_persistent_self,383_ground_creature_matched_adversarial_identity,383,ground_creature,matched_adversarial_identity,0.0,0.6666666666666666,,4,0
506c41c4393d2a3e,cias_no_persistent_self,383_virtual_avatar_matched_adversarial_identity,383,virtual_avatar,matched_adversarial_identity,0.0,0.6666666666666666,,4,0
506c41c4393d2a3e,cias_no_persistent_self,383_wheeled_robot_matched_adversarial_identity,383,wheeled_robot,matched_adversarial_identity,0.0,0.6666666666666666,,4,0
506c41c4393d2a3e,cias_no_persistent_self,384_drone_matched_adversarial_identity,384,drone,matched_adversarial_identity,0.0,0.6666666666666666,,4,0
506c41c4393d2a3e,cias_no_persistent_self,384_ground_creature_matched_adversarial_identity,384,ground_creature,matched_adversarial_identity,0.0,0.6666666666666666,,4,0
506c41c4393d2a3e,cias_no_persistent_self,384_virtual_avatar_matched_adversarial_identity,384,virtual_avatar,matched_adversarial_identity,1.0,0.0,0.0,3,1
506c41c4393d2a3e,cias_no_persistent_self,384_wheeled_robot_matched_adversarial_identity,384,wheeled_robot,matched_adversarial_identity,0.0,0.6666666666666666,,4,0
506c41c4393d2a3e,cias_no_persistent_self,385_drone_matched_adversarial_identity,385,drone,matched_adversarial_identity,0.0,0.6666666666666666,,4,0
506c41c4393d2a3e,cias_no_persistent_self,385_ground_creature_matched_adversarial_identity,385,ground_creature,matched_adversarial_identity,0.0,0.6666666666666666,,4,0
506c41c4393d2a3e,cias_no_persistent_self,385_virtual_avatar_matched_adversarial_identity,385,virtual_avatar,matched_adversarial_identity,1.0,0.0,0.0,3,1
506c41c4393d2a3e,cias_no_persistent_self,385_wheeled_robot_matched_adversarial_identity,385,wheeled_robot,matched_adversarial_identity,0.0,0.6666666666666666,,4,0
506c41c4393d2a3e,cias_no_persistent_self,386_drone_matched_adversarial_identity,386,drone,matched_adversarial_identity,0.0,0.6666666666666666,,4,0
506c41c4393d2a3e,cias_no_persistent_self,386_ground_creature_matched_adversarial_identity,386,ground_creature,matched_adversarial_identity,0.0,0.6666666666666666,,4,0
506c41c4393d2a3e,cias_no_persistent_self,386_virtual_avatar_matched_adversarial_identity,386,virtual_avatar,matched_adversarial_identity,1.0,0.0,0.0,3,1
506c41c4393d2a3e,cias_no_persistent_self,386_wheeled_robot_matched_adversarial_identity,386,wheeled_robot,matched_adversarial_identity,0.0,0.6666666666666666,,4,0
506c41c4393d2a3e,cias_no_persistent_self,387_drone_matched_adversarial_identity,387,drone,matched_adversarial_identity,0.0,0.6666666666666666,,4,0
506c41c4393d2a3e,cias_no_persistent_self,387_ground_creature_matched_adversarial_identity,387,ground_creature,matched_adversarial_identity,0.0,0.6666666666666666,,4,0
506c41c4393d2a3e,cias_no_persistent_self,387_virtual_avatar_matched_adversarial_identity,387,virtual_avatar,matched_adversarial_identity,1.0,0.0,0.0,3,1
506c41c4393d2a3e,cias_no_persistent_self,387_wheeled_robot_matched_adversarial_identity,387,wheeled_robot,matched_adversarial_identity,0.0,0.6666666666666666,,4,0
506c41c4393d2a3e,cias_no_persistent_self,388_drone_matched_adversarial_identity,388,drone,matched_adversarial_identity,0.0,0.6666666666666666,,4,0
506c41c4393d2a3e,cias_no_persistent_self,388_ground_creature_matched_adversarial_identity,388,ground_creature,matched_adversarial_identity,0.0,0.6666666666666666,,4,0
506c41c4393d2a3e,cias_no_persistent_self,388_virtual_avatar_matched_adversarial_identity,388,virtual_avatar,matched_adversarial_identity,1.0,0.0,0.0,3,1
506c41c4393d2a3e,cias_no_persistent_self,388_wheeled_robot_matched_adversarial_identity,388,wheeled_robot,matched_adversarial_identity,0.0,0.6666666666666666,,4,0
506c41c4393d2a3e,cias_no_persistent_self,389_drone_matched_adversarial_identity,389,drone,matched_adversarial_identity,0.0,0.6666666666666666,,4,0
506c41c4393d2a3e,cias_no_persistent_self,389_ground_creature_matched_adversarial_identity,389,ground_creature,matched_adversarial_identity,1.0,0.0,0.0,3,1
506c41c4393d2a3e,cias_no_persistent_self,389_virtual_avatar_matched_adversarial_identity,389,virtual_avatar,matched_adversarial_identity,1.0,0.0,0.0,3,1
506c41c4393d2a3e,cias_no_persistent_self,389_wheeled_robot_matched_adversarial_identity,389,wheeled_robot,matched_adversarial_identity,0.0,0.6666666666666666,,4,0
506c41c4393d2a3e,cias_no_persistent_self,390_drone_matched_adversarial_identity,390,drone,matched_adversarial_identity,0.0,0.6666666666666666,,4,0
506c41c4393d2a3e,cias_no_persistent_self,390_ground_creature_matched_adversarial_identity,390,ground_creature,matched_adversarial_identity,0.0,0.6666666666666666,,4,0
506c41c4393d2a3e,cias_no_persistent_self,390_virtual_avatar_matched_adversarial_identity,390,virtual_avatar,matched_adversarial_identity,1.0,0.0,0.0,3,1
506c41c4393d2a3e,cias_no_persistent_self,390_wheeled_robot_matched_adversarial_identity,390,wheeled_robot,matched_adversarial_identity,0.0,0.6666666666666666,,4,0
57a949ee869f33f6,cias_full,361_drone_matched_adversarial_identity,361,drone,matched_adversarial_identity,0.9305555555555556,0.06944444444444445,0.5,8,1
57a949ee869f33f6,cias_full,361_ground_creature_matched_adversarial_identity,361,ground_creature,matched_adversarial_identity,1.0,0.0,0.0,4,1
57a949ee869f33f6,cias_full,361_virtual_avatar_matched_adversarial_identity,361,virtual_avatar,matched_adversarial_identity,1.0,0.0,0.0,4,1
57a949ee869f33f6,cias_full,361_wheeled_robot_matched_adversarial_identity,361,wheeled_robot,matched_adversarial_identity,1.0,0.0,0.0,4,1
57a949ee869f33f6,cias_full,362_drone_matched_adversarial_identity,362,drone,matched_adversarial_identity,0.9027777777777778,0.09722222222222222,0.7000000000000001,14,1
57a949ee869f33f6,cias_full,362_ground_creature_matched_adversarial_identity,362,ground_creature,matched_adversarial_identity,1.0,0.0,0.0,4,1
57a949ee869f33f6,cias_full,362_virtual_avatar_matched_adversarial_identity,362,virtual_avatar,matched_adversarial_identity,1.0,0.0,0.0,4,1
57a949ee869f33f6,cias_full,362_wheeled_robot_matched_adversarial_identity,362,wheeled_robot,matched_adversarial_identity,1.0,0.0,0.0,4,1
57a949ee869f33f6,cias_full,363_drone_matched_adversarial_identity,363,drone,matched_adversarial_identity,0.625,0.09722222222222222,0.7000000000000001,20,1
57a949ee869f33f6,cias_full,363_ground_creature_matched_adversarial_identity,363,ground_creature,matched_adversarial_identity,1.0,0.0,0.0,4,1
57a949ee869f33f6,cias_full,363_virtual_avatar_matched_adversarial_identity,363,virtual_avatar,matched_adversarial_identity,1.0,0.0,0.0,4,1
57a949ee869f33f6,cias_full,363_wheeled_robot_matched_adversarial_identity,363,wheeled_robot,matched_adversarial_identity,0.9305555555555556,0.06944444444444445,0.5,6,1
57a949ee869f33f6,cias_full,364_drone_matched_adversarial_identity,364,drone,matched_adversarial_identity,0.9027777777777778,0.09722222222222222,0.7000000000000001,14,1
57a949ee869f33f6,cias_full,364_ground_creature_matched_adversarial_identity,364,ground_creature,matched_adversarial_identity,1.0,0.0,0.0,4,1
57a949ee869f33f6,cias_full,364_virtual_avatar_matched_adversarial_identity,364,virtual_avatar,matched_adversarial_identity,1.0,0.0,0.0,2,1
57a949ee869f33f6,cias_full,364_wheeled_robot_matched_adversarial_identity,364,wheeled_robot,matched_adversarial_identity,1.0,0.0,0.0,4,1
57a949ee869f33f6,cias_full,365_drone_matched_adversarial_identity,365,drone,matched_adversarial_identity,0.4166666666666667,0.2916666666666667,2.3000000000000003,20,1
57a949ee869f33f6,cias_full,365_ground_creature_matched_adversarial_identity,365,ground_creature,matched_adversarial_identity,1.0,0.0,0.0,4,1
57a949ee869f33f6,cias_full,365_virtual_avatar_matched_adversarial_identity,365,virtual_avatar,matched_adversarial_identity,1.0,0.0,0.0,4,1
57a949ee869f33f6,cias_full,365_wheeled_robot_matched_adversarial_identity,365,wheeled_robot,matched_adversarial_identity,1.0,0.0,0.0,4,1
57a949ee869f33f6,cias_full,366_drone_matched_adversarial_identity,366,drone,matched_adversarial_identity,0.6666666666666666,0.08333333333333333,0.6000000000000001,18,1
57a949ee869f33f6,cias_full,366_ground_creature_matched_adversarial_identity,366,ground_creature,matched_adversarial_identity,1.0,0.0,0.0,4,1
57a949ee869f33f6,cias_full,366_virtual_avatar_matched_adversarial_identity,366,virtual_avatar,matched_adversarial_identity,1.0,0.0,0.0,4,1
57a949ee869f33f6,cias_full,366_wheeled_robot_matched_adversarial_identity,366,wheeled_robot,matched_adversarial_identity,0.9305555555555556,0.06944444444444445,0.5,8,1
57a949ee869f33f6,cias_full,367_drone_matched_adversarial_identity,367,drone,matched_adversarial_identity,0.6111111111111112,0.09722222222222222,0.7000000000000001,18,1
57a949ee869f33f6,cias_full,367_ground_creature_matched_adversarial_identity,367,ground_creature,matched_adversarial_identity,1.0,0.0,0.0,4,1
57a949ee869f33f6,cias_full,367_virtual_avatar_matched_adversarial_identity,367,virtual_avatar,matched_adversarial_identity,1.0,0.0,0.0,4,1
57a949ee869f33f6,cias_full,367_wheeled_robot_matched_adversarial_identity,367,wheeled_robot,matched_adversarial_identity,1.0,0.0,0.0,4,1
57a949ee869f33f6,cias_full,368_drone_matched_adversarial_identity,368,drone,matched_adversarial_identity,0.9027777777777778,0.09722222222222222,0.7000000000000001,14,1
57a949ee869f33f6,cias_full,368_ground_creature_matched_adversarial_identity,368,ground_creature,matched_adversarial_identity,1.0,0.0,0.0,4,1
57a949ee869f33f6,cias_full,368_virtual_avatar_matched_adversarial_identity,368,virtual_avatar,matched_adversarial_identity,1.0,0.0,0.0,4,1
57a949ee869f33f6,cias_full,368_wheeled_robot_matched_adversarial_identity,368,wheeled_robot,matched_adversarial_identity,0.9166666666666666,0.08333333333333333,0.6000000000000001,10,1
57a949ee869f33f6,cias_full,369_drone_matched_adversarial_identity,369,drone,matched_adversarial_identity,0.625,0.09722222222222222,0.7000000000000001,20,1
57a949ee869f33f6,cias_full,369_ground_creature_matched_adversarial_identity,369,ground_creature,matched_adversarial_identity,1.0,0.0,0.0,2,1
57a949ee869f33f6,cias_full,369_virtual_avatar_matched_adversarial_identity,369,virtual_avatar,matched_adversarial_identity,1.0,0.0,0.0,4,1
57a949ee869f33f6,cias_full,369_wheeled_robot_matched_adversarial_identity,369,wheeled_robot,matched_adversarial_identity,1.0,0.0,0.0,4,1
57a949ee869f33f6,cias_full,370_drone_matched_adversarial_identity,370,drone,matched_adversarial_identity,0.6388888888888888,0.09722222222222222,0.7000000000000001,22,1
57a949ee869f33f6,cias_full,370_ground_creature_matched_adversarial_identity,370,ground_creature,matched_adversarial_identity,1.0,0.0,0.0,4,1
57a949ee869f33f6,cias_full,370_virtual_avatar_matched_adversarial_identity,370,virtual_avatar,matched_adversarial_identity,1.0,0.0,0.0,4,1
57a949ee869f33f6,cias_full,370_wheeled_robot_matched_adversarial_identity,370,wheeled_robot,matched_adversarial_identity,1.0,0.0,0.0,4,1
57a949ee869f33f6,cias_full,371_drone_matched_adversarial_identity,371,drone,matched_adversarial_identity,0.7222222222222222,0.0,0.0,12,1
57a949ee869f33f6,cias_full,371_ground_creature_matched_adversarial_identity,371,ground_creature,matched_adversarial_identity,1.0,0.0,0.0,2,1
57a949ee869f33f6,cias_full,371_virtual_avatar_matched_adversarial_identity,371,virtual_avatar,matched_adversarial_identity,1.0,0.0,0.0,4,1
57a949ee869f33f6,cias_full,371_wheeled_robot_matched_adversarial_identity,371,wheeled_robot,matched_adversarial_identity,0.9444444444444444,0.05555555555555555,0.4,8,1
57a949ee869f33f6,cias_full,372_drone_matched_adversarial_identity,372,drone,matched_adversarial_identity,1.0,0.0,0.0,10,1
57a949ee869f33f6,cias_full,372_ground_creature_matched_adversarial_identity,372,ground_creature,matched_adversarial_identity,1.0,0.0,0.0,4,1
57a949ee869f33f6,cias_full,372_virtual_avatar_matched_adversarial_identity,372,virtual_avatar,matched_adversarial_identity,1.0,0.0,0.0,4,1
57a949ee869f33f6,cias_full,372_wheeled_robot_matched_adversarial_identity,372,wheeled_robot,matched_adversarial_identity,1.0,0.0,0.0,4,1
57a949ee869f33f6,cias_full,373_drone_matched_adversarial_identity,373,drone,matched_adversarial_identity,0.6666666666666666,0.06944444444444445,0.5,22,1
57a949ee869f33f6,cias_full,373_ground_creature_matched_adversarial_identity,373,ground_creature,matched_adversarial_identity,1.0,0.0,0.0,4,1
57a949ee869f33f6,cias_full,373_virtual_avatar_matched_adversarial_identity,373,virtual_avatar,matched_adversarial_identity,1.0,0.0,0.0,4,1
57a949ee869f33f6,cias_full,373_wheeled_robot_matched_adversarial_identity,373,wheeled_robot,matched_adversarial_identity,1.0,0.0,0.0,4,1
57a949ee869f33f6,cias_full,374_drone_matched_adversarial_identity,374,drone,matched_adversarial_identity,0.75,0.0,0.0,22,1
57a949ee869f33f6,cias_full,374_ground_creature_matched_adversarial_identity,374,ground_creature,matched_adversarial_identity,1.0,0.0,0.0,4,1
57a949ee869f33f6,cias_full,374_virtual_avatar_matched_adversarial_identity,374,virtual_avatar,matched_adversarial_identity,1.0,0.0,0.0,4,1
57a949ee869f33f6,cias_full,374_wheeled_robot_matched_adversarial_identity,374,wheeled_robot,matched_adversarial_identity,0.9166666666666666,0.08333333333333333,0.6000000000000001,8,1
57a949ee869f33f6,cias_full,375_drone_matched_adversarial_identity,375,drone,matched_adversarial_identity,0.5277777777777778,0.19444444444444445,1.5,16,1
57a949ee869f33f6,cias_full,375_ground_creature_matched_adversarial_identity,375,ground_creature,matched_adversarial_identity,1.0,0.0,0.0,4,1
57a949ee869f33f6,cias_full,375_virtual_avatar_matched_adversarial_identity,375,virtual_avatar,matched_adversarial_identity,1.0,0.0,0.0,4,1
57a949ee869f33f6,cias_full,375_wheeled_robot_matched_adversarial_identity,375,wheeled_robot,matched_adversarial_identity,0.9305555555555556,0.06944444444444445,0.5,8,1
57a949ee869f33f6,cias_full,376_drone_matched_adversarial_identity,376,drone,matched_adversarial_identity,0.6527777777777778,0.06944444444444445,0.5,18,1
57a949ee869f33f6,cias_full,376_ground_creature_matched_adversarial_identity,376,ground_creature,matched_adversarial_identity,1.0,0.0,0.0,4,1
57a949ee869f33f6,cias_full,376_virtual_avatar_matched_adversarial_identity,376,virtual_avatar,matched_adversarial_identity,1.0,0.0,0.0,4,1
57a949ee869f33f6,cias_full,376_wheeled_robot_matched_adversarial_identity,376,wheeled_robot,matched_adversarial_identity,0.9305555555555556,0.06944444444444445,0.5,10,1
57a949ee869f33f6,cias_full,377_drone_matched_adversarial_identity,377,drone,matched_adversarial_identity,0.6388888888888888,0.09722222222222222,0.7000000000000001,20,1
57a949ee869f33f6,cias_full,377_ground_creature_matched_adversarial_identity,377,ground_creature,matched_adversarial_identity,1.0,0.0,0.0,4,1
57a949ee869f33f6,cias_full,377_virtual_avatar_matched_adversarial_identity,377,virtual_avatar,matched_adversarial_identity,1.0,0.0,0.0,4,1
57a949ee869f33f6,cias_full,377_wheeled_robot_matched_adversarial_identity,377,wheeled_robot,matched_adversarial_identity,1.0,0.0,0.0,4,1
57a949ee869f33f6,cias_full,378_drone_matched_adversarial_identity,378,drone,matched_adversarial_identity,0.6388888888888888,0.09722222222222222,0.7000000000000001,14,1
57a949ee869f33f6,cias_full,378_ground_creature_matched_adversarial_identity,378,ground_creature,matched_adversarial_identity,1.0,0.0,0.0,4,1
57a949ee869f33f6,cias_full,378_virtual_avatar_matched_adversarial_identity,378,virtual_avatar,matched_adversarial_identity,1.0,0.0,0.0,4,1
57a949ee869f33f6,cias_full,378_wheeled_robot_matched_adversarial_identity,378,wheeled_robot,matched_adversarial_identity,1.0,0.0,0.0,4,1
57a949ee869f33f6,cias_full,379_drone_matched_adversarial_identity,379,drone,matched_adversarial_identity,1.0,0.0,0.0,22,1
57a949ee869f33f6,cias_full,379_ground_creature_matched_adversarial_identity,379,ground_creature,matched_adversarial_identity,1.0,0.0,0.0,4,1
57a949ee869f33f6,cias_full,379_virtual_avatar_matched_adversarial_identity,379,virtual_avatar,matched_adversarial_identity,1.0,0.0,0.0,4,1
57a949ee869f33f6,cias_full,379_wheeled_robot_matched_adversarial_identity,379,wheeled_robot,matched_adversarial_identity,1.0,0.0,0.0,4,1
57a949ee869f33f6,cias_full,380_drone_matched_adversarial_identity,380,drone,matched_adversarial_identity,0.6805555555555556,0.06944444444444445,0.5,14,1
57a949ee869f33f6,cias_full,380_ground_creature_matched_adversarial_identity,380,ground_creature,matched_adversarial_identity,1.0,0.0,0.0,4,1
57a949ee869f33f6,cias_full,380_virtual_avatar_matched_adversarial_identity,380,virtual_avatar,matched_adversarial_identity,1.0,0.0,0.0,4,1
57a949ee869f33f6,cias_full,380_wheeled_robot_matched_adversarial_identity,380,wheeled_robot,matched_adversarial_identity,1.0,0.0,0.0,4,1
57a949ee869f33f6,cias_full,381_drone_matched_adversarial_identity,381,drone,matched_adversarial_identity,1.0,0.0,0.0,10,1
57a949ee869f33f6,cias_full,381_ground_creature_matched_adversarial_identity,381,ground_creature,matched_adversarial_identity,1.0,0.0,0.0,4,1
57a949ee869f33f6,cias_full,381_virtual_avatar_matched_adversarial_identity,381,virtual_avatar,matched_adversarial_identity,1.0,0.0,0.0,4,1
57a949ee869f33f6,cias_full,381_wheeled_robot_matched_adversarial_identity,381,wheeled_robot,matched_adversarial_identity,1.0,0.0,0.0,6,1
57a949ee869f33f6,cias_full,382_drone_matched_adversarial_identity,382,drone,matched_adversarial_identity,1.0,0.0,0.0,16,1
57a949ee869f33f6,cias_full,382_ground_creature_matched_adversarial_identity,382,ground_creature,matched_adversarial_identity,1.0,0.0,0.0,4,1
57a949ee869f33f6,cias_full,382_virtual_avatar_matched_adversarial_identity,382,virtual_avatar,matched_adversarial_identity,1.0,0.0,0.0,4,1
57a949ee869f33f6,cias_full,382_wheeled_robot_matched_adversarial_identity,382,wheeled_robot,matched_adversarial_identity,1.0,0.0,0.0,6,1
57a949ee869f33f6,cias_full,383_drone_matched_adversarial_identity,383,drone,matched_adversarial_identity,0.9027777777777778,0.09722222222222222,0.7000000000000001,10,1
57a949ee869f33f6,cias_full,383_ground_creature_matched_adversarial_identity,383,ground_creature,matched_adversarial_identity,1.0,0.0,0.0,4,1
57a949ee869f33f6,cias_full,383_virtual_avatar_matched_adversarial_identity,383,virtual_avatar,matched_adversarial_identity,1.0,0.0,0.0,4,1
57a949ee869f33f6,cias_full,383_wheeled_robot_matched_adversarial_identity,383,wheeled_robot,matched_adversarial_identity,1.0,0.0,0.0,4,1
57a949ee869f33f6,cias_full,384_drone_matched_adversarial_identity,384,drone,matched_adversarial_identity,1.0,0.0,0.0,8,1
57a949ee869f33f6,cias_full,384_ground_creature_matched_adversarial_identity,384,ground_creature,matched_adversarial_identity,1.0,0.0,0.0,4,1
57a949ee869f33f6,cias_full,384_virtual_avatar_matched_adversarial_identity,384,virtual_avatar,matched_adversarial_identity,1.0,0.0,0.0,2,1
57a949ee869f33f6,cias_full,384_wheeled_robot_matched_adversarial_identity,384,wheeled_robot,matched_adversarial_identity,1.0,0.0,0.0,4,1
57a949ee869f33f6,cias_full,385_drone_matched_adversarial_identity,385,drone,matched_adversarial_identity,0.9027777777777778,0.09722222222222222,0.7000000000000001,10,1
57a949ee869f33f6,cias_full,385_ground_creature_matched_adversarial_identity,385,ground_creature,matched_adversarial_identity,1.0,0.0,0.0,4,1
57a949ee869f33f6,cias_full,385_virtual_avatar_matched_adversarial_identity,385,virtual_avatar,matched_adversarial_identity,1.0,0.0,0.0,4,1
57a949ee869f33f6,cias_full,385_wheeled_robot_matched_adversarial_identity,385,wheeled_robot,matched_adversarial_identity,1.0,0.0,0.0,4,1
57a949ee869f33f6,cias_full,386_drone_matched_adversarial_identity,386,drone,matched_adversarial_identity,0.9305555555555556,0.06944444444444445,0.5,14,1
57a949ee869f33f6,cias_full,386_ground_creature_matched_adversarial_identity,386,ground_creature,matched_adversarial_identity,1.0,0.0,0.0,4,1
57a949ee869f33f6,cias_full,386_virtual_avatar_matched_adversarial_identity,386,virtual_avatar,matched_adversarial_identity,1.0,0.0,0.0,4,1
57a949ee869f33f6,cias_full,386_wheeled_robot_matched_adversarial_identity,386,wheeled_robot,matched_adversarial_identity,1.0,0.0,0.0,4,1
57a949ee869f33f6,cias_full,387_drone_matched_adversarial_identity,387,drone,matched_adversarial_identity,1.0,0.0,0.0,14,1
57a949ee869f33f6,cias_full,387_ground_creature_matched_adversarial_identity,387,ground_creature,matched_adversarial_identity,1.0,0.0,0.0,4,1
57a949ee869f33f6,cias_full,387_virtual_avatar_matched_adversarial_identity,387,virtual_avatar,matched_adversarial_identity,1.0,0.0,0.0,4,1
57a949ee869f33f6,cias_full,387_wheeled_robot_matched_adversarial_identity,387,wheeled_robot,matched_adversarial_identity,1.0,0.0,0.0,4,1
57a949ee869f33f6,cias_full,388_drone_matched_adversarial_identity,388,drone,matched_adversarial_identity,0.75,0.0,0.0,22,1
57a949ee869f33f6,cias_full,388_ground_creature_matched_adversarial_identity,388,ground_creature,matched_adversarial_identity,1.0,0.0,0.0,4,1
57a949ee869f33f6,cias_full,388_virtual_avatar_matched_adversarial_identity,388,virtual_avatar,matched_adversarial_identity,1.0,0.0,0.0,4,1
57a949ee869f33f6,cias_full,388_wheeled_robot_matched_adversarial_identity,388,wheeled_robot,matched_adversarial_identity,1.0,0.0,0.0,4,1
57a949ee869f33f6,cias_full,389_drone_matched_adversarial_identity,389,drone,matched_adversarial_identity,0.7361111111111112,0.0,0.0,16,1
57a949ee869f33f6,cias_full,389_ground_creature_matched_adversarial_identity,389,ground_creature,matched_adversarial_identity,1.0,0.0,0.0,4,1
57a949ee869f33f6,cias_full,389_virtual_avatar_matched_adversarial_identity,389,virtual_avatar,matched_adversarial_identity,1.0,0.0,0.0,4,1
57a949ee869f33f6,cias_full,389_wheeled_robot_matched_adversarial_identity,389,wheeled_robot,matched_adversarial_identity,1.0,0.0,0.0,4,1
57a949ee869f33f6,cias_full,390_drone_matched_adversarial_identity,390,drone,matched_adversarial_identity,1.0,0.0,0.0,4,1
57a949ee869f33f6,cias_full,390_ground_creature_matched_adversarial_identity,390,ground_creature,matched_adversarial_identity,1.0,0.0,0.0,4,1
57a949ee869f33f6,cias_full,390_virtual_avatar_matched_adversarial_identity,390,virtual_avatar,matched_adversarial_identity,1.0,0.0,0.0,4,1
57a949ee869f33f6,cias_full,390_wheeled_robot_matched_adversarial_identity,390,wheeled_robot,matched_adversarial_identity,1.0,0.0,0.0,4,1
57a949ee869f33f6,cias_no_persistent_self,361_drone_matched_adversarial_identity,361,drone,matched_adversarial_identity,0.0,0.6666666666666666,,4,0
57a949ee869f33f6,cias_no_persistent_self,361_ground_creature_matched_adversarial_identity,361,ground_creature,matched_adversarial_identity,0.0,0.6666666666666666,,4,0
57a949ee869f33f6,cias_no_persistent_self,361_virtual_avatar_matched_adversarial_identity,361,virtual_avatar,matched_adversarial_identity,0.0,0.6666666666666666,,4,0
57a949ee869f33f6,cias_no_persistent_self,361_wheeled_robot_matched_adversarial_identity,361,wheeled_robot,matched_adversarial_identity,0.0,0.6666666666666666,,4,0
57a949ee869f33f6,cias_no_persistent_self,362_drone_matched_adversarial_identity,362,drone,matched_adversarial_identity,0.0,0.6666666666666666,,4,0
57a949ee869f33f6,cias_no_persistent_self,362_ground_creature_matched_adversarial_identity,362,ground_creature,matched_adversarial_identity,0.0,0.6666666666666666,,4,0
57a949ee869f33f6,cias_no_persistent_self,362_virtual_avatar_matched_adversarial_identity,362,virtual_avatar,matched_adversarial_identity,0.0,0.6666666666666666,,4,0
57a949ee869f33f6,cias_no_persistent_self,362_wheeled_robot_matched_adversarial_identity,362,wheeled_robot,matched_adversarial_identity,0.0,0.6666666666666666,,4,0
57a949ee869f33f6,cias_no_persistent_self,363_drone_matched_adversarial_identity,363,drone,matched_adversarial_identity,0.0,0.6666666666666666,,4,0
57a949ee869f33f6,cias_no_persistent_self,363_ground_creature_matched_adversarial_identity,363,ground_creature,matched_adversarial_identity,0.0,0.6666666666666666,,4,0
57a949ee869f33f6,cias_no_persistent_self,363_virtual_avatar_matched_adversarial_identity,363,virtual_avatar,matched_adversarial_identity,0.0,0.6666666666666666,,4,0
57a949ee869f33f6,cias_no_persistent_self,363_wheeled_robot_matched_adversarial_identity,363,wheeled_robot,matched_adversarial_identity,0.0,0.6666666666666666,,4,0
57a949ee869f33f6,cias_no_persistent_self,364_drone_matched_adversarial_identity,364,drone,matched_adversarial_identity,0.0,0.6666666666666666,,4,0
57a949ee869f33f6,cias_no_persistent_self,364_ground_creature_matched_adversarial_identity,364,ground_creature,matched_adversarial_identity,0.0,0.6666666666666666,,4,0
57a949ee869f33f6,cias_no_persistent_self,364_virtual_avatar_matched_adversarial_identity,364,virtual_avatar,matched_adversarial_identity,0.0,0.6666666666666666,,4,0
57a949ee869f33f6,cias_no_persistent_self,364_wheeled_robot_matched_adversarial_identity,364,wheeled_robot,matched_adversarial_identity,0.0,0.6666666666666666,,4,0
57a949ee869f33f6,cias_no_persistent_self,365_drone_matched_adversarial_identity,365,drone,matched_adversarial_identity,0.0,0.6666666666666666,,4,0
57a949ee869f33f6,cias_no_persistent_self,365_ground_creature_matched_adversarial_identity,365,ground_creature,matched_adversarial_identity,0.0,0.6666666666666666,,4,0
57a949ee869f33f6,cias_no_persistent_self,365_virtual_avatar_matched_adversarial_identity,365,virtual_avatar,matched_adversarial_identity,0.0,0.6666666666666666,,4,0
57a949ee869f33f6,cias_no_persistent_self,365_wheeled_robot_matched_adversarial_identity,365,wheeled_robot,matched_adversarial_identity,0.0,0.6666666666666666,,4,0
57a949ee869f33f6,cias_no_persistent_self,366_drone_matched_adversarial_identity,366,drone,matched_adversarial_identity,0.0,0.6666666666666666,,4,0
57a949ee869f33f6,cias_no_persistent_self,366_ground_creature_matched_adversarial_identity,366,ground_creature,matched_adversarial_identity,0.0,0.6666666666666666,,4,0
57a949ee869f33f6,cias_no_persistent_self,366_virtual_avatar_matched_adversarial_identity,366,virtual_avatar,matched_adversarial_identity,1.0,0.0,0.0,3,1
57a949ee869f33f6,cias_no_persistent_self,366_wheeled_robot_matched_adversarial_identity,366,wheeled_robot,matched_adversarial_identity,0.0,0.6666666666666666,,4,0
57a949ee869f33f6,cias_no_persistent_self,367_drone_matched_adversarial_identity,367,drone,matched_adversarial_identity,0.0,0.6666666666666666,,4,0
57a949ee869f33f6,cias_no_persistent_self,367_ground_creature_matched_adversarial_identity,367,ground_creature,matched_adversarial_identity,0.0,0.6666666666666666,,4,0
57a949ee869f33f6,cias_no_persistent_self,367_virtual_avatar_matched_adversarial_identity,367,virtual_avatar,matched_adversarial_identity,1.0,0.0,0.0,3,1
57a949ee869f33f6,cias_no_persistent_self,367_wheeled_robot_matched_adversarial_identity,367,wheeled_robot,matched_adversarial_identity,0.0,0.6666666666666666,,4,0
57a949ee869f33f6,cias_no_persistent_self,368_drone_matched_adversarial_identity,368,drone,matched_adversarial_identity,0.0,0.6666666666666666,,4,0
57a949ee869f33f6,cias_no_persistent_self,368_ground_creature_matched_adversarial_identity,368,ground_creature,matched_adversarial_identity,1.0,0.0,0.0,3,1
57a949ee869f33f6,cias_no_persistent_self,368_virtual_avatar_matched_adversarial_identity,368,virtual_avatar,matched_adversarial_identity,1.0,0.0,0.0,3,1
57a949ee869f33f6,cias_no_persistent_self,368_wheeled_robot_matched_adversarial_identity,368,wheeled_robot,matched_adversarial_identity,1.0,0.0,0.0,3,1
57a949ee869f33f6,cias_no_persistent_self,369_drone_matched_adversarial_identity,369,drone,matched_adversarial_identity,0.0,0.6666666666666666,,4,0
57a949ee869f33f6,cias_no_persistent_self,369_ground_creature_matched_adversarial_identity,369,ground_creature,matched_adversarial_identity,0.0,0.6666666666666666,,4,0
57a949ee869f33f6,cias_no_persistent_self,369_virtual_avatar_matched_adversarial_identity,369,virtual_avatar,matched_adversarial_identity,1.0,0.0,0.0,3,1
57a949ee869f33f6,cias_no_persistent_self,369_wheeled_robot_matched_adversarial_identity,369,wheeled_robot,matched_adversarial_identity,0.0,0.6666666666666666,,4,0
57a949ee869f33f6,cias_no_persistent_self,370_drone_matched_adversarial_identity,370,drone,matched_adversarial_identity,0.0,0.6666666666666666,,4,0
57a949ee869f33f6,cias_no_persistent_self,370_ground_creature_matched_adversarial_identity,370,ground_creature,matched_adversarial_identity,0.0,0.6666666666666666,,4,0
57a949ee869f33f6,cias_no_persistent_self,370_virtual_avatar_matched_adversarial_identity,370,virtual_avatar,matched_adversarial_identity,1.0,0.0,0.0,3,1
57a949ee869f33f6,cias_no_persistent_self,370_wheeled_robot_matched_adversarial_identity,370,wheeled_robot,matched_adversarial_identity,0.0,0.6666666666666666,,4,0
57a949ee869f33f6,cias_no_persistent_self,371_drone_matched_adversarial_identity,371,drone,matched_adversarial_identity,0.0,0.6666666666666666,,4,0
57a949ee869f33f6,cias_no_persistent_self,371_ground_creature_matched_adversarial_identity,371,ground_creature,matched_adversarial_identity,1.0,0.0,0.0,3,1
57a949ee869f33f6,cias_no_persistent_self,371_virtual_avatar_matched_adversarial_identity,371,virtual_avatar,matched_adversarial_identity,1.0,0.0,0.0,3,1
57a949ee869f33f6,cias_no_persistent_self,371_wheeled_robot_matched_adversarial_identity,371,wheeled_robot,matched_adversarial_identity,1.0,0.0,0.0,3,1
57a949ee869f33f6,cias_no_persistent_self,372_drone_matched_adversarial_identity,372,drone,matched_adversarial_identity,0.0,0.6666666666666666,,4,0
57a949ee869f33f6,cias_no_persistent_self,372_ground_creature_matched_adversarial_identity,372,ground_creature,matched_adversarial_identity,0.0,0.6666666666666666,,4,0
57a949ee869f33f6,cias_no_persistent_self,372_virtual_avatar_matched_adversarial_identity,372,virtual_avatar,matched_adversarial_identity,1.0,0.0,0.0,3,1
57a949ee869f33f6,cias_no_persistent_self,372_wheeled_robot_matched_adversarial_identity,372,wheeled_robot,matched_adversarial_identity,0.0,0.6666666666666666,,4,0
57a949ee869f33f6,cias_no_persistent_self,373_drone_matched_adversarial_identity,373,drone,matched_adversarial_identity,0.0,0.6666666666666666,,4,0
57a949ee869f33f6,cias_no_persistent_self,373_ground_creature_matched_adversarial_identity,373,ground_creature,matched_adversarial_identity,1.0,0.0,0.0,3,1
57a949ee869f33f6,cias_no_persistent_self,373_virtual_avatar_matched_adversarial_identity,373,virtual_avatar,matched_adversarial_identity,1.0,0.0,0.0,3,1
57a949ee869f33f6,cias_no_persistent_self,373_wheeled_robot_matched_adversarial_identity,373,wheeled_robot,matched_adversarial_identity,0.0,0.6666666666666666,,4,0
57a949ee869f33f6,cias_no_persistent_self,374_drone_matched_adversarial_identity,374,drone,matched_adversarial_identity,0.0,0.6666666666666666,,4,0
57a949ee869f33f6,cias_no_persistent_self,374_ground_creature_matched_adversarial_identity,374,ground_creature,matched_adversarial_identity,0.0,0.6666666666666666,,4,0
57a949ee869f33f6,cias_no_persistent_self,374_virtual_avatar_matched_adversarial_identity,374,virtual_avatar,matched_adversarial_identity,1.0,0.0,0.0,3,1
57a949ee869f33f6,cias_no_persistent_self,374_wheeled_robot_matched_adversarial_identity,374,wheeled_robot,matched_adversarial_identity,0.0,0.6666666666666666,,4,0
57a949ee869f33f6,cias_no_persistent_self,375_drone_matched_adversarial_identity,375,drone,matched_adversarial_identity,0.0,0.6666666666666666,,4,0
57a949ee869f33f6,cias_no_persistent_self,375_ground_creature_matched_adversarial_identity,375,ground_creature,matched_adversarial_identity,0.0,0.6666666666666666,,4,0
57a949ee869f33f6,cias_no_persistent_self,375_virtual_avatar_matched_adversarial_identity,375,virtual_avatar,matched_adversarial_identity,0.0,0.6666666666666666,,4,0
57a949ee869f33f6,cias_no_persistent_self,375_wheeled_robot_matched_adversarial_identity,375,wheeled_robot,matched_adversarial_identity,0.0,0.6666666666666666,,4,0
57a949ee869f33f6,cias_no_persistent_self,376_drone_matched_adversarial_identity,376,drone,matched_adversarial_identity,0.0,0.6666666666666666,,4,0
57a949ee869f33f6,cias_no_persistent_self,376_ground_creature_matched_adversarial_identity,376,ground_creature,matched_adversarial_identity,0.0,0.6666666666666666,,4,0
57a949ee869f33f6,cias_no_persistent_self,376_virtual_avatar_matched_adversarial_identity,376,virtual_avatar,matched_adversarial_identity,0.0,0.6666666666666666,,4,0
57a949ee869f33f6,cias_no_persistent_self,376_wheeled_robot_matched_adversarial_identity,376,wheeled_robot,matched_adversarial_identity,0.0,0.6666666666666666,,4,0
57a949ee869f33f6,cias_no_persistent_self,377_drone_matched_adversarial_identity,377,drone,matched_adversarial_identity,0.0,0.6666666666666666,,4,0
57a949ee869f33f6,cias_no_persistent_self,377_ground_creature_matched_adversarial_identity,377,ground_creature,matched_adversarial_identity,0.0,0.6666666666666666,,4,0
57a949ee869f33f6,cias_no_persistent_self,377_virtual_avatar_matched_adversarial_identity,377,virtual_avatar,matched_adversarial_identity,0.0,0.6666666666666666,,4,0
57a949ee869f33f6,cias_no_persistent_self,377_wheeled_robot_matched_adversarial_identity,377,wheeled_robot,matched_adversarial_identity,0.0,0.6666666666666666,,4,0
57a949ee869f33f6,cias_no_persistent_self,378_drone_matched_adversarial_identity,378,drone,matched_adversarial_identity,0.0,0.6666666666666666,,4,0
57a949ee869f33f6,cias_no_persistent_self,378_ground_creature_matched_adversarial_identity,378,ground_creature,matched_adversarial_identity,0.0,0.6666666666666666,,4,0
57a949ee869f33f6,cias_no_persistent_self,378_virtual_avatar_matched_adversarial_identity,378,virtual_avatar,matched_adversarial_identity,0.0,0.6666666666666666,,4,0
57a949ee869f33f6,cias_no_persistent_self,378_wheeled_robot_matched_adversarial_identity,378,wheeled_robot,matched_adversarial_identity,0.0,0.6666666666666666,,4,0
57a949ee869f33f6,cias_no_persistent_self,379_drone_matched_adversarial_identity,379,drone,matched_adversarial_identity,0.0,0.6666666666666666,,4,0
57a949ee869f33f6,cias_no_persistent_self,379_ground_creature_matched_adversarial_identity,379,ground_creature,matched_adversarial_identity,0.0,0.6666666666666666,,4,0
57a949ee869f33f6,cias_no_persistent_self,379_virtual_avatar_matched_adversarial_identity,379,virtual_avatar,matched_adversarial_identity,0.0,0.6666666666666666,,4,0
57a949ee869f33f6,cias_no_persistent_self,379_wheeled_robot_matched_adversarial_identity,379,wheeled_robot,matched_adversarial_identity,0.0,0.6666666666666666,,4,0
57a949ee869f33f6,cias_no_persistent_self,380_drone_matched_adversarial_identity,380,drone,matched_adversarial_identity,0.0,0.6666666666666666,,4,0
57a949ee869f33f6,cias_no_persistent_self,380_ground_creature_matched_adversarial_identity,380,ground_creature,matched_adversarial_identity,0.0,0.6666666666666666,,4,0
57a949ee869f33f6,cias_no_persistent_self,380_virtual_avatar_matched_adversarial_identity,380,virtual_avatar,matched_adversarial_identity,0.0,0.6666666666666666,,4,0
57a949ee869f33f6,cias_no_persistent_self,380_wheeled_robot_matched_adversarial_identity,380,wheeled_robot,matched_adversarial_identity,0.0,0.6666666666666666,,4,0
57a949ee869f33f6,cias_no_persistent_self,381_drone_matched_adversarial_identity,381,drone,matched_adversarial_identity,0.0,0.6666666666666666,,4,0
57a949ee869f33f6,cias_no_persistent_self,381_ground_creature_matched_adversarial_identity,381,ground_creature,matched_adversarial_identity,0.0,0.6666666666666666,,4,0
57a949ee869f33f6,cias_no_persistent_self,381_virtual_avatar_matched_adversarial_identity,381,virtual_avatar,matched_adversarial_identity,0.0,0.6666666666666666,,4,0
57a949ee869f33f6,cias_no_persistent_self,381_wheeled_robot_matched_adversarial_identity,381,wheeled_robot,matched_adversarial_identity,0.0,0.6666666666666666,,4,0
57a949ee869f33f6,cias_no_persistent_self,382_drone_matched_adversarial_identity,382,drone,matched_adversarial_identity,0.0,0.6666666666666666,,4,0
57a949ee869f33f6,cias_no_persistent_self,382_ground_creature_matched_adversarial_identity,382,ground_creature,matched_adversarial_identity,0.0,0.6666666666666666,,4,0
57a949ee869f33f6,cias_no_persistent_self,382_virtual_avatar_matched_adversarial_identity,382,virtual_avatar,matched_adversarial_identity,0.0,0.6666666666666666,,4,0
57a949ee869f33f6,cias_no_persistent_self,382_wheeled_robot_matched_adversarial_identity,382,wheeled_robot,matched_adversarial_identity,0.0,0.6666666666666666,,4,0
57a949ee869f33f6,cias_no_persistent_self,383_drone_matched_adversarial_identity,383,drone,matched_adversarial_identity,0.0,0.6666666666666666,,4,0
57a949ee869f33f6,cias_no_persistent_self,383_ground_creature_matched_adversarial_identity,383,ground_creature,matched_adversarial_identity,0.0,0.6666666666666666,,4,0
57a949ee869f33f6,cias_no_persistent_self,383_virtual_avatar_matched_adversarial_identity,383,virtual_avatar,matched_adversarial_identity,0.0,0.6666666666666666,,4,0
57a949ee869f33f6,cias_no_persistent_self,383_wheeled_robot_matched_adversarial_identity,383,wheeled_robot,matched_adversarial_identity,0.0,0.6666666666666666,,4,0
57a949ee869f33f6,cias_no_persistent_self,384_drone_matched_adversarial_identity,384,drone,matched_adversarial_identity,0.0,0.6666666666666666,,4,0
57a949ee869f33f6,cias_no_persistent_self,384_ground_creature_matched_adversarial_identity,384,ground_creature,matched_adversarial_identity,0.0,0.6666666666666666,,4,0
57a949ee869f33f6,cias_no_persistent_self,384_virtual_avatar_matched_adversarial_identity,384,virtual_avatar,matched_adversarial_identity,1.0,0.0,0.0,3,1
57a949ee869f33f6,cias_no_persistent_self,384_wheeled_robot_matched_adversarial_identity,384,wheeled_robot,matched_adversarial_identity,0.0,0.6666666666666666,,4,0
57a949ee869f33f6,cias_no_persistent_self,385_drone_matched_adversarial_identity,385,drone,matched_adversarial_identity,0.0,0.6666666666666666,,4,0
57a949ee869f33f6,cias_no_persistent_self,385_ground_creature_matched_adversarial_identity,385,ground_creature,matched_adversarial_identity,0.0,0.6666666666666666,,4,0
57a949ee869f33f6,cias_no_persistent_self,385_virtual_avatar_matched_adversarial_identity,385,virtual_avatar,matched_adversarial_identity,1.0,0.0,0.0,3,1
57a949ee869f33f6,cias_no_persistent_self,385_wheeled_robot_matched_adversarial_identity,385,wheeled_robot,matched_adversarial_identity,0.0,0.6666666666666666,,4,0
57a949ee869f33f6,cias_no_persistent_self,386_drone_matched_adversarial_identity,386,drone,matched_adversarial_identity,0.0,0.6666666666666666,,4,0
57a949ee869f33f6,cias_no_persistent_self,386_ground_creature_matched_adversarial_identity,386,ground_creature,matched_adversarial_identity,0.0,0.6666666666666666,,4,0
57a949ee869f33f6,cias_no_persistent_self,386_virtual_avatar_matched_adversarial_identity,386,virtual_avatar,matched_adversarial_identity,1.0,0.0,0.0,3,1
57a949ee869f33f6,cias_no_persistent_self,386_wheeled_robot_matched_adversarial_identity,386,wheeled_robot,matched_adversarial_identity,0.0,0.6666666666666666,,4,0
57a949ee869f33f6,cias_no_persistent_self,387_drone_matched_adversarial_identity,387,drone,matched_adversarial_identity,0.0,0.6666666666666666,,4,0
57a949ee869f33f6,cias_no_persistent_self,387_ground_creature_matched_adversarial_identity,387,ground_creature,matched_adversarial_identity,0.0,0.6666666666666666,,4,0
57a949ee869f33f6,cias_no_persistent_self,387_virtual_avatar_matched_adversarial_identity,387,virtual_avatar,matched_adversarial_identity,1.0,0.0,0.0,3,1
57a949ee869f33f6,cias_no_persistent_self,387_wheeled_robot_matched_adversarial_identity,387,wheeled_robot,matched_adversarial_identity,0.0,0.6666666666666666,,4,0
57a949ee869f33f6,cias_no_persistent_self,388_drone_matched_adversarial_identity,388,drone,matched_adversarial_identity,0.0,0.6666666666666666,,4,0
57a949ee869f33f6,cias_no_persistent_self,388_ground_creature_matched_adversarial_identity,388,ground_creature,matched_adversarial_identity,0.0,0.6666666666666666,,4,0
57a949ee869f33f6,cias_no_persistent_self,388_virtual_avatar_matched_adversarial_identity,388,virtual_avatar,matched_adversarial_identity,1.0,0.0,0.0,3,1
57a949ee869f33f6,cias_no_persistent_self,388_wheeled_robot_matched_adversarial_identity,388,wheeled_robot,matched_adversarial_identity,0.0,0.6666666666666666,,4,0
57a949ee869f33f6,cias_no_persistent_self,389_drone_matched_adversarial_identity,389,drone,matched_adversarial_identity,0.0,0.6666666666666666,,4,0
57a949ee869f33f6,cias_no_persistent_self,389_ground_creature_matched_adversarial_identity,389,ground_creature,matched_adversarial_identity,1.0,0.0,0.0,3,1
57a949ee869f33f6,cias_no_persistent_self,389_virtual_avatar_matched_adversarial_identity,389,virtual_avatar,matched_adversarial_identity,1.0,0.0,0.0,3,1
57a949ee869f33f6,cias_no_persistent_self,389_wheeled_robot_matched_adversarial_identity,389,wheeled_robot,matched_adversarial_identity,0.0,0.6666666666666666,,4,0
57a949ee869f33f6,cias_no_persistent_self,390_drone_matched_adversarial_identity,390,drone,matched_adversarial_identity,0.0,0.6666666666666666,,4,0
57a949ee869f33f6,cias_no_persistent_self,390_ground_creature_matched_adversarial_identity,390,ground_creature,matched_adversarial_identity,0.0,0.6666666666666666,,4,0
57a949ee869f33f6,cias_no_persistent_self,390_virtual_avatar_matched_adversarial_identity,390,virtual_avatar,matched_adversarial_identity,1.0,0.0,0.0,3,1
57a949ee869f33f6,cias_no_persistent_self,390_wheeled_robot_matched_adversarial_identity,390,wheeled_robot,matched_adversarial_identity,0.0,0.6666666666666666,,4,0
68359943c3561cbb,cias_full,361_drone_matched_adversarial_identity,361,drone,matched_adversarial_identity,0.9305555555555556,0.06944444444444445,0.5,14,1
68359943c3561cbb,cias_full,361_ground_creature_matched_adversarial_identity,361,ground_creature,matched_adversarial_identity,1.0,0.0,0.0,6,1
68359943c3561cbb,cias_full,361_virtual_avatar_matched_adversarial_identity,361,virtual_avatar,matched_adversarial_identity,1.0,0.0,0.0,4,1
68359943c3561cbb,cias_full,361_wheeled_robot_matched_adversarial_identity,361,wheeled_robot,matched_adversarial_identity,1.0,0.0,0.0,6,1
68359943c3561cbb,cias_full,362_drone_matched_adversarial_identity,362,drone,matched_adversarial_identity,0.9027777777777778,0.09722222222222222,0.7000000000000001,14,1
68359943c3561cbb,cias_full,362_ground_creature_matched_adversarial_identity,362,ground_creature,matched_adversarial_identity,1.0,0.0,0.0,6,1
68359943c3561cbb,cias_full,362_virtual_avatar_matched_adversarial_identity,362,virtual_avatar,matched_adversarial_identity,1.0,0.0,0.0,4,1
68359943c3561cbb,cias_full,362_wheeled_robot_matched_adversarial_identity,362,wheeled_robot,matched_adversarial_identity,1.0,0.0,0.0,6,1
68359943c3561cbb,cias_full,363_drone_matched_adversarial_identity,363,drone,matched_adversarial_identity,0.625,0.09722222222222222,0.7000000000000001,20,1
68359943c3561cbb,cias_full,363_ground_creature_matched_adversarial_identity,363,ground_creature,matched_adversarial_identity,1.0,0.0,0.0,6,1
68359943c3561cbb,cias_full,363_virtual_avatar_matched_adversarial_identity,363,virtual_avatar,matched_adversarial_identity,1.0,0.0,0.0,4,1
68359943c3561cbb,cias_full,363_wheeled_robot_matched_adversarial_identity,363,wheeled_robot,matched_adversarial_identity,0.9305555555555556,0.06944444444444445,0.5,8,1
68359943c3561cbb,cias_full,364_drone_matched_adversarial_identity,364,drone,matched_adversarial_identity,0.9027777777777778,0.09722222222222222,0.7000000000000001,14,1
68359943c3561cbb,cias_full,364_ground_creature_matched_adversarial_identity,364,ground_creature,matched_adversarial_identity,1.0,0.0,0.0,6,1
68359943c3561cbb,cias_full,364_virtual_avatar_matched_adversarial_identity,364,virtual_avatar,matched_adversarial_identity,1.0,0.0,0.0,2,1
68359943c3561cbb,cias_full,364_wheeled_robot_matched_adversarial_identity,364,wheeled_robot,matched_adversarial_identity,1.0,0.0,0.0,6,1
68359943c3561cbb,cias_full,365_drone_matched_adversarial_identity,365,drone,matched_adversarial_identity,0.6388888888888888,0.09722222222222222,0.7000000000000001,20,1
68359943c3561cbb,cias_full,365_ground_creature_matched_adversarial_identity,365,ground_creature,matched_adversarial_identity,1.0,0.0,0.0,6,1
68359943c3561cbb,cias_full,365_virtual_avatar_matched_adversarial_identity,365,virtual_avatar,matched_adversarial_identity,1.0,0.0,0.0,4,1
68359943c3561cbb,cias_full,365_wheeled_robot_matched_adversarial_identity,365,wheeled_robot,matched_adversarial_identity,0.9305555555555556,0.06944444444444445,0.5,10,1
68359943c3561cbb,cias_full,366_drone_matched_adversarial_identity,366,drone,matched_adversarial_identity,0.6666666666666666,0.08333333333333333,0.6000000000000001,18,1
68359943c3561cbb,cias_full,366_ground_creature_matched_adversarial_identity,366,ground_creature,matched_adversarial_identity,1.0,0.0,0.0,6,1
68359943c3561cbb,cias_full,366_virtual_avatar_matched_adversarial_identity,366,virtual_avatar,matched_adversarial_identity,1.0,0.0,0.0,4,1
68359943c3561cbb,cias_full,366_wheeled_robot_matched_adversarial_identity,366,wheeled_robot,matched_adversarial_identity,0.9305555555555556,0.06944444444444445,0.5,10,1
68359943c3561cbb,cias_full,367_drone_matched_adversarial_identity,367,drone,matched_adversarial_identity,0.6111111111111112,0.09722222222222222,0.7000000000000001,18,1
68359943c3561cbb,cias_full,367_ground_creature_matched_adversarial_identity,367,ground_creature,matched_adversarial_identity,1.0,0.0,0.0,4,1
68359943c3561cbb,cias_full,367_virtual_avatar_matched_adversarial_identity,367,virtual_avatar,matched_adversarial_identity,1.0,0.0,0.0,4,1
68359943c3561cbb,cias_full,367_wheeled_robot_matched_adversarial_identity,367,wheeled_robot,matched_adversarial_identity,0.9305555555555556,0.06944444444444445,0.5,10,1
68359943c3561cbb,cias_full,368_drone_matched_adversarial_identity,368,drone,matched_adversarial_identity,0.9027777777777778,0.09722222222222222,0.7000000000000001,14,1
68359943c3561cbb,cias_full,368_ground_creature_matched_adversarial_identity,368,ground_creature,matched_adversarial_identity,1.0,0.0,0.0,6,1
68359943c3561cbb,cias_full,368_virtual_avatar_matched_adversarial_identity,368,virtual_avatar,matched_adversarial_identity,1.0,0.0,0.0,4,1
68359943c3561cbb,cias_full,368_wheeled_robot_matched_adversarial_identity,368,wheeled_robot,matched_adversarial_identity,0.9166666666666666,0.08333333333333333,0.6000000000000001,12,1
68359943c3561cbb,cias_full,369_drone_matched_adversarial_identity,369,drone,matched_adversarial_identity,0.625,0.09722222222222222,0.7000000000000001,20,1
68359943c3561cbb,cias_full,369_ground_creature_matched_adversarial_identity,369,ground_creature,matched_adversarial_identity,1.0,0.0,0.0,6,1
68359943c3561cbb,cias_full,369_virtual_avatar_matched_adversarial_identity,369,virtual_avatar,matched_adversarial_identity,1.0,0.0,0.0,4,1
68359943c3561cbb,cias_full,369_wheeled_robot_matched_adversarial_identity,369,wheeled_robot,matched_adversarial_identity,0.9305555555555556,0.06944444444444445,0.5,10,1
68359943c3561cbb,cias_full,370_drone_matched_adversarial_identity,370,drone,matched_adversarial_identity,0.6388888888888888,0.09722222222222222,0.7000000000000001,22,1
68359943c3561cbb,cias_full,370_ground_creature_matched_adversarial_identity,370,ground_creature,matched_adversarial_identity,1.0,0.0,0.0,6,1
68359943c3561cbb,cias_full,370_virtual_avatar_matched_adversarial_identity,370,virtual_avatar,matched_adversarial_identity,1.0,0.0,0.0,4,1
68359943c3561cbb,cias_full,370_wheeled_robot_matched_adversarial_identity,370,wheeled_robot,matched_adversarial_identity,0.9583333333333334,0.041666666666666664,0.30000000000000004,10,1
68359943c3561cbb,cias_full,371_drone_matched_adversarial_identity,371,drone,matched_adversarial_identity,0.6111111111111112,0.1111111111111111,0.9,22,1
68359943c3561cbb,cias_full,371_ground_creature_matched_adversarial_identity,371,ground_creature,matched_adversarial_identity,1.0,0.0,0.0,2,1
68359943c3561cbb,cias_full,371_virtual_avatar_matched_adversarial_identity,371,virtual_avatar,matched_adversarial_identity,1.0,0.0,0.0,4,1
68359943c3561cbb,cias_full,371_wheeled_robot_matched_adversarial_identity,371,wheeled_robot,matched_adversarial_identity,0.9444444444444444,0.05555555555555555,0.4,10,1
68359943c3561cbb,cias_full,372_drone_matched_adversarial_identity,372,drone,matched_adversarial_identity,0.9305555555555556,0.06944444444444445,0.5,14,1
68359943c3561cbb,cias_full,372_ground_creature_matched_adversarial_identity,372,ground_creature,matched_adversarial_identity,1.0,0.0,0.0,4,1
68359943c3561cbb,cias_full,372_virtual_avatar_matched_adversarial_identity,372,virtual_avatar,matched_adversarial_identity,1.0,0.0,0.0,4,1
68359943c3561cbb,cias_full,372_wheeled_robot_matched_adversarial_identity,372,wheeled_robot,matched_adversarial_identity,1.0,0.0,0.0,6,1
68359943c3561cbb,cias_full,373_drone_matched_adversarial_identity,373,drone,matched_adversarial_identity,0.6666666666666666,0.06944444444444445,0.5,22,1
68359943c3561cbb,cias_full,373_ground_creature_matched_adversarial_identity,373,ground_creature,matched_adversarial_identity,1.0,0.0,0.0,4,1
68359943c3561cbb,cias_full,373_virtual_avatar_matched_adversarial_identity,373,virtual_avatar,matched_adversarial_identity,1.0,0.0,0.0,4,1
68359943c3561cbb,cias_full,373_wheeled_robot_matched_adversarial_identity,373,wheeled_robot,matched_adversarial_identity,1.0,0.0,0.0,6,1
68359943c3561cbb,cias_full,374_drone_matched_adversarial_identity,374,drone,matched_adversarial_identity,0.75,0.0,0.0,22,1
68359943c3561cbb,cias_full,374_ground_creature_matched_adversarial_identity,374,ground_creature,matched_adversarial_identity,1.0,0.0,0.0,4,1
68359943c3561cbb,cias_full,374_virtual_avatar_matched_adversarial_identity,374,virtual_avatar,matched_adversarial_identity,1.0,0.0,0.0,4,1
68359943c3561cbb,cias_full,374_wheeled_robot_matched_adversarial_identity,374,wheeled_robot,matched_adversarial_identity,0.9166666666666666,0.08333333333333333,0.6000000000000001,10,1
68359943c3561cbb,cias_full,375_drone_matched_adversarial_identity,375,drone,matched_adversarial_identity,0.625,0.09722222222222222,0.7000000000000001,20,1
68359943c3561cbb,cias_full,375_ground_creature_matched_adversarial_identity,375,ground_creature,matched_adversarial_identity,1.0,0.0,0.0,4,1
68359943c3561cbb,cias_full,375_virtual_avatar_matched_adversarial_identity,375,virtual_avatar,matched_adversarial_identity,1.0,0.0,0.0,4,1
68359943c3561cbb,cias_full,375_wheeled_robot_matched_adversarial_identity,375,wheeled_robot,matched_adversarial_identity,0.9305555555555556,0.06944444444444445,0.5,14,1
68359943c3561cbb,cias_full,376_drone_matched_adversarial_identity,376,drone,matched_adversarial_identity,0.6527777777777778,0.06944444444444445,0.5,18,1
68359943c3561cbb,cias_full,376_ground_creature_matched_adversarial_identity,376,ground_creature,matched_adversarial_identity,1.0,0.0,0.0,6,1
68359943c3561cbb,cias_full,376_virtual_avatar_matched_adversarial_identity,376,virtual_avatar,matched_adversarial_identity,1.0,0.0,0.0,4,1
68359943c3561cbb,cias_full,376_wheeled_robot_matched_adversarial_identity,376,wheeled_robot,matched_adversarial_identity,0.9305555555555556,0.06944444444444445,0.5,12,1
68359943c3561cbb,cias_full,377_drone_matched_adversarial_identity,377,drone,matched_adversarial_identity,0.6388888888888888,0.09722222222222222,0.7000000000000001,24,1
68359943c3561cbb,cias_full,377_ground_creature_matched_adversarial_identity,377,ground_creature,matched_adversarial_identity,1.0,0.0,0.0,6,1
68359943c3561cbb,cias_full,377_virtual_avatar_matched_adversarial_identity,377,virtual_avatar,matched_adversarial_identity,1.0,0.0,0.0,4,1
68359943c3561cbb,cias_full,377_wheeled_robot_matched_adversarial_identity,377,wheeled_robot,matched_adversarial_identity,1.0,0.0,0.0,6,1
68359943c3561cbb,cias_full,378_drone_matched_adversarial_identity,378,drone,matched_adversarial_identity,0.6388888888888888,0.09722222222222222,0.7000000000000001,22,1
68359943c3561cbb,cias_full,378_ground_creature_matched_adversarial_identity,378,ground_creature,matched_adversarial_identity,1.0,0.0,0.0,6,1
68359943c3561cbb,cias_full,378_virtual_avatar_matched_adversarial_identity,378,virtual_avatar,matched_adversarial_identity,1.0,0.0,0.0,4,1
68359943c3561cbb,cias_full,378_wheeled_robot_matched_adversarial_identity,378,wheeled_robot,matched_adversarial_identity,0.9305555555555556,0.06944444444444445,0.5,10,1
68359943c3561cbb,cias_full,379_drone_matched_adversarial_identity,379,drone,matched_adversarial_identity,1.0,0.0,0.0,22,1
68359943c3561cbb,cias_full,379_ground_creature_matched_adversarial_identity,379,ground_creature,matched_adversarial_identity,1.0,0.0,0.0,6,1
68359943c3561cbb,cias_full,379_virtual_avatar_matched_adversarial_identity,379,virtual_avatar,matched_adversarial_identity,1.0,0.0,0.0,4,1
68359943c3561cbb,cias_full,379_wheeled_robot_matched_adversarial_identity,379,wheeled_robot,matched_adversarial_identity,1.0,0.0,0.0,6,1
68359943c3561cbb,cias_full,380_drone_matched_adversarial_identity,380,drone,matched_adversarial_identity,0.6805555555555556,0.06944444444444445,0.5,18,1
68359943c3561cbb,cias_full,380_ground_creature_matched_adversarial_identity,380,ground_creature,matched_adversarial_identity,1.0,0.0,0.0,6,1
68359943c3561cbb,cias_full,380_virtual_avatar_matched_adversarial_identity,380,virtual_avatar,matched_adversarial_identity,1.0,0.0,0.0,4,1
68359943c3561cbb,cias_full,380_wheeled_robot_matched_adversarial_identity,380,wheeled_robot,matched_adversarial_identity,1.0,0.0,0.0,6,1
68359943c3561cbb,cias_full,381_drone_matched_adversarial_identity,381,drone,matched_adversarial_identity,1.0,0.0,0.0,10,1
68359943c3561cbb,cias_full,381_ground_creature_matched_adversarial_identity,381,ground_creature,matched_adversarial_identity,1.0,0.0,0.0,6,1
68359943c3561cbb,cias_full,381_virtual_avatar_matched_adversarial_identity,381,virtual_avatar,matched_adversarial_identity,1.0,0.0,0.0,4,1
68359943c3561cbb,cias_full,381_wheeled_robot_matched_adversarial_identity,381,wheeled_robot,matched_adversarial_identity,1.0,0.0,0.0,6,1
68359943c3561cbb,cias_full,382_drone_matched_adversarial_identity,382,drone,matched_adversarial_identity,1.0,0.0,0.0,16,1
68359943c3561cbb,cias_full,382_ground_creature_matched_adversarial_identity,382,ground_creature,matched_adversarial_identity,1.0,0.0,0.0,4,1
68359943c3561cbb,cias_full,382_virtual_avatar_matched_adversarial_identity,382,virtual_avatar,matched_adversarial_identity,1.0,0.0,0.0,4,1
68359943c3561cbb,cias_full,382_wheeled_robot_matched_adversarial_identity,382,wheeled_robot,matched_adversarial_identity,1.0,0.0,0.0,6,1
68359943c3561cbb,cias_full,383_drone_matched_adversarial_identity,383,drone,matched_adversarial_identity,0.9027777777777778,0.09722222222222222,0.7000000000000001,18,1
68359943c3561cbb,cias_full,383_ground_creature_matched_adversarial_identity,383,ground_creature,matched_adversarial_identity,1.0,0.0,0.0,6,1
68359943c3561cbb,cias_full,383_virtual_avatar_matched_adversarial_identity,383,virtual_avatar,matched_adversarial_identity,1.0,0.0,0.0,4,1
68359943c3561cbb,cias_full,383_wheeled_robot_matched_adversarial_identity,383,wheeled_robot,matched_adversarial_identity,1.0,0.0,0.0,10,1
68359943c3561cbb,cias_full,384_drone_matched_adversarial_identity,384,drone,matched_adversarial_identity,0.9166666666666666,0.08333333333333333,0.6000000000000001,16,1
68359943c3561cbb,cias_full,384_ground_creature_matched_adversarial_identity,384,ground_creature,matched_adversarial_identity,1.0,0.0,0.0,4,1
68359943c3561cbb,cias_full,384_virtual_avatar_matched_adversarial_identity,384,virtual_avatar,matched_adversarial_identity,1.0,0.0,0.0,2,1
68359943c3561cbb,cias_full,384_wheeled_robot_matched_adversarial_identity,384,wheeled_robot,matched_adversarial_identity,1.0,0.0,0.0,6,1
68359943c3561cbb,cias_full,385_drone_matched_adversarial_identity,385,drone,matched_adversarial_identity,1.0,0.0,0.0,8,1
68359943c3561cbb,cias_full,385_ground_creature_matched_adversarial_identity,385,ground_creature,matched_adversarial_identity,1.0,0.0,0.0,6,1
68359943c3561cbb,cias_full,385_virtual_avatar_matched_adversarial_identity,385,virtual_avatar,matched_adversarial_identity,1.0,0.0,0.0,4,1
68359943c3561cbb,cias_full,385_wheeled_robot_matched_adversarial_identity,385,wheeled_robot,matched_adversarial_identity,1.0,0.0,0.0,6,1
68359943c3561cbb,cias_full,386_drone_matched_adversarial_identity,386,drone,matched_adversarial_identity,0.9305555555555556,0.06944444444444445,0.5,20,1
68359943c3561cbb,cias_full,386_ground_creature_matched_adversarial_identity,386,ground_creature,matched_adversarial_identity,1.0,0.0,0.0,6,1
68359943c3561cbb,cias_full,386_virtual_avatar_matched_adversarial_identity,386,virtual_avatar,matched_adversarial_identity,1.0,0.0,0.0,4,1
68359943c3561cbb,cias_full,386_wheeled_robot_matched_adversarial_identity,386,wheeled_robot,matched_adversarial_identity,1.0,0.0,0.0,10,1
68359943c3561cbb,cias_full,387_drone_matched_adversarial_identity,387,drone,matched_adversarial_identity,1.0,0.0,0.0,14,1
68359943c3561cbb,cias_full,387_ground_creature_matched_adversarial_identity,387,ground_creature,matched_adversarial_identity,1.0,0.0,0.0,6,1
68359943c3561cbb,cias_full,387_virtual_avatar_matched_adversarial_identity,387,virtual_avatar,matched_adversarial_identity,1.0,0.0,0.0,4,1
68359943c3561cbb,cias_full,387_wheeled_robot_matched_adversarial_identity,387,wheeled_robot,matched_adversarial_identity,1.0,0.0,0.0,6,1
68359943c3561cbb,cias_full,388_drone_matched_adversarial_identity,388,drone,matched_adversarial_identity,0.5,0.25,2.0,28,1
68359943c3561cbb,cias_full,388_ground_creature_matched_adversarial_identity,388,ground_creature,matched_adversarial_identity,1.0,0.0,0.0,6,1
68359943c3561cbb,cias_full,388_virtual_avatar_matched_adversarial_identity,388,virtual_avatar,matched_adversarial_identity,1.0,0.0,0.0,4,1
68359943c3561cbb,cias_full,388_wheeled_robot_matched_adversarial_identity,388,wheeled_robot,matched_adversarial_identity,1.0,0.0,0.0,8,1
68359943c3561cbb,cias_full,389_drone_matched_adversarial_identity,389,drone,matched_adversarial_identity,0.7361111111111112,0.0,0.0,22,1
68359943c3561cbb,cias_full,389_ground_creature_matched_adversarial_identity,389,ground_creature,matched_adversarial_identity,1.0,0.0,0.0,6,1
68359943c3561cbb,cias_full,389_virtual_avatar_matched_adversarial_identity,389,virtual_avatar,matched_adversarial_identity,1.0,0.0,0.0,4,1
68359943c3561cbb,cias_full,389_wheeled_robot_matched_adversarial_identity,389,wheeled_robot,matched_adversarial_identity,1.0,0.0,0.0,8,1
68359943c3561cbb,cias_full,390_drone_matched_adversarial_identity,390,drone,matched_adversarial_identity,1.0,0.0,0.0,14,1
68359943c3561cbb,cias_full,390_ground_creature_matched_adversarial_identity,390,ground_creature,matched_adversarial_identity,1.0,0.0,0.0,6,1
68359943c3561cbb,cias_full,390_virtual_avatar_matched_adversarial_identity,390,virtual_avatar,matched_adversarial_identity,1.0,0.0,0.0,4,1
68359943c3561cbb,cias_full,390_wheeled_robot_matched_adversarial_identity,390,wheeled_robot,matched_adversarial_identity,1.0,0.0,0.0,6,1
68359943c3561cbb,cias_no_persistent_self,361_drone_matched_adversarial_identity,361,drone,matched_adversarial_identity,0.0,0.6666666666666666,,4,0
68359943c3561cbb,cias_no_persistent_self,361_ground_creature_matched_adversarial_identity,361,ground_creature,matched_adversarial_identity,0.0,0.6666666666666666,,4,0
68359943c3561cbb,cias_no_persistent_self,361_virtual_avatar_matched_adversarial_identity,361,virtual_avatar,matched_adversarial_identity,0.0,0.6666666666666666,,4,0
68359943c3561cbb,cias_no_persistent_self,361_wheeled_robot_matched_adversarial_identity,361,wheeled_robot,matched_adversarial_identity,0.0,0.6666666666666666,,4,0
68359943c3561cbb,cias_no_persistent_self,362_drone_matched_adversarial_identity,362,drone,matched_adversarial_identity,0.0,0.6666666666666666,,4,0
68359943c3561cbb,cias_no_persistent_self,362_ground_creature_matched_adversarial_identity,362,ground_creature,matched_adversarial_identity,0.0,0.6666666666666666,,4,0
68359943c3561cbb,cias_no_persistent_self,362_virtual_avatar_matched_adversarial_identity,362,virtual_avatar,matched_adversarial_identity,0.0,0.6666666666666666,,4,0
68359943c3561cbb,cias_no_persistent_self,362_wheeled_robot_matched_adversarial_identity,362,wheeled_robot,matched_adversarial_identity,0.0,0.6666666666666666,,4,0
68359943c3561cbb,cias_no_persistent_self,363_drone_matched_adversarial_identity,363,drone,matched_adversarial_identity,0.0,0.6666666666666666,,4,0
68359943c3561cbb,cias_no_persistent_self,363_ground_creature_matched_adversarial_identity,363,ground_creature,matched_adversarial_identity,0.0,0.6666666666666666,,4,0
68359943c3561cbb,cias_no_persistent_self,363_virtual_avatar_matched_adversarial_identity,363,virtual_avatar,matched_adversarial_identity,0.0,0.6666666666666666,,4,0
68359943c3561cbb,cias_no_persistent_self,363_wheeled_robot_matched_adversarial_identity,363,wheeled_robot,matched_adversarial_identity,0.0,0.6666666666666666,,4,0
68359943c3561cbb,cias_no_persistent_self,364_drone_matched_adversarial_identity,364,drone,matched_adversarial_identity,0.0,0.6666666666666666,,4,0
68359943c3561cbb,cias_no_persistent_self,364_ground_creature_matched_adversarial_identity,364,ground_creature,matched_adversarial_identity,0.0,0.6666666666666666,,4,0
68359943c3561cbb,cias_no_persistent_self,364_virtual_avatar_matched_adversarial_identity,364,virtual_avatar,matched_adversarial_identity,0.0,0.6666666666666666,,4,0
68359943c3561cbb,cias_no_persistent_self,364_wheeled_robot_matched_adversarial_identity,364,wheeled_robot,matched_adversarial_identity,0.0,0.6666666666666666,,4,0
68359943c3561cbb,cias_no_persistent_self,365_drone_matched_adversarial_identity,365,drone,matched_adversarial_identity,0.0,0.6666666666666666,,4,0
68359943c3561cbb,cias_no_persistent_self,365_ground_creature_matched_adversarial_identity,365,ground_creature,matched_adversarial_identity,0.0,0.6666666666666666,,4,0
68359943c3561cbb,cias_no_persistent_self,365_virtual_avatar_matched_adversarial_identity,365,virtual_avatar,matched_adversarial_identity,0.0,0.6666666666666666,,4,0
68359943c3561cbb,cias_no_persistent_self,365_wheeled_robot_matched_adversarial_identity,365,wheeled_robot,matched_adversarial_identity,0.0,0.6666666666666666,,4,0
68359943c3561cbb,cias_no_persistent_self,366_drone_matched_adversarial_identity,366,drone,matched_adversarial_identity,0.0,0.6666666666666666,,4,0
68359943c3561cbb,cias_no_persistent_self,366_ground_creature_matched_adversarial_identity,366,ground_creature,matched_adversarial_identity,0.0,0.6666666666666666,,4,0
68359943c3561cbb,cias_no_persistent_self,366_virtual_avatar_matched_adversarial_identity,366,virtual_avatar,matched_adversarial_identity,1.0,0.0,0.0,3,1
68359943c3561cbb,cias_no_persistent_self,366_wheeled_robot_matched_adversarial_identity,366,wheeled_robot,matched_adversarial_identity,0.0,0.6666666666666666,,4,0
68359943c3561cbb,cias_no_persistent_self,367_drone_matched_adversarial_identity,367,drone,matched_adversarial_identity,0.0,0.6666666666666666,,4,0
68359943c3561cbb,cias_no_persistent_self,367_ground_creature_matched_adversarial_identity,367,ground_creature,matched_adversarial_identity,0.0,0.6666666666666666,,4,0
68359943c3561cbb,cias_no_persistent_self,367_virtual_avatar_matched_adversarial_identity,367,virtual_avatar,matched_adversarial_identity,1.0,0.0,0.0,3,1
68359943c3561cbb,cias_no_persistent_self,367_wheeled_robot_matched_adversarial_identity,367,wheeled_robot,matched_adversarial_identity,0.0,0.6666666666666666,,4,0
68359943c3561cbb,cias_no_persistent_self,368_drone_matched_adversarial_identity,368,drone,matched_adversarial_identity,0.0,0.6666666666666666,,4,0
68359943c3561cbb,cias_no_persistent_self,368_ground_creature_matched_adversarial_identity,368,ground_creature,matched_adversarial_identity,1.0,0.0,0.0,3,1
68359943c3561cbb,cias_no_persistent_self,368_virtual_avatar_matched_adversarial_identity,368,virtual_avatar,matched_adversarial_identity,1.0,0.0,0.0,3,1
68359943c3561cbb,cias_no_persistent_self,368_wheeled_robot_matched_adversarial_identity,368,wheeled_robot,matched_adversarial_identity,1.0,0.0,0.0,3,1
68359943c3561cbb,cias_no_persistent_self,369_drone_matched_adversarial_identity,369,drone,matched_adversarial_identity,0.0,0.6666666666666666,,4,0
68359943c3561cbb,cias_no_persistent_self,369_ground_creature_matched_adversarial_identity,369,ground_creature,matched_adversarial_identity,0.0,0.6666666666666666,,4,0
68359943c3561cbb,cias_no_persistent_self,369_virtual_avatar_matched_adversarial_identity,369,virtual_avatar,matched_adversarial_identity,1.0,0.0,0.0,3,1
68359943c3561cbb,cias_no_persistent_self,369_wheeled_robot_matched_adversarial_identity,369,wheeled_robot,matched_adversarial_identity,0.0,0.6666666666666666,,4,0
68359943c3561cbb,cias_no_persistent_self,370_drone_matched_adversarial_identity,370,drone,matched_adversarial_identity,0.0,0.6666666666666666,,4,0
68359943c3561cbb,cias_no_persistent_self,370_ground_creature_matched_adversarial_identity,370,ground_creature,matched_adversarial_identity,0.0,0.6666666666666666,,4,0
68359943c3561cbb,cias_no_persistent_self,370_virtual_avatar_matched_adversarial_identity,370,virtual_avatar,matched_adversarial_identity,1.0,0.0,0.0,3,1
68359943c3561cbb,cias_no_persistent_self,370_wheeled_robot_matched_adversarial_identity,370,wheeled_robot,matched_adversarial_identity,0.0,0.6666666666666666,,4,0
68359943c3561cbb,cias_no_persistent_self,371_drone_matched_adversarial_identity,371,drone,matched_adversarial_identity,0.0,0.6666666666666666,,4,0
68359943c3561cbb,cias_no_persistent_self,371_ground_creature_matched_adversarial_identity,371,ground_creature,matched_adversarial_identity,1.0,0.0,0.0,3,1
68359943c3561cbb,cias_no_persistent_self,371_virtual_avatar_matched_adversarial_identity,371,virtual_avatar,matched_adversarial_identity,1.0,0.0,0.0,3,1
68359943c3561cbb,cias_no_persistent_self,371_wheeled_robot_matched_adversarial_identity,371,wheeled_robot,matched_adversarial_identity,1.0,0.0,0.0,3,1
68359943c3561cbb,cias_no_persistent_self,372_drone_matched_adversarial_identity,372,drone,matched_adversarial_identity,0.0,0.6666666666666666,,4,0
68359943c3561cbb,cias_no_persistent_self,372_ground_creature_matched_adversarial_identity,372,ground_creature,matched_adversarial_identity,0.0,0.6666666666666666,,4,0
68359943c3561cbb,cias_no_persistent_self,372_virtual_avatar_matched_adversarial_identity,372,virtual_avatar,matched_adversarial_identity,1.0,0.0,0.0,3,1
68359943c3561cbb,cias_no_persistent_self,372_wheeled_robot_matched_adversarial_identity,372,wheeled_robot,matched_adversarial_identity,0.0,0.6666666666666666,,4,0
68359943c3561cbb,cias_no_persistent_self,373_drone_matched_adversarial_identity,373,drone,matched_adversarial_identity,0.0,0.6666666666666666,,4,0
68359943c3561cbb,cias_no_persistent_self,373_ground_creature_matched_adversarial_identity,373,ground_creature,matched_adversarial_identity,1.0,0.0,0.0,3,1
68359943c3561cbb,cias_no_persistent_self,373_virtual_avatar_matched_adversarial_identity,373,virtual_avatar,matched_adversarial_identity,1.0,0.0,0.0,3,1
68359943c3561cbb,cias_no_persistent_self,373_wheeled_robot_matched_adversarial_identity,373,wheeled_robot,matched_adversarial_identity,0.0,0.6666666666666666,,4,0
68359943c3561cbb,cias_no_persistent_self,374_drone_matched_adversarial_identity,374,drone,matched_adversarial_identity,0.0,0.6666666666666666,,4,0
68359943c3561cbb,cias_no_persistent_self,374_ground_creature_matched_adversarial_identity,374,ground_creature,matched_adversarial_identity,0.0,0.6666666666666666,,4,0
68359943c3561cbb,cias_no_persistent_self,374_virtual_avatar_matched_adversarial_identity,374,virtual_avatar,matched_adversarial_identity,1.0,0.0,0.0,3,1
68359943c3561cbb,cias_no_persistent_self,374_wheeled_robot_matched_adversarial_identity,374,wheeled_robot,matched_adversarial_identity,0.0,0.6666666666666666,,4,0
68359943c3561cbb,cias_no_persistent_self,375_drone_matched_adversarial_identity,375,drone,matched_adversarial_identity,0.0,0.6666666666666666,,4,0
68359943c3561cbb,cias_no_persistent_self,375_ground_creature_matched_adversarial_identity,375,ground_creature,matched_adversarial_identity,0.0,0.6666666666666666,,4,0
68359943c3561cbb,cias_no_persistent_self,375_virtual_avatar_matched_adversarial_identity,375,virtual_avatar,matched_adversarial_identity,0.0,0.6666666666666666,,4,0
68359943c3561cbb,cias_no_persistent_self,375_wheeled_robot_matched_adversarial_identity,375,wheeled_robot,matched_adversarial_identity,0.0,0.6666666666666666,,4,0
68359943c3561cbb,cias_no_persistent_self,376_drone_matched_adversarial_identity,376,drone,matched_adversarial_identity,0.0,0.6666666666666666,,4,0
68359943c3561cbb,cias_no_persistent_self,376_ground_creature_matched_adversarial_identity,376,ground_creature,matched_adversarial_identity,0.0,0.6666666666666666,,4,0
68359943c3561cbb,cias_no_persistent_self,376_virtual_avatar_matched_adversarial_identity,376,virtual_avatar,matched_adversarial_identity,0.0,0.6666666666666666,,4,0
68359943c3561cbb,cias_no_persistent_self,376_wheeled_robot_matched_adversarial_identity,376,wheeled_robot,matched_adversarial_identity,0.0,0.6666666666666666,,4,0
68359943c3561cbb,cias_no_persistent_self,377_drone_matched_adversarial_identity,377,drone,matched_adversarial_identity,0.0,0.6666666666666666,,4,0
68359943c3561cbb,cias_no_persistent_self,377_ground_creature_matched_adversarial_identity,377,ground_creature,matched_adversarial_identity,0.0,0.6666666666666666,,4,0
68359943c3561cbb,cias_no_persistent_self,377_virtual_avatar_matched_adversarial_identity,377,virtual_avatar,matched_adversarial_identity,0.0,0.6666666666666666,,4,0
68359943c3561cbb,cias_no_persistent_self,377_wheeled_robot_matched_adversarial_identity,377,wheeled_robot,matched_adversarial_identity,0.0,0.6666666666666666,,4,0
68359943c3561cbb,cias_no_persistent_self,378_drone_matched_adversarial_identity,378,drone,matched_adversarial_identity,0.0,0.6666666666666666,,4,0
68359943c3561cbb,cias_no_persistent_self,378_ground_creature_matched_adversarial_identity,378,ground_creature,matched_adversarial_identity,0.0,0.6666666666666666,,4,0
68359943c3561cbb,cias_no_persistent_self,378_virtual_avatar_matched_adversarial_identity,378,virtual_avatar,matched_adversarial_identity,0.0,0.6666666666666666,,4,0
68359943c3561cbb,cias_no_persistent_self,378_wheeled_robot_matched_adversarial_identity,378,wheeled_robot,matched_adversarial_identity,0.0,0.6666666666666666,,4,0
68359943c3561cbb,cias_no_persistent_self,379_drone_matched_adversarial_identity,379,drone,matched_adversarial_identity,0.0,0.6666666666666666,,4,0
68359943c3561cbb,cias_no_persistent_self,379_ground_creature_matched_adversarial_identity,379,ground_creature,matched_adversarial_identity,0.0,0.6666666666666666,,4,0
68359943c3561cbb,cias_no_persistent_self,379_virtual_avatar_matched_adversarial_identity,379,virtual_avatar,matched_adversarial_identity,0.0,0.6666666666666666,,4,0
68359943c3561cbb,cias_no_persistent_self,379_wheeled_robot_matched_adversarial_identity,379,wheeled_robot,matched_adversarial_identity,0.0,0.6666666666666666,,4,0
68359943c3561cbb,cias_no_persistent_self,380_drone_matched_adversarial_identity,380,drone,matched_adversarial_identity,0.0,0.6666666666666666,,4,0
68359943c3561cbb,cias_no_persistent_self,380_ground_creature_matched_adversarial_identity,380,ground_creature,matched_adversarial_identity,0.0,0.6666666666666666,,4,0
68359943c3561cbb,cias_no_persistent_self,380_virtual_avatar_matched_adversarial_identity,380,virtual_avatar,matched_adversarial_identity,0.0,0.6666666666666666,,4,0
68359943c3561cbb,cias_no_persistent_self,380_wheeled_robot_matched_adversarial_identity,380,wheeled_robot,matched_adversarial_identity,0.0,0.6666666666666666,,4,0
68359943c3561cbb,cias_no_persistent_self,381_drone_matched_adversarial_identity,381,drone,matched_adversarial_identity,0.0,0.6666666666666666,,4,0
68359943c3561cbb,cias_no_persistent_self,381_ground_creature_matched_adversarial_identity,381,ground_creature,matched_adversarial_identity,0.0,0.6666666666666666,,4,0
68359943c3561cbb,cias_no_persistent_self,381_virtual_avatar_matched_adversarial_identity,381,virtual_avatar,matched_adversarial_identity,0.0,0.6666666666666666,,4,0
68359943c3561cbb,cias_no_persistent_self,381_wheeled_robot_matched_adversarial_identity,381,wheeled_robot,matched_adversarial_identity,0.0,0.6666666666666666,,4,0
68359943c3561cbb,cias_no_persistent_self,382_drone_matched_adversarial_identity,382,drone,matched_adversarial_identity,0.0,0.6666666666666666,,4,0
68359943c3561cbb,cias_no_persistent_self,382_ground_creature_matched_adversarial_identity,382,ground_creature,matched_adversarial_identity,0.0,0.6666666666666666,,4,0
68359943c3561cbb,cias_no_persistent_self,382_virtual_avatar_matched_adversarial_identity,382,virtual_avatar,matched_adversarial_identity,0.0,0.6666666666666666,,4,0
68359943c3561cbb,cias_no_persistent_self,382_wheeled_robot_matched_adversarial_identity,382,wheeled_robot,matched_adversarial_identity,0.0,0.6666666666666666,,4,0
68359943c3561cbb,cias_no_persistent_self,383_drone_matched_adversarial_identity,383,drone,matched_adversarial_identity,0.0,0.6666666666666666,,4,0
68359943c3561cbb,cias_no_persistent_self,383_ground_creature_matched_adversarial_identity,383,ground_creature,matched_adversarial_identity,0.0,0.6666666666666666,,4,0
68359943c3561cbb,cias_no_persistent_self,383_virtual_avatar_matched_adversarial_identity,383,virtual_avatar,matched_adversarial_identity,0.0,0.6666666666666666,,4,0
68359943c3561cbb,cias_no_persistent_self,383_wheeled_robot_matched_adversarial_identity,383,wheeled_robot,matched_adversarial_identity,0.0,0.6666666666666666,,4,0
68359943c3561cbb,cias_no_persistent_self,384_drone_matched_adversarial_identity,384,drone,matched_adversarial_identity,0.0,0.6666666666666666,,4,0
68359943c3561cbb,cias_no_persistent_self,384_ground_creature_matched_adversarial_identity,384,ground_creature,matched_adversarial_identity,0.0,0.6666666666666666,,4,0
68359943c3561cbb,cias_no_persistent_self,384_virtual_avatar_matched_adversarial_identity,384,virtual_avatar,matched_adversarial_identity,1.0,0.0,0.0,3,1
68359943c3561cbb,cias_no_persistent_self,384_wheeled_robot_matched_adversarial_identity,384,wheeled_robot,matched_adversarial_identity,0.0,0.6666666666666666,,4,0
68359943c3561cbb,cias_no_persistent_self,385_drone_matched_adversarial_identity,385,drone,matched_adversarial_identity,0.0,0.6666666666666666,,4,0
68359943c3561cbb,cias_no_persistent_self,385_ground_creature_matched_adversarial_identity,385,ground_creature,matched_adversarial_identity,0.0,0.6666666666666666,,4,0
68359943c3561cbb,cias_no_persistent_self,385_virtual_avatar_matched_adversarial_identity,385,virtual_avatar,matched_adversarial_identity,1.0,0.0,0.0,3,1
68359943c3561cbb,cias_no_persistent_self,385_wheeled_robot_matched_adversarial_identity,385,wheeled_robot,matched_adversarial_identity,0.0,0.6666666666666666,,4,0
68359943c3561cbb,cias_no_persistent_self,386_drone_matched_adversarial_identity,386,drone,matched_adversarial_identity,0.0,0.6666666666666666,,4,0
68359943c3561cbb,cias_no_persistent_self,386_ground_creature_matched_adversarial_identity,386,ground_creature,matched_adversarial_identity,0.0,0.6666666666666666,,4,0
68359943c3561cbb,cias_no_persistent_self,386_virtual_avatar_matched_adversarial_identity,386,virtual_avatar,matched_adversarial_identity,1.0,0.0,0.0,3,1
68359943c3561cbb,cias_no_persistent_self,386_wheeled_robot_matched_adversarial_identity,386,wheeled_robot,matched_adversarial_identity,0.0,0.6666666666666666,,4,0
68359943c3561cbb,cias_no_persistent_self,387_drone_matched_adversarial_identity,387,drone,matched_adversarial_identity,0.0,0.6666666666666666,,4,0
68359943c3561cbb,cias_no_persistent_self,387_ground_creature_matched_adversarial_identity,387,ground_creature,matched_adversarial_identity,0.0,0.6666666666666666,,4,0
68359943c3561cbb,cias_no_persistent_self,387_virtual_avatar_matched_adversarial_identity,387,virtual_avatar,matched_adversarial_identity,1.0,0.0,0.0,3,1
68359943c3561cbb,cias_no_persistent_self,387_wheeled_robot_matched_adversarial_identity,387,wheeled_robot,matched_adversarial_identity,0.0,0.6666666666666666,,4,0
68359943c3561cbb,cias_no_persistent_self,388_drone_matched_adversarial_identity,388,drone,matched_adversarial_identity,0.0,0.6666666666666666,,4,0
68359943c3561cbb,cias_no_persistent_self,388_ground_creature_matched_adversarial_identity,388,ground_creature,matched_adversarial_identity,0.0,0.6666666666666666,,4,0
68359943c3561cbb,cias_no_persistent_self,388_virtual_avatar_matched_adversarial_identity,388,virtual_avatar,matched_adversarial_identity,1.0,0.0,0.0,3,1
68359943c3561cbb,cias_no_persistent_self,388_wheeled_robot_matched_adversarial_identity,388,wheeled_robot,matched_adversarial_identity,0.0,0.6666666666666666,,4,0
68359943c3561cbb,cias_no_persistent_self,389_drone_matched_adversarial_identity,389,drone,matched_adversarial_identity,0.0,0.6666666666666666,,4,0
68359943c3561cbb,cias_no_persistent_self,389_ground_creature_matched_adversarial_identity,389,ground_creature,matched_adversarial_identity,1.0,0.0,0.0,3,1
68359943c3561cbb,cias_no_persistent_self,389_virtual_avatar_matched_adversarial_identity,389,virtual_avatar,matched_adversarial_identity,1.0,0.0,0.0,3,1
68359943c3561cbb,cias_no_persistent_self,389_wheeled_robot_matched_adversarial_identity,389,wheeled_robot,matched_adversarial_identity,0.0,0.6666666666666666,,4,0
68359943c3561cbb,cias_no_persistent_self,390_drone_matched_adversarial_identity,390,drone,matched_adversarial_identity,0.0,0.6666666666666666,,4,0
68359943c3561cbb,cias_no_persistent_self,390_ground_creature_matched_adversarial_identity,390,ground_creature,matched_adversarial_identity,0.0,0.6666666666666666,,4,0
68359943c3561cbb,cias_no_persistent_self,390_virtual_avatar_matched_adversarial_identity,390,virtual_avatar,matched_adversarial_identity,1.0,0.0,0.0,3,1
68359943c3561cbb,cias_no_persistent_self,390_wheeled_robot_matched_adversarial_identity,390,wheeled_robot,matched_adversarial_identity,0.0,0.6666666666666666,,4,0
6aad5aa919183355,cias_full,361_drone_matched_adversarial_identity,361,drone,matched_adversarial_identity,0.9305555555555556,0.06944444444444445,0.5,10,1
6aad5aa919183355,cias_full,361_ground_creature_matched_adversarial_identity,361,ground_creature,matched_adversarial_identity,1.0,0.0,0.0,4,1
6aad5aa919183355,cias_full,361_virtual_avatar_matched_adversarial_identity,361,virtual_avatar,matched_adversarial_identity,1.0,0.0,0.0,4,1
6aad5aa919183355,cias_full,361_wheeled_robot_matched_adversarial_identity,361,wheeled_robot,matched_adversarial_identity,1.0,0.0,0.0,4,1
6aad5aa919183355,cias_full,362_drone_matched_adversarial_identity,362,drone,matched_adversarial_identity,0.9027777777777778,0.09722222222222222,0.7000000000000001,14,1
6aad5aa919183355,cias_full,362_ground_creature_matched_adversarial_identity,362,ground_creature,matched_adversarial_identity,1.0,0.0,0.0,4,1
6aad5aa919183355,cias_full,362_virtual_avatar_matched_adversarial_identity,362,virtual_avatar,matched_adversarial_identity,1.0,0.0,0.0,4,1
6aad5aa919183355,cias_full,362_wheeled_robot_matched_adversarial_identity,362,wheeled_robot,matched_adversarial_identity,1.0,0.0,0.0,4,1
6aad5aa919183355,cias_full,363_drone_matched_adversarial_identity,363,drone,matched_adversarial_identity,0.9027777777777778,0.09722222222222222,0.7000000000000001,16,1
6aad5aa919183355,cias_full,363_ground_creature_matched_adversarial_identity,363,ground_creature,matched_adversarial_identity,1.0,0.0,0.0,4,1
6aad5aa919183355,cias_full,363_virtual_avatar_matched_adversarial_identity,363,virtual_avatar,matched_adversarial_identity,1.0,0.0,0.0,4,1
6aad5aa919183355,cias_full,363_wheeled_robot_matched_adversarial_identity,363,wheeled_robot,matched_adversarial_identity,0.9305555555555556,0.06944444444444445,0.5,6,1
6aad5aa919183355,cias_full,364_drone_matched_adversarial_identity,364,drone,matched_adversarial_identity,0.9027777777777778,0.09722222222222222,0.7000000000000001,10,1
6aad5aa919183355,cias_full,364_ground_creature_matched_adversarial_identity,364,ground_creature,matched_adversarial_identity,1.0,0.0,0.0,4,1
6aad5aa919183355,cias_full,364_virtual_avatar_matched_adversarial_identity,364,virtual_avatar,matched_adversarial_identity,1.0,0.0,0.0,2,1
6aad5aa919183355,cias_full,364_wheeled_robot_matched_adversarial_identity,364,wheeled_robot,matched_adversarial_identity,1.0,0.0,0.0,4,1
6aad5aa919183355,cias_full,365_drone_matched_adversarial_identity,365,drone,matched_adversarial_identity,0.125,0.5833333333333334,,26,1
6aad5aa919183355,cias_full,365_ground_creature_matched_adversarial_identity,365,ground_creature,matched_adversarial_identity,1.0,0.0,0.0,4,1
6aad5aa919183355,cias_full,365_virtual_avatar_matched_adversarial_identity,365,virtual_avatar,matched_adversarial_identity,1.0,0.0,0.0,4,1
6aad5aa919183355,cias_full,365_wheeled_robot_matched_adversarial_identity,365,wheeled_robot,matched_adversarial_identity,1.0,0.0,0.0,4,1
6aad5aa919183355,cias_full,366_drone_matched_adversarial_identity,366,drone,matched_adversarial_identity,1.0,0.0,0.0,10,1
6aad5aa919183355,cias_full,366_ground_creature_matched_adversarial_identity,366,ground_creature,matched_adversarial_identity,1.0,0.0,0.0,4,1
6aad5aa919183355,cias_full,366_virtual_avatar_matched_adversarial_identity,366,virtual_avatar,matched_adversarial_identity,1.0,0.0,0.0,4,1
6aad5aa919183355,cias_full,366_wheeled_robot_matched_adversarial_identity,366,wheeled_robot,matched_adversarial_identity,1.0,0.0,0.0,4,1
6aad5aa919183355,cias_full,367_drone_matched_adversarial_identity,367,drone,matched_adversarial_identity,0.9027777777777778,0.09722222222222222,0.7000000000000001,12,1
6aad5aa919183355,cias_full,367_ground_creature_matched_adversarial_identity,367,ground_creature,matched_adversarial_identity,1.0,0.0,0.0,4,1
6aad5aa919183355,cias_full,367_virtual_avatar_matched_adversarial_identity,367,virtual_avatar,matched_adversarial_identity,1.0,0.0,0.0,4,1
6aad5aa919183355,cias_full,367_wheeled_robot_matched_adversarial_identity,367,wheeled_robot,matched_adversarial_identity,1.0,0.0,0.0,4,1
6aad5aa919183355,cias_full,368_drone_matched_adversarial_identity,368,drone,matched_adversarial_identity,1.0,0.0,0.0,6,1
6aad5aa919183355,cias_full,368_ground_creature_matched_adversarial_identity,368,ground_creature,matched_adversarial_identity,1.0,0.0,0.0,4,1
6aad5aa919183355,cias_full,368_virtual_avatar_matched_adversarial_identity,368,virtual_avatar,matched_adversarial_identity,1.0,0.0,0.0,4,1
6aad5aa919183355,cias_full,368_wheeled_robot_matched_adversarial_identity,368,wheeled_robot,matched_adversarial_identity,1.0,0.0,0.0,4,1
6aad5aa919183355,cias_full,369_drone_matched_adversarial_identity,369,drone,matched_adversarial_identity,0.9027777777777778,0.09722222222222222,0.7000000000000001,14,1
6aad5aa919183355,cias_full,369_ground_creature_matched_adversarial_identity,369,ground_creature,matched_adversarial_identity,1.0,0.0,0.0,4,1
6aad5aa919183355,cias_full,369_virtual_avatar_matched_adversarial_identity,369,virtual_avatar,matched_adversarial_identity,1.0,0.0,0.0,4,1
6aad5aa919183355,cias_full,369_wheeled_robot_matched_adversarial_identity,369,wheeled_robot,matched_adversarial_identity,1.0,0.0,0.0,6,1
6aad5aa919183355,cias_full,370_drone_matched_adversarial_identity,370,drone,matched_adversarial_identity,0.7083333333333334,0.2916666666666667,2.3000000000000003,14,1
6aad5aa919183355,cias_full,370_ground_creature_matched_adversarial_identity,370,ground_creature,matched_adversarial_identity,1.0,0.0,0.0,4,1
6aad5aa919183355,cias_full,370_virtual_avatar_matched_adversarial_identity,370,virtual_avatar,matched_adversarial_identity,1.0,0.0,0.0,4,1
6aad5aa919183355,cias_full,370_wheeled_robot_matched_adversarial_identity,370,wheeled_robot,matched_adversarial_identity,1.0,0.0,0.0,6,1
6aad5aa919183355,cias_full,371_drone_matched_adversarial_identity,371,drone,matched_adversarial_identity,0.8888888888888888,0.1111111111111111,0.9,10,1
6aad5aa919183355,cias_full,371_ground_creature_matched_adversarial_identity,371,ground_creature,matched_adversarial_identity,1.0,0.0,0.0,4,1
6aad5aa919183355,cias_full,371_virtual_avatar_matched_adversarial_identity,371,virtual_avatar,matched_adversarial_identity,1.0,0.0,0.0,4,1
6aad5aa919183355,cias_full,371_wheeled_robot_matched_adversarial_identity,371,wheeled_robot,matched_adversarial_identity,1.0,0.0,0.0,4,1
6aad5aa919183355,cias_full,372_drone_matched_adversarial_identity,372,drone,matched_adversarial_identity,0.9305555555555556,0.06944444444444445,0.5,10,1
6aad5aa919183355,cias_full,372_ground_creature_matched_adversarial_identity,372,ground_creature,matched_adversarial_identity,1.0,0.0,0.0,4,1
6aad5aa919183355,cias_full,372_virtual_avatar_matched_adversarial_identity,372,virtual_avatar,matched_adversarial_identity,1.0,0.0,0.0,4,1
6aad5aa919183355,cias_full,372_wheeled_robot_matched_adversarial_identity,372,wheeled_robot,matched_adversarial_identity,1.0,0.0,0.0,4,1
6aad5aa919183355,cias_full,373_drone_matched_adversarial_identity,373,drone,matched_adversarial_identity,0.9305555555555556,0.06944444444444445,0.5,16,1
6aad5aa919183355,cias_full,373_ground_creature_matched_adversarial_identity,373,ground_creature,matched_adversarial_identity,1.0,0.0,0.0,4,1
6aad5aa919183355,cias_full,373_virtual_avatar_matched_adversarial_identity,373,virtual_avatar,matched_adversarial_identity,1.0,0.0,0.0,4,1
6aad5aa919183355,cias_full,373_wheeled_robot_matched_adversarial_identity,373,wheeled_robot,matched_adversarial_identity,1.0,0.0,0.0,4,1
6aad5aa919183355,cias_full,374_drone_matched_adversarial_identity,374,drone,matched_adversarial_identity,1.0,0.0,0.0,14,1
6aad5aa919183355,cias_full,374_ground_creature_matched_adversarial_identity,374,ground_creature,matched_adversarial_identity,1.0,0.0,0.0,4,1
6aad5aa919183355,cias_full,374_virtual_avatar_matched_adversarial_identity,374,virtual_avatar,matched_adversarial_identity,1.0,0.0,0.0,4,1
6aad5aa919183355,cias_full,374_wheeled_robot_matched_adversarial_identity,374,wheeled_robot,matched_adversarial_identity,1.0,0.0,0.0,4,1
6aad5aa919183355,cias_full,375_drone_matched_adversarial_identity,375,drone,matched_adversarial_identity,0.8055555555555556,0.19444444444444445,1.5,10,1
6aad5aa919183355,cias_full,375_ground_creature_matched_adversarial_identity,375,ground_creature,matched_adversarial_identity,1.0,0.0,0.0,4,1
6aad5aa919183355,cias_full,375_virtual_avatar_matched_adversarial_identity,375,virtual_avatar,matched_adversarial_identity,1.0,0.0,0.0,4,1
6aad5aa919183355,cias_full,375_wheeled_robot_matched_adversarial_identity,375,wheeled_robot,matched_adversarial_identity,1.0,0.0,0.0,4,1
6aad5aa919183355,cias_full,376_drone_matched_adversarial_identity,376,drone,matched_adversarial_identity,1.0,0.0,0.0,12,1
6aad5aa919183355,cias_full,376_ground_creature_matched_adversarial_identity,376,ground_creature,matched_adversarial_identity,1.0,0.0,0.0,4,1
6aad5aa919183355,cias_full,376_virtual_avatar_matched_adversarial_identity,376,virtual_avatar,matched_adversarial_identity,1.0,0.0,0.0,4,1
6aad5aa919183355,cias_full,376_wheeled_robot_matched_adversarial_identity,376,wheeled_robot,matched_adversarial_identity,1.0,0.0,0.0,4,1
6aad5aa919183355,cias_full,377_drone_matched_adversarial_identity,377,drone,matched_adversarial_identity,0.9027777777777778,0.09722222222222222,0.7000000000000001,14,1
6aad5aa919183355,cias_full,377_ground_creature_matched_adversarial_identity,377,ground_creature,matched_adversarial_identity,1.0,0.0,0.0,4,1
6aad5aa919183355,cias_full,377_virtual_avatar_matched_adversarial_identity,377,virtual_avatar,matched_adversarial_identity,1.0,0.0,0.0,4,1
6aad5aa919183355,cias_full,377_wheeled_robot_matched_adversarial_identity,377,wheeled_robot,matched_adversarial_identity,1.0,0.0,0.0,4,1
6aad5aa919183355,cias_full,378_drone_matched_adversarial_identity,378,drone,matched_adversarial_identity,0.8055555555555556,0.19444444444444445,1.5,10,1
6aad5aa919183355,cias_full,378_ground_creature_matched_adversarial_identity,378,ground_creature,matched_adversarial_identity,1.0,0.0,0.0,4,1
6aad5aa919183355,cias_full,378_virtual_avatar_matched_adversarial_identity,378,virtual_avatar,matched_adversarial_identity,1.0,0.0,0.0,4,1
6aad5aa919183355,cias_full,378_wheeled_robot_matched_adversarial_identity,378,wheeled_robot,matched_adversarial_identity,1.0,0.0,0.0,4,1
6aad5aa919183355,cias_full,379_drone_matched_adversarial_identity,379,drone,matched_adversarial_identity,0.9027777777777778,0.09722222222222222,0.7000000000000001,18,1
6aad5aa919183355,cias_full,379_ground_creature_matched_adversarial_identity,379,ground_creature,matched_adversarial_identity,1.0,0.0,0.0,4,1
6aad5aa919183355,cias_full,379_virtual_avatar_matched_adversarial_identity,379,virtual_avatar,matched_adversarial_identity,1.0,0.0,0.0,4,1
6aad5aa919183355,cias_full,379_wheeled_robot_matched_adversarial_identity,379,wheeled_robot,matched_adversarial_identity,1.0,0.0,0.0,4,1
6aad5aa919183355,cias_full,380_drone_matched_adversarial_identity,380,drone,matched_adversarial_identity,0.9305555555555556,0.06944444444444445,0.5,8,1
6aad5aa919183355,cias_full,380_ground_creature_matched_adversarial_identity,380,ground_creature,matched_adversarial_identity,1.0,0.0,0.0,4,1
6aad5aa919183355,cias_full,380_virtual_avatar_matched_adversarial_identity,380,virtual_avatar,matched_adversarial_identity,1.0,0.0,0.0,4,1
6aad5aa919183355,cias_full,380_wheeled_robot_matched_adversarial_identity,380,wheeled_robot,matched_adversarial_identity,1.0,0.0,0.0,4,1
6aad5aa919183355,cias_full,381_drone_matched_adversarial_identity,381,drone,matched_adversarial_identity,1.0,0.0,0.0,10,1
6aad5aa919183355,cias_full,381_ground_creature_matched_adversarial_identity,381,ground_creature,matched_adversarial_identity,1.0,0.0,0.0,4,1
6aad5aa919183355,cias_full,381_virtual_avatar_matched_adversarial_identity,381,virtual_avatar,matched_adversarial_identity,1.0,0.0,0.0,4,1
6aad5aa919183355,cias_full,381_wheeled_robot_matched_adversarial_identity,381,wheeled_robot,matched_adversarial_identity,1.0,0.0,0.0,6,1
6aad5aa919183355,cias_full,382_drone_matched_adversarial_identity,382,drone,matched_adversarial_identity,1.0,0.0,0.0,16,1
6aad5aa919183355,cias_full,382_ground_creature_matched_adversarial_identity,382,ground_creature,matched_adversarial_identity,1.0,0.0,0.0,4,1
6aad5aa919183355,cias_full,382_virtual_avatar_matched_adversarial_identity,382,virtual_avatar,matched_adversarial_identity,1.0,0.0,0.0,4,1
6aad5aa919183355,cias_full,382_wheeled_robot_matched_adversarial_identity,382,wheeled_robot,matched_adversarial_identity,1.0,0.0,0.0,6,1
6aad5aa919183355,cias_full,383_drone_matched_adversarial_identity,383,drone,matched_adversarial_identity,0.9027777777777778,0.09722222222222222,0.7000000000000001,10,1
6aad5aa919183355,cias_full,383_ground_creature_matched_adversarial_identity,383,ground_creature,matched_adversarial_identity,1.0,0.0,0.0,4,1
6aad5aa919183355,cias_full,383_virtual_avatar_matched_adversarial_identity,383,virtual_avatar,matched_adversarial_identity,1.0,0.0,0.0,4,1
6aad5aa919183355,cias_full,383_wheeled_robot_matched_adversarial_identity,383,wheeled_robot,matched_adversarial_identity,1.0,0.0,0.0,6,1
6aad5aa919183355,cias_full,384_drone_matched_adversarial_identity,384,drone,matched_adversarial_identity,1.0,0.0,0.0,8,1
6aad5aa919183355,cias_full,384_ground_creature_matched_adversarial_identity,384,ground_creature,matched_adversarial_identity,1.0,0.0,0.0,4,1
6aad5aa919183355,cias_full,384_virtual_avatar_matched_adversarial_identity,384,virtual_avatar,matched_adversarial_identity,1.0,0.0,0.0,2,1
6aad5aa919183355,cias_full,384_wheeled_robot_matched_adversarial_identity,384,wheeled_robot,matched_adversarial_identity,1.0,0.0,0.0,4,1
6aad5aa919183355,cias_full,385_drone_matched_adversarial_identity,385,drone,matched_adversarial_identity,0.9027777777777778,0.09722222222222222,0.7000000000000001,10,1
6aad5aa919183355,cias_full,385_ground_creature_matched_adversarial_identity,385,ground_creature,matched_adversarial_identity,1.0,0.0,0.0,4,1
6aad5aa919183355,cias_full,385_virtual_avatar_matched_adversarial_identity,385,virtual_avatar,matched_adversarial_identity,1.0,0.0,0.0,4,1
6aad5aa919183355,cias_full,385_wheeled_robot_matched_adversarial_identity,385,wheeled_robot,matched_adversarial_identity,1.0,0.0,0.0,4,1
6aad5aa919183355,cias_full,386_drone_matched_adversarial_identity,386,drone,matched_adversarial_identity,0.9305555555555556,0.06944444444444445,0.5,8,1
6aad5aa919183355,cias_full,386_ground_creature_matched_adversarial_identity,386,ground_creature,matched_adversarial_identity,1.0,0.0,0.0,4,1
6aad5aa919183355,cias_full,386_virtual_avatar_matched_adversarial_identity,386,virtual_avatar,matched_adversarial_identity,1.0,0.0,0.0,4,1
6aad5aa919183355,cias_full,386_wheeled_robot_matched_adversarial_identity,386,wheeled_robot,matched_adversarial_identity,1.0,0.0,0.0,4,1
6aad5aa919183355,cias_full,387_drone_matched_adversarial_identity,387,drone,matched_adversarial_identity,0.8333333333333334,0.16666666666666666,1.3,12,1
6aad5aa919183355,cias_full,387_ground_creature_matched_adversarial_identity,387,ground_creature,matched_adversarial_identity,1.0,0.0,0.0,4,1
6aad5aa919183355,cias_full,387_virtual_avatar_matched_adversarial_identity,387,virtual_avatar,matched_adversarial_identity,1.0,0.0,0.0,4,1
6aad5aa919183355,cias_full,387_wheeled_robot_matched_adversarial_identity,387,wheeled_robot,matched_adversarial_identity,1.0,0.0,0.0,4,1
6aad5aa919183355,cias_full,388_drone_matched_adversarial_identity,388,drone,matched_adversarial_identity,1.0,0.0,0.0,12,1
6aad5aa919183355,cias_full,388_ground_creature_matched_adversarial_identity,388,ground_creature,matched_adversarial_identity,1.0,0.0,0.0,4,1
6aad5aa919183355,cias_full,388_virtual_avatar_matched_adversarial_identity,388,virtual_avatar,matched_adversarial_identity,1.0,0.0,0.0,4,1
6aad5aa919183355,cias_full,388_wheeled_robot_matched_adversarial_identity,388,wheeled_robot,matched_adversarial_identity,1.0,0.0,0.0,4,1
6aad5aa919183355,cias_full,389_drone_matched_adversarial_identity,389,drone,matched_adversarial_identity,1.0,0.0,0.0,8,1
6aad5aa919183355,cias_full,389_ground_creature_matched_adversarial_identity,389,ground_creature,matched_adversarial_identity,1.0,0.0,0.0,4,1
6aad5aa919183355,cias_full,389_virtual_avatar_matched_adversarial_identity,389,virtual_avatar,matched_adversarial_identity,1.0,0.0,0.0,4,1
6aad5aa919183355,cias_full,389_wheeled_robot_matched_adversarial_identity,389,wheeled_robot,matched_adversarial_identity,1.0,0.0,0.0,4,1
6aad5aa919183355,cias_full,390_drone_matched_adversarial_identity,390,drone,matched_adversarial_identity,1.0,0.0,0.0,4,1
6aad5aa919183355,cias_full,390_ground_creature_matched_adversarial_identity,390,ground_creature,matched_adversarial_identity,1.0,0.0,0.0,4,1
6aad5aa919183355,cias_full,390_virtual_avatar_matched_adversarial_identity,390,virtual_avatar,matched_adversarial_identity,1.0,0.0,0.0,4,1
6aad5aa919183355,cias_full,390_wheeled_robot_matched_adversarial_identity,390,wheeled_robot,matched_adversarial_identity,1.0,0.0,0.0,4,1
6aad5aa919183355,cias_no_persistent_self,361_drone_matched_adversarial_identity,361,drone,matched_adversarial_identity,0.0,0.6666666666666666,,4,0
6aad5aa919183355,cias_no_persistent_self,361_ground_creature_matched_adversarial_identity,361,ground_creature,matched_adversarial_identity,0.0,0.6666666666666666,,4,0
6aad5aa919183355,cias_no_persistent_self,361_virtual_avatar_matched_adversarial_identity,361,virtual_avatar,matched_adversarial_identity,0.0,0.6666666666666666,,4,0
6aad5aa919183355,cias_no_persistent_self,361_wheeled_robot_matched_adversarial_identity,361,wheeled_robot,matched_adversarial_identity,0.0,0.6666666666666666,,4,0
6aad5aa919183355,cias_no_persistent_self,362_drone_matched_adversarial_identity,362,drone,matched_adversarial_identity,0.0,0.6666666666666666,,4,0
6aad5aa919183355,cias_no_persistent_self,362_ground_creature_matched_adversarial_identity,362,ground_creature,matched_adversarial_identity,0.0,0.6666666666666666,,4,0
6aad5aa919183355,cias_no_persistent_self,362_virtual_avatar_matched_adversarial_identity,362,virtual_avatar,matched_adversarial_identity,0.0,0.6666666666666666,,4,0
6aad5aa919183355,cias_no_persistent_self,362_wheeled_robot_matched_adversarial_identity,362,wheeled_robot,matched_adversarial_identity,0.0,0.6666666666666666,,4,0
6aad5aa919183355,cias_no_persistent_self,363_drone_matched_adversarial_identity,363,drone,matched_adversarial_identity,0.0,0.6666666666666666,,4,0
6aad5aa919183355,cias_no_persistent_self,363_ground_creature_matched_adversarial_identity,363,ground_creature,matched_adversarial_identity,0.0,0.6666666666666666,,4,0
6aad5aa919183355,cias_no_persistent_self,363_virtual_avatar_matched_adversarial_identity,363,virtual_avatar,matched_adversarial_identity,0.0,0.6666666666666666,,4,0
6aad5aa919183355,cias_no_persistent_self,363_wheeled_robot_matched_adversarial_identity,363,wheeled_robot,matched_adversarial_identity,0.0,0.6666666666666666,,4,0
6aad5aa919183355,cias_no_persistent_self,364_drone_matched_adversarial_identity,364,drone,matched_adversarial_identity,0.0,0.6666666666666666,,4,0
6aad5aa919183355,cias_no_persistent_self,364_ground_creature_matched_adversarial_identity,364,ground_creature,matched_adversarial_identity,0.0,0.6666666666666666,,4,0
6aad5aa919183355,cias_no_persistent_self,364_virtual_avatar_matched_adversarial_identity,364,virtual_avatar,matched_adversarial_identity,0.0,0.6666666666666666,,4,0
6aad5aa919183355,cias_no_persistent_self,364_wheeled_robot_matched_adversarial_identity,364,wheeled_robot,matched_adversarial_identity,0.0,0.6666666666666666,,4,0
6aad5aa919183355,cias_no_persistent_self,365_drone_matched_adversarial_identity,365,drone,matched_adversarial_identity,0.0,0.6666666666666666,,4,0
6aad5aa919183355,cias_no_persistent_self,365_ground_creature_matched_adversarial_identity,365,ground_creature,matched_adversarial_identity,0.0,0.6666666666666666,,4,0
6aad5aa919183355,cias_no_persistent_self,365_virtual_avatar_matched_adversarial_identity,365,virtual_avatar,matched_adversarial_identity,0.0,0.6666666666666666,,4,0
6aad5aa919183355,cias_no_persistent_self,365_wheeled_robot_matched_adversarial_identity,365,wheeled_robot,matched_adversarial_identity,0.0,0.6666666666666666,,4,0
6aad5aa919183355,cias_no_persistent_self,366_drone_matched_adversarial_identity,366,drone,matched_adversarial_identity,0.0,0.6666666666666666,,4,0
6aad5aa919183355,cias_no_persistent_self,366_ground_creature_matched_adversarial_identity,366,ground_creature,matched_adversarial_identity,0.0,0.6666666666666666,,4,0
6aad5aa919183355,cias_no_persistent_self,366_virtual_avatar_matched_adversarial_identity,366,virtual_avatar,matched_adversarial_identity,1.0,0.0,0.0,3,1
6aad5aa919183355,cias_no_persistent_self,366_wheeled_robot_matched_adversarial_identity,366,wheeled_robot,matched_adversarial_identity,0.0,0.6666666666666666,,4,0
6aad5aa919183355,cias_no_persistent_self,367_drone_matched_adversarial_identity,367,drone,matched_adversarial_identity,0.0,0.6666666666666666,,4,0
6aad5aa919183355,cias_no_persistent_self,367_ground_creature_matched_adversarial_identity,367,ground_creature,matched_adversarial_identity,0.0,0.6666666666666666,,4,0
6aad5aa919183355,cias_no_persistent_self,367_virtual_avatar_matched_adversarial_identity,367,virtual_avatar,matched_adversarial_identity,1.0,0.0,0.0,3,1
6aad5aa919183355,cias_no_persistent_self,367_wheeled_robot_matched_adversarial_identity,367,wheeled_robot,matched_adversarial_identity,0.0,0.6666666666666666,,4,0
6aad5aa919183355,cias_no_persistent_self,368_drone_matched_adversarial_identity,368,drone,matched_adversarial_identity,0.0,0.6666666666666666,,4,0
6aad5aa919183355,cias_no_persistent_self,368_ground_creature_matched_adversarial_identity,368,ground_creature,matched_adversarial_identity,1.0,0.0,0.0,3,1
6aad5aa919183355,cias_no_persistent_self,368_virtual_avatar_matched_adversarial_identity,368,virtual_avatar,matched_adversarial_identity,1.0,0.0,0.0,3,1
6aad5aa919183355,cias_no_persistent_self,368_wheeled_robot_matched_adversarial_identity,368,wheeled_robot,matched_adversarial_identity,1.0,0.0,0.0,3,1
6aad5aa919183355,cias_no_persistent_self,369_drone_matched_adversarial_identity,369,drone,matched_adversarial_identity,0.0,0.6666666666666666,,4,0
6aad5aa919183355,cias_no_persistent_self,369_ground_creature_matched_adversarial_identity,369,ground_creature,matched_adversarial_identity,0.0,0.6666666666666666,,4,0
6aad5aa919183355,cias_no_persistent_self,369_virtual_avatar_matched_adversarial_identity,369,virtual_avatar,matched_adversarial_identity,1.0,0.0,0.0,3,1
6aad5aa919183355,cias_no_persistent_self,369_wheeled_robot_matched_adversarial_identity,369,wheeled_robot,matched_adversarial_identity,0.0,0.6666666666666666,,4,0
6aad5aa919183355,cias_no_persistent_self,370_drone_matched_adversarial_identity,370,drone,matched_adversarial_identity,0.0,0.6666666666666666,,4,0
6aad5aa919183355,cias_no_persistent_self,370_ground_creature_matched_adversarial_identity,370,ground_creature,matched_adversarial_identity,0.0,0.6666666666666666,,4,0
6aad5aa919183355,cias_no_persistent_self,370_virtual_avatar_matched_adversarial_identity,370,virtual_avatar,matched_adversarial_identity,1.0,0.0,0.0,3,1
6aad5aa919183355,cias_no_persistent_self,370_wheeled_robot_matched_adversarial_identity,370,wheeled_robot,matched_adversarial_identity,0.0,0.6666666666666666,,4,0
6aad5aa919183355,cias_no_persistent_self,371_drone_matched_adversarial_identity,371,drone,matched_adversarial_identity,0.0,0.6666666666666666,,4,0
6aad5aa919183355,cias_no_persistent_self,371_ground_creature_matched_adversarial_identity,371,ground_creature,matched_adversarial_identity,1.0,0.0,0.0,3,1
6aad5aa919183355,cias_no_persistent_self,371_virtual_avatar_matched_adversarial_identity,371,virtual_avatar,matched_adversarial_identity,1.0,0.0,0.0,3,1
6aad5aa919183355,cias_no_persistent_self,371_wheeled_robot_matched_adversarial_identity,371,wheeled_robot,matched_adversarial_identity,1.0,0.0,0.0,3,1
6aad5aa919183355,cias_no_persistent_self,372_drone_matched_adversarial_identity,372,drone,matched_adversarial_identity,0.0,0.6666666666666666,,4,0
6aad5aa919183355,cias_no_persistent_self,372_ground_creature_matched_adversarial_identity,372,ground_creature,matched_adversarial_identity,0.0,0.6666666666666666,,4,0
6aad5aa919183355,cias_no_persistent_self,372_virtual_avatar_matched_adversarial_identity,372,virtual_avatar,matched_adversarial_identity,1.0,0.0,0.0,3,1
6aad5aa919183355,cias_no_persistent_self,372_wheeled_robot_matched_adversarial_identity,372,wheeled_robot,matched_adversarial_identity,0.0,0.6666666666666666,,4,0
6aad5aa919183355,cias_no_persistent_self,373_drone_matched_adversarial_identity,373,drone,matched_adversarial_identity,0.0,0.6666666666666666,,4,0
6aad5aa919183355,cias_no_persistent_self,373_ground_creature_matched_adversarial_identity,373,ground_creature,matched_adversarial_identity,1.0,0.0,0.0,3,1
6aad5aa919183355,cias_no_persistent_self,373_virtual_avatar_matched_adversarial_identity,373,virtual_avatar,matched_adversarial_identity,1.0,0.0,0.0,3,1
6aad5aa919183355,cias_no_persistent_self,373_wheeled_robot_matched_adversarial_identity,373,wheeled_robot,matched_adversarial_identity,0.0,0.6666666666666666,,4,0
6aad5aa919183355,cias_no_persistent_self,374_drone_matched_adversarial_identity,374,drone,matched_adversarial_identity,0.0,0.6666666666666666,,4,0
6aad5aa919183355,cias_no_persistent_self,374_ground_creature_matched_adversarial_identity,374,ground_creature,matched_adversarial_identity,0.0,0.6666666666666666,,4,0
6aad5aa919183355,cias_no_persistent_self,374_virtual_avatar_matched_adversarial_identity,374,virtual_avatar,matched_adversarial_identity,1.0,0.0,0.0,3,1
6aad5aa919183355,cias_no_persistent_self,374_wheeled_robot_matched_adversarial_identity,374,wheeled_robot,matched_adversarial_identity,0.0,0.6666666666666666,,4,0
6aad5aa919183355,cias_no_persistent_self,375_drone_matched_adversarial_identity,375,drone,matched_adversarial_identity,0.0,0.6666666666666666,,4,0
6aad5aa919183355,cias_no_persistent_self,375_ground_creature_matched_adversarial_identity,375,ground_creature,matched_adversarial_identity,0.0,0.6666666666666666,,4,0
6aad5aa919183355,cias_no_persistent_self,375_virtual_avatar_matched_adversarial_identity,375,virtual_avatar,matched_adversarial_identity,0.0,0.6666666666666666,,4,0
6aad5aa919183355,cias_no_persistent_self,375_wheeled_robot_matched_adversarial_identity,375,wheeled_robot,matched_adversarial_identity,0.0,0.6666666666666666,,4,0
6aad5aa919183355,cias_no_persistent_self,376_drone_matched_adversarial_identity,376,drone,matched_adversarial_identity,0.0,0.6666666666666666,,4,0
6aad5aa919183355,cias_no_persistent_self,376_ground_creature_matched_adversarial_identity,376,ground_creature,matched_adversarial_identity,0.0,0.6666666666666666,,4,0
6aad5aa919183355,cias_no_persistent_self,376_virtual_avatar_matched_adversarial_identity,376,virtual_avatar,matched_adversarial_identity,0.0,0.6666666666666666,,4,0
6aad5aa919183355,cias_no_persistent_self,376_wheeled_robot_matched_adversarial_identity,376,wheeled_robot,matched_adversarial_identity,0.0,0.6666666666666666,,4,0
6aad5aa919183355,cias_no_persistent_self,377_drone_matched_adversarial_identity,377,drone,matched_adversarial_identity,0.0,0.6666666666666666,,4,0
6aad5aa919183355,cias_no_persistent_self,377_ground_creature_matched_adversarial_identity,377,ground_creature,matched_adversarial_identity,0.0,0.6666666666666666,,4,0
6aad5aa919183355,cias_no_persistent_self,377_virtual_avatar_matched_adversarial_identity,377,virtual_avatar,matched_adversarial_identity,0.0,0.6666666666666666,,4,0
6aad5aa919183355,cias_no_persistent_self,377_wheeled_robot_matched_adversarial_identity,377,wheeled_robot,matched_adversarial_identity,0.0,0.6666666666666666,,4,0
6aad5aa919183355,cias_no_persistent_self,378_drone_matched_adversarial_identity,378,drone,matched_adversarial_identity,0.0,0.6666666666666666,,4,0
6aad5aa919183355,cias_no_persistent_self,378_ground_creature_matched_adversarial_identity,378,ground_creature,matched_adversarial_identity,0.0,0.6666666666666666,,4,0
6aad5aa919183355,cias_no_persistent_self,378_virtual_avatar_matched_adversarial_identity,378,virtual_avatar,matched_adversarial_identity,0.0,0.6666666666666666,,4,0
6aad5aa919183355,cias_no_persistent_self,378_wheeled_robot_matched_adversarial_identity,378,wheeled_robot,matched_adversarial_identity,0.0,0.6666666666666666,,4,0
6aad5aa919183355,cias_no_persistent_self,379_drone_matched_adversarial_identity,379,drone,matched_adversarial_identity,0.0,0.6666666666666666,,4,0
6aad5aa919183355,cias_no_persistent_self,379_ground_creature_matched_adversarial_identity,379,ground_creature,matched_adversarial_identity,0.0,0.6666666666666666,,4,0
6aad5aa919183355,cias_no_persistent_self,379_virtual_avatar_matched_adversarial_identity,379,virtual_avatar,matched_adversarial_identity,0.0,0.6666666666666666,,4,0
6aad5aa919183355,cias_no_persistent_self,379_wheeled_robot_matched_adversarial_identity,379,wheeled_robot,matched_adversarial_identity,0.0,0.6666666666666666,,4,0
6aad5aa919183355,cias_no_persistent_self,380_drone_matched_adversarial_identity,380,drone,matched_adversarial_identity,0.0,0.6666666666666666,,4,0
6aad5aa919183355,cias_no_persistent_self,380_ground_creature_matched_adversarial_identity,380,ground_creature,matched_adversarial_identity,0.0,0.6666666666666666,,4,0
6aad5aa919183355,cias_no_persistent_self,380_virtual_avatar_matched_adversarial_identity,380,virtual_avatar,matched_adversarial_identity,0.0,0.6666666666666666,,4,0
6aad5aa919183355,cias_no_persistent_self,380_wheeled_robot_matched_adversarial_identity,380,wheeled_robot,matched_adversarial_identity,0.0,0.6666666666666666,,4,0
6aad5aa919183355,cias_no_persistent_self,381_drone_matched_adversarial_identity,381,drone,matched_adversarial_identity,0.0,0.6666666666666666,,4,0
6aad5aa919183355,cias_no_persistent_self,381_ground_creature_matched_adversarial_identity,381,ground_creature,matched_adversarial_identity,0.0,0.6666666666666666,,4,0
6aad5aa919183355,cias_no_persistent_self,381_virtual_avatar_matched_adversarial_identity,381,virtual_avatar,matched_adversarial_identity,0.0,0.6666666666666666,,4,0
6aad5aa919183355,cias_no_persistent_self,381_wheeled_robot_matched_adversarial_identity,381,wheeled_robot,matched_adversarial_identity,0.0,0.6666666666666666,,4,0
6aad5aa919183355,cias_no_persistent_self,382_drone_matched_adversarial_identity,382,drone,matched_adversarial_identity,0.0,0.6666666666666666,,4,0
6aad5aa919183355,cias_no_persistent_self,382_ground_creature_matched_adversarial_identity,382,ground_creature,matched_adversarial_identity,0.0,0.6666666666666666,,4,0
6aad5aa919183355,cias_no_persistent_self,382_virtual_avatar_matched_adversarial_identity,382,virtual_avatar,matched_adversarial_identity,0.0,0.6666666666666666,,4,0
6aad5aa919183355,cias_no_persistent_self,382_wheeled_robot_matched_adversarial_identity,382,wheeled_robot,matched_adversarial_identity,0.0,0.6666666666666666,,4,0
6aad5aa919183355,cias_no_persistent_self,383_drone_matched_adversarial_identity,383,drone,matched_adversarial_identity,0.0,0.6666666666666666,,4,0
6aad5aa919183355,cias_no_persistent_self,383_ground_creature_matched_adversarial_identity,383,ground_creature,matched_adversarial_identity,0.0,0.6666666666666666,,4,0
6aad5aa919183355,cias_no_persistent_self,383_virtual_avatar_matched_adversarial_identity,383,virtual_avatar,matched_adversarial_identity,0.0,0.6666666666666666,,4,0
6aad5aa919183355,cias_no_persistent_self,383_wheeled_robot_matched_adversarial_identity,383,wheeled_robot,matched_adversarial_identity,0.0,0.6666666666666666,,4,0
6aad5aa919183355,cias_no_persistent_self,384_drone_matched_adversarial_identity,384,drone,matched_adversarial_identity,0.0,0.6666666666666666,,4,0
6aad5aa919183355,cias_no_persistent_self,384_ground_creature_matched_adversarial_identity,384,ground_creature,matched_adversarial_identity,0.0,0.6666666666666666,,4,0
6aad5aa919183355,cias_no_persistent_self,384_virtual_avatar_matched_adversarial_identity,384,virtual_avatar,matched_adversarial_identity,1.0,0.0,0.0,3,1
6aad5aa919183355,cias_no_persistent_self,384_wheeled_robot_matched_adversarial_identity,384,wheeled_robot,matched_adversarial_identity,0.0,0.6666666666666666,,4,0
6aad5aa919183355,cias_no_persistent_self,385_drone_matched_adversarial_identity,385,drone,matched_adversarial_identity,0.0,0.6666666666666666,,4,0
6aad5aa919183355,cias_no_persistent_self,385_ground_creature_matched_adversarial_identity,385,ground_creature,matched_adversarial_identity,0.0,0.6666666666666666,,4,0
6aad5aa919183355,cias_no_persistent_self,385_virtual_avatar_matched_adversarial_identity,385,virtual_avatar,matched_adversarial_identity,1.0,0.0,0.0,3,1
6aad5aa919183355,cias_no_persistent_self,385_wheeled_robot_matched_adversarial_identity,385,wheeled_robot,matched_adversarial_identity,0.0,0.6666666666666666,,4,0
6aad5aa919183355,cias_no_persistent_self,386_drone_matched_adversarial_identity,386,drone,matched_adversarial_identity,0.0,0.6666666666666666,,4,0
6aad5aa919183355,cias_no_persistent_self,386_ground_creature_matched_adversarial_identity,386,ground_creature,matched_adversarial_identity,0.0,0.6666666666666666,,4,0
6aad5aa919183355,cias_no_persistent_self,386_virtual_avatar_matched_adversarial_identity,386,virtual_avatar,matched_adversarial_identity,1.0,0.0,0.0,3,1
6aad5aa919183355,cias_no_persistent_self,386_wheeled_robot_matched_adversarial_identity,386,wheeled_robot,matched_adversarial_identity,0.0,0.6666666666666666,,4,0
6aad5aa919183355,cias_no_persistent_self,387_drone_matched_adversarial_identity,387,drone,matched_adversarial_identity,0.0,0.6666666666666666,,4,0
6aad5aa919183355,cias_no_persistent_self,387_ground_creature_matched_adversarial_identity,387,ground_creature,matched_adversarial_identity,0.0,0.6666666666666666,,4,0
6aad5aa919183355,cias_no_persistent_self,387_virtual_avatar_matched_adversarial_identity,387,virtual_avatar,matched_adversarial_identity,1.0,0.0,0.0,3,1
6aad5aa919183355,cias_no_persistent_self,387_wheeled_robot_matched_adversarial_identity,387,wheeled_robot,matched_adversarial_identity,0.0,0.6666666666666666,,4,0
6aad5aa919183355,cias_no_persistent_self,388_drone_matched_adversarial_identity,388,drone,matched_adversarial_identity,0.0,0.6666666666666666,,4,0
6aad5aa919183355,cias_no_persistent_self,388_ground_creature_matched_adversarial_identity,388,ground_creature,matched_adversarial_identity,0.0,0.6666666666666666,,4,0
6aad5aa919183355,cias_no_persistent_self,388_virtual_avatar_matched_adversarial_identity,388,virtual_avatar,matched_adversarial_identity,1.0,0.0,0.0,3,1
6aad5aa919183355,cias_no_persistent_self,388_wheeled_robot_matched_adversarial_identity,388,wheeled_robot,matched_adversarial_identity,0.0,0.6666666666666666,,4,0
6aad5aa919183355,cias_no_persistent_self,389_drone_matched_adversarial_identity,389,drone,matched_adversarial_identity,0.0,0.6666666666666666,,4,0
6aad5aa919183355,cias_no_persistent_self,389_ground_creature_matched_adversarial_identity,389,ground_creature,matched_adversarial_identity,1.0,0.0,0.0,3,1
6aad5aa919183355,cias_no_persistent_self,389_virtual_avatar_matched_adversarial_identity,389,virtual_avatar,matched_adversarial_identity,1.0,0.0,0.0,3,1
6aad5aa919183355,cias_no_persistent_self,389_wheeled_robot_matched_adversarial_identity,389,wheeled_robot,matched_adversarial_identity,0.0,0.6666666666666666,,4,0
6aad5aa919183355,cias_no_persistent_self,390_drone_matched_adversarial_identity,390,drone,matched_adversarial_identity,0.0,0.6666666666666666,,4,0
6aad5aa919183355,cias_no_persistent_self,390_ground_creature_matched_adversarial_identity,390,ground_creature,matched_adversarial_identity,0.0,0.6666666666666666,,4,0
6aad5aa919183355,cias_no_persistent_self,390_virtual_avatar_matched_adversarial_identity,390,virtual_avatar,matched_adversarial_identity,1.0,0.0,0.0,3,1
6aad5aa919183355,cias_no_persistent_self,390_wheeled_robot_matched_adversarial_identity,390,wheeled_robot,matched_adversarial_identity,0.0,0.6666666666666666,,4,0
6cfc23006526029e,cias_full,361_drone_matched_adversarial_identity,361,drone,matched_adversarial_identity,0.9305555555555556,0.06944444444444445,0.5,8,1
6cfc23006526029e,cias_full,361_ground_creature_matched_adversarial_identity,361,ground_creature,matched_adversarial_identity,1.0,0.0,0.0,4,1
6cfc23006526029e,cias_full,361_virtual_avatar_matched_adversarial_identity,361,virtual_avatar,matched_adversarial_identity,1.0,0.0,0.0,4,1
6cfc23006526029e,cias_full,361_wheeled_robot_matched_adversarial_identity,361,wheeled_robot,matched_adversarial_identity,1.0,0.0,0.0,4,1
6cfc23006526029e,cias_full,362_drone_matched_adversarial_identity,362,drone,matched_adversarial_identity,0.9027777777777778,0.09722222222222222,0.7000000000000001,14,1
6cfc23006526029e,cias_full,362_ground_creature_matched_adversarial_identity,362,ground_creature,matched_adversarial_identity,1.0,0.0,0.0,4,1
6cfc23006526029e,cias_full,362_virtual_avatar_matched_adversarial_identity,362,virtual_avatar,matched_adversarial_identity,1.0,0.0,0.0,4,1
6cfc23006526029e,cias_full,362_wheeled_robot_matched_adversarial_identity,362,wheeled_robot,matched_adversarial_identity,1.0,0.0,0.0,4,1
6cfc23006526029e,cias_full,363_drone_matched_adversarial_identity,363,drone,matched_adversarial_identity,0.625,0.09722222222222222,0.7000000000000001,20,1
6cfc23006526029e,cias_full,363_ground_creature_matched_adversarial_identity,363,ground_creature,matched_adversarial_identity,1.0,0.0,0.0,4,1
6cfc23006526029e,cias_full,363_virtual_avatar_matched_adversarial_identity,363,virtual_avatar,matched_adversarial_identity,1.0,0.0,0.0,4,1
6cfc23006526029e,cias_full,363_wheeled_robot_matched_adversarial_identity,363,wheeled_robot,matched_adversarial_identity,0.9305555555555556,0.06944444444444445,0.5,6,1
6cfc23006526029e,cias_full,364_drone_matched_adversarial_identity,364,drone,matched_adversarial_identity,0.9027777777777778,0.09722222222222222,0.7000000000000001,14,1
6cfc23006526029e,cias_full,364_ground_creature_matched_adversarial_identity,364,ground_creature,matched_adversarial_identity,1.0,0.0,0.0,4,1
6cfc23006526029e,cias_full,364_virtual_avatar_matched_adversarial_identity,364,virtual_avatar,matched_adversarial_identity,1.0,0.0,0.0,2,1
6cfc23006526029e,cias_full,364_wheeled_robot_matched_adversarial_identity,364,wheeled_robot,matched_adversarial_identity,1.0,0.0,0.0,4,1
6cfc23006526029e,cias_full,365_drone_matched_adversarial_identity,365,drone,matched_adversarial_identity,0.4166666666666667,0.2916666666666667,2.3000000000000003,20,1
6cfc23006526029e,cias_full,365_ground_creature_matched_adversarial_identity,365,ground_creature,matched_adversarial_identity,1.0,0.0,0.0,4,1
6cfc23006526029e,cias_full,365_virtual_avatar_matched_adversarial_identity,365,virtual_avatar,matched_adversarial_identity,1.0,0.0,0.0,4,1
6cfc23006526029e,cias_full,365_wheeled_robot_matched_adversarial_identity,365,wheeled_robot,matched_adversarial_identity,1.0,0.0,0.0,4,1
6cfc23006526029e,cias_full,366_drone_matched_adversarial_identity,366,drone,matched_adversarial_identity,0.6666666666666666,0.08333333333333333,0.6000000000000001,18,1
6cfc23006526029e,cias_full,366_ground_creature_matched_adversarial_identity,366,ground_creature,matched_adversarial_identity,1.0,0.0,0.0,4,1
6cfc23006526029e,cias_full,366_virtual_avatar_matched_adversarial_identity,366,virtual_avatar,matched_adversarial_identity,1.0,0.0,0.0,4,1
6cfc23006526029e,cias_full,366_wheeled_robot_matched_adversarial_identity,366,wheeled_robot,matched_adversarial_identity,0.9305555555555556,0.06944444444444445,0.5,8,1
6cfc23006526029e,cias_full,367_drone_matched_adversarial_identity,367,drone,matched_adversarial_identity,0.6111111111111112,0.09722222222222222,0.7000000000000001,18,1
6cfc23006526029e,cias_full,367_ground_creature_matched_adversarial_identity,367,ground_creature,matched_adversarial_identity,1.0,0.0,0.0,4,1
6cfc23006526029e,cias_full,367_virtual_avatar_matched_adversarial_identity,367,virtual_avatar,matched_adversarial_identity,1.0,0.0,0.0,4,1
6cfc23006526029e,cias_full,367_wheeled_robot_matched_adversarial_identity,367,wheeled_robot,matched_adversarial_identity,1.0,0.0,0.0,4,1
6cfc23006526029e,cias_full,368_drone_matched_adversarial_identity,368,drone,matched_adversarial_identity,0.9027777777777778,0.09722222222222222,0.7000000000000001,14,1
6cfc23006526029e,cias_full,368_ground_creature_matched_adversarial_identity,368,ground_creature,matched_adversarial_identity,1.0,0.0,0.0,4,1
6cfc23006526029e,cias_full,368_virtual_avatar_matched_adversarial_identity,368,virtual_avatar,matched_adversarial_identity,1.0,0.0,0.0,4,1
6cfc23006526029e,cias_full,368_wheeled_robot_matched_adversarial_identity,368,wheeled_robot,matched_adversarial_identity,0.9166666666666666,0.08333333333333333,0.6000000000000001,10,1
6cfc23006526029e,cias_full,369_drone_matched_adversarial_identity,369,drone,matched_adversarial_identity,0.625,0.09722222222222222,0.7000000000000001,20,1
6cfc23006526029e,cias_full,369_ground_creature_matched_adversarial_identity,369,ground_creature,matched_adversarial_identity,1.0,0.0,0.0,2,1
6cfc23006526029e,cias_full,369_virtual_avatar_matched_adversarial_identity,369,virtual_avatar,matched_adversarial_identity,1.0,0.0,0.0,4,1
6cfc23006526029e,cias_full,369_wheeled_robot_matched_adversarial_identity,369,wheeled_robot,matched_adversarial_identity,1.0,0.0,0.0,4,1
6cfc23006526029e,cias_full,370_drone_matched_adversarial_identity,370,drone,matched_adversarial_identity,0.6388888888888888,0.09722222222222222,0.7000000000000001,22,1
6cfc23006526029e,cias_full,370_ground_creature_matched_adversarial_identity,370,ground_creature,matched_adversarial_identity,1.0,0.0,0.0,4,1
6cfc23006526029e,cias_full,370_virtual_avatar_matched_adversarial_identity,370,virtual_avatar,matched_adversarial_identity,1.0,0.0,0.0,4,1
6cfc23006526029e,cias_full,370_wheeled_robot_matched_adversarial_identity,370,wheeled_robot,matched_adversarial_identity,1.0,0.0,0.0,4,1
6cfc23006526029e,cias_full,371_drone_matched_adversarial_identity,371,drone,matched_adversarial_identity,0.7222222222222222,0.0,0.0,12,1
6cfc23006526029e,cias_full,371_ground_creature_matched_adversarial_identity,371,ground_creature,matched_adversarial_identity,1.0,0.0,0.0,2,1
6cfc23006526029e,cias_full,371_virtual_avatar_matched_adversarial_identity,371,virtual_avatar,matched_adversarial_identity,1.0,0.0,0.0,4,1
6cfc23006526029e,cias_full,371_wheeled_robot_matched_adversarial_identity,371,wheeled_robot,matched_adversarial_identity,0.9444444444444444,0.05555555555555555,0.4,8,1
6cfc23006526029e,cias_full,372_drone_matched_adversarial_identity,372,drone,matched_adversarial_identity,1.0,0.0,0.0,10,1
6cfc23006526029e,cias_full,372_ground_creature_matched_adversarial_identity,372,ground_creature,matched_adversarial_identity,1.0,0.0,0.0,4,1
6cfc23006526029e,cias_full,372_virtual_avatar_matched_adversarial_identity,372,virtual_avatar,matched_adversarial_identity,1.0,0.0,0.0,4,1
6cfc23006526029e,cias_full,372_wheeled_robot_matched_adversarial_identity,372,wheeled_robot,matched_adversarial_identity,1.0,0.0,0.0,4,1
6cfc23006526029e,cias_full,373_drone_matched_adversarial_identity,373,drone,matched_adversarial_identity,0.6666666666666666,0.06944444444444445,0.5,22,1
6cfc23006526029e,cias_full,373_ground_creature_matched_adversarial_identity,373,ground_creature,matched_adversarial_identity,1.0,0.0,0.0,4,1
6cfc23006526029e,cias_full,373_virtual_avatar_matched_adversarial_identity,373,virtual_avatar,matched_adversarial_identity,1.0,0.0,0.0,4,1
6cfc23006526029e,cias_full,373_wheeled_robot_matched_adversarial_identity,373,wheeled_robot,matched_adversarial_identity,1.0,0.0,0.0,4,1
6cfc23006526029e,cias_full,374_drone_matched_adversarial_identity,374,drone,matched_adversarial_identity,0.75,0.0,0.0,22,1
6cfc23006526029e,cias_full,374_ground_creature_matched_adversarial_identity,374,ground_creature,matched_adversarial_identity,1.0,0.0,0.0,4,1
6cfc23006526029e,cias_full,374_virtual_avatar_matched_adversarial_identity,374,virtual_avatar,matched_adversarial_identity,1.0,0.0,0.0,4,1
6cfc23006526029e,cias_full,374_wheeled_robot_matched_adversarial_identity,374,wheeled_robot,matched_adversarial_identity,0.9166666666666666,0.08333333333333333,0.6000000000000001,8,1
6cfc23006526029e,cias_full,375_drone_matched_adversarial_identity,375,drone,matched_adversarial_identity,0.5277777777777778,0.19444444444444445,1.5,16,1
6cfc23006526029e,cias_full,375_ground_creature_matched_adversarial_identity,375,ground_creature,matched_adversarial_identity,1.0,0.0,0.0,4,1
6cfc23006526029e,cias_full,375_virtual_avatar_matched_adversarial_identity,375,virtual_avatar,matched_adversarial_identity,1.0,0.0,0.0,4,1
6cfc23006526029e,cias_full,375_wheeled_robot_matched_adversarial_identity,375,wheeled_robot,matched_adversarial_identity,0.9305555555555556,0.06944444444444445,0.5,8,1
6cfc23006526029e,cias_full,376_drone_matched_adversarial_identity,376,drone,matched_adversarial_identity,0.6527777777777778,0.06944444444444445,0.5,18,1
6cfc23006526029e,cias_full,376_ground_creature_matched_adversarial_identity,376,ground_creature,matched_adversarial_identity,1.0,0.0,0.0,4,1
6cfc23006526029e,cias_full,376_virtual_avatar_matched_adversarial_identity,376,virtual_avatar,matched_adversarial_identity,1.0,0.0,0.0,4,1
6cfc23006526029e,cias_full,376_wheeled_robot_matched_adversarial_identity,376,wheeled_robot,matched_adversarial_identity,0.9305555555555556,0.06944444444444445,0.5,10,1
6cfc23006526029e,cias_full,377_drone_matched_adversarial_identity,377,drone,matched_adversarial_identity,0.6388888888888888,0.09722222222222222,0.7000000000000001,20,1
6cfc23006526029e,cias_full,377_ground_creature_matched_adversarial_identity,377,ground_creature,matched_adversarial_identity,1.0,0.0,0.0,4,1
6cfc23006526029e,cias_full,377_virtual_avatar_matched_adversarial_identity,377,virtual_avatar,matched_adversarial_identity,1.0,0.0,0.0,4,1
6cfc23006526029e,cias_full,377_wheeled_robot_matched_adversarial_identity,377,wheeled_robot,matched_adversarial_identity,1.0,0.0,0.0,4,1
6cfc23006526029e,cias_full,378_drone_matched_adversarial_identity,378,drone,matched_adversarial_identity,0.6388888888888888,0.09722222222222222,0.7000000000000001,14,1
6cfc23006526029e,cias_full,378_ground_creature_matched_adversarial_identity,378,ground_creature,matched_adversarial_identity,1.0,0.0,0.0,4,1
6cfc23006526029e,cias_full,378_virtual_avatar_matched_adversarial_identity,378,virtual_avatar,matched_adversarial_identity,1.0,0.0,0.0,4,1
6cfc23006526029e,cias_full,378_wheeled_robot_matched_adversarial_identity,378,wheeled_robot,matched_adversarial_identity,1.0,0.0,0.0,4,1
6cfc23006526029e,cias_full,379_drone_matched_adversarial_identity,379,drone,matched_adversarial_identity,1.0,0.0,0.0,22,1
6cfc23006526029e,cias_full,379_ground_creature_matched_adversarial_identity,379,ground_creature,matched_adversarial_identity,1.0,0.0,0.0,4,1
6cfc23006526029e,cias_full,379_virtual_avatar_matched_adversarial_identity,379,virtual_avatar,matched_adversarial_identity,1.0,0.0,0.0,4,1
6cfc23006526029e,cias_full,379_wheeled_robot_matched_adversarial_identity,379,wheeled_robot,matched_adversarial_identity,1.0,0.0,0.0,4,1
6cfc23006526029e,cias_full,380_drone_matched_adversarial_identity,380,drone,matched_adversarial_identity,0.6805555555555556,0.06944444444444445,0.5,14,1
6cfc23006526029e,cias_full,380_ground_creature_matched_adversarial_identity,380,ground_creature,matched_adversarial_identity,1.0,0.0,0.0,4,1
6cfc23006526029e,cias_full,380_virtual_avatar_matched_adversarial_identity,380,virtual_avatar,matched_adversarial_identity,1.0,0.0,0.0,4,1
6cfc23006526029e,cias_full,380_wheeled_robot_matched_adversarial_identity,380,wheeled_robot,matched_adversarial_identity,1.0,0.0,0.0,4,1
6cfc23006526029e,cias_full,381_drone_matched_adversarial_identity,381,drone,matched_adversarial_identity,1.0,0.0,0.0,10,1
6cfc23006526029e,cias_full,381_ground_creature_matched_adversarial_identity,381,ground_creature,matched_adversarial_identity,1.0,0.0,0.0,4,1
6cfc23006526029e,cias_full,381_virtual_avatar_matched_adversarial_identity,381,virtual_avatar,matched_adversarial_identity,1.0,0.0,0.0,4,1
6cfc23006526029e,cias_full,381_wheeled_robot_matched_adversarial_identity,381,wheeled_robot,matched_adversarial_identity,1.0,0.0,0.0,6,1
6cfc23006526029e,cias_full,382_drone_matched_adversarial_identity,382,drone,matched_adversarial_identity,1.0,0.0,0.0,16,1
6cfc23006526029e,cias_full,382_ground_creature_matched_adversarial_identity,382,ground_creature,matched_adversarial_identity,1.0,0.0,0.0,4,1
6cfc23006526029e,cias_full,382_virtual_avatar_matched_adversarial_identity,382,virtual_avatar,matched_adversarial_identity,1.0,0.0,0.0,4,1
6cfc23006526029e,cias_full,382_wheeled_robot_matched_adversarial_identity,382,wheeled_robot,matched_adversarial_identity,1.0,0.0,0.0,6,1
6cfc23006526029e,cias_full,383_drone_matched_adversarial_identity,383,drone,matched_adversarial_identity,0.9027777777777778,0.09722222222222222,0.7000000000000001,10,1
6cfc23006526029e,cias_full,383_ground_creature_matched_adversarial_identity,383,ground_creature,matched_adversarial_identity,1.0,0.0,0.0,4,1
6cfc23006526029e,cias_full,383_virtual_avatar_matched_adversarial_identity,383,virtual_avatar,matched_adversarial_identity,1.0,0.0,0.0,4,1
6cfc23006526029e,cias_full,383_wheeled_robot_matched_adversarial_identity,383,wheeled_robot,matched_adversarial_identity,1.0,0.0,0.0,4,1
6cfc23006526029e,cias_full,384_drone_matched_adversarial_identity,384,drone,matched_adversarial_identity,1.0,0.0,0.0,8,1
6cfc23006526029e,cias_full,384_ground_creature_matched_adversarial_identity,384,ground_creature,matched_adversarial_identity,1.0,0.0,0.0,4,1
6cfc23006526029e,cias_full,384_virtual_avatar_matched_adversarial_identity,384,virtual_avatar,matched_adversarial_identity,1.0,0.0,0.0,2,1
6cfc23006526029e,cias_full,384_wheeled_robot_matched_adversarial_identity,384,wheeled_robot,matched_adversarial_identity,1.0,0.0,0.0,4,1
6cfc23006526029e,cias_full,385_drone_matched_adversarial_identity,385,drone,matched_adversarial_identity,0.9027777777777778,0.09722222222222222,0.7000000000000001,10,1
6cfc23006526029e,cias_full,385_ground_creature_matched_adversarial_identity,385,ground_creature,matched_adversarial_identity,1.0,0.0,0.0,4,1
6cfc23006526029e,cias_full,385_virtual_avatar_matched_adversarial_identity,385,virtual_avatar,matched_adversarial_identity,1.0,0.0,0.0,4,1
6cfc23006526029e,cias_full,385_wheeled_robot_matched_adversarial_identity,385,wheeled_robot,matched_adversarial_identity,1.0,0.0,0.0,4,1
6cfc23006526029e,cias_full,386_drone_matched_adversarial_identity,386,drone,matched_adversarial_identity,0.9305555555555556,0.06944444444444445,0.5,14,1
6cfc23006526029e,cias_full,386_ground_creature_matched_adversarial_identity,386,ground_creature,matched_adversarial_identity,1.0,0.0,0.0,4,1
6cfc23006526029e,cias_full,386_virtual_avatar_matched_adversarial_identity,386,virtual_avatar,matched_adversarial_identity,1.0,0.0,0.0,4,1
6cfc23006526029e,cias_full,386_wheeled_robot_matched_adversarial_identity,386,wheeled_robot,matched_adversarial_identity,1.0,0.0,0.0,4,1
6cfc23006526029e,cias_full,387_drone_matched_adversarial_identity,387,drone,matched_adversarial_identity,1.0,0.0,0.0,14,1
6cfc23006526029e,cias_full,387_ground_creature_matched_adversarial_identity,387,ground_creature,matched_adversarial_identity,1.0,0.0,0.0,4,1
6cfc23006526029e,cias_full,387_virtual_avatar_matched_adversarial_identity,387,virtual_avatar,matched_adversarial_identity,1.0,0.0,0.0,4,1
6cfc23006526029e,cias_full,387_wheeled_robot_matched_adversarial_identity,387,wheeled_robot,matched_adversarial_identity,1.0,0.0,0.0,4,1
6cfc23006526029e,cias_full,388_drone_matched_adversarial_identity,388,drone,matched_adversarial_identity,0.75,0.0,0.0,22,1
6cfc23006526029e,cias_full,388_ground_creature_matched_adversarial_identity,388,ground_creature,matched_adversarial_identity,1.0,0.0,0.0,4,1
6cfc23006526029e,cias_full,388_virtual_avatar_matched_adversarial_identity,388,virtual_avatar,matched_adversarial_identity,1.0,0.0,0.0,4,1
6cfc23006526029e,cias_full,388_wheeled_robot_matched_adversarial_identity,388,wheeled_robot,matched_adversarial_identity,1.0,0.0,0.0,4,1
6cfc23006526029e,cias_full,389_drone_matched_adversarial_identity,389,drone,matched_adversarial_identity,0.7361111111111112,0.0,0.0,16,1
6cfc23006526029e,cias_full,389_ground_creature_matched_adversarial_identity,389,ground_creature,matched_adversarial_identity,1.0,0.0,0.0,4,1
6cfc23006526029e,cias_full,389_virtual_avatar_matched_adversarial_identity,389,virtual_avatar,matched_adversarial_identity,1.0,0.0,0.0,4,1
6cfc23006526029e,cias_full,389_wheeled_robot_matched_adversarial_identity,389,wheeled_robot,matched_adversarial_identity,1.0,0.0,0.0,4,1
6cfc23006526029e,cias_full,390_drone_matched_adversarial_identity,390,drone,matched_adversarial_identity,1.0,0.0,0.0,4,1
6cfc23006526029e,cias_full,390_ground_creature_matched_adversarial_identity,390,ground_creature,matched_adversarial_identity,1.0,0.0,0.0,4,1
6cfc23006526029e,cias_full,390_virtual_avatar_matched_adversarial_identity,390,virtual_avatar,matched_adversarial_identity,1.0,0.0,0.0,4,1
6cfc23006526029e,cias_full,390_wheeled_robot_matched_adversarial_identity,390,wheeled_robot,matched_adversarial_identity,1.0,0.0,0.0,4,1
6cfc23006526029e,cias_no_persistent_self,361_drone_matched_adversarial_identity,361,drone,matched_adversarial_identity,0.0,0.6666666666666666,,4,0
6cfc23006526029e,cias_no_persistent_self,361_ground_creature_matched_adversarial_identity,361,ground_creature,matched_adversarial_identity,0.0,0.6666666666666666,,4,0
6cfc23006526029e,cias_no_persistent_self,361_virtual_avatar_matched_adversarial_identity,361,virtual_avatar,matched_adversarial_identity,0.0,0.6666666666666666,,4,0
6cfc23006526029e,cias_no_persistent_self,361_wheeled_robot_matched_adversarial_identity,361,wheeled_robot,matched_adversarial_identity,0.0,0.6666666666666666,,4,0
6cfc23006526029e,cias_no_persistent_self,362_drone_matched_adversarial_identity,362,drone,matched_adversarial_identity,0.0,0.6666666666666666,,4,0
6cfc23006526029e,cias_no_persistent_self,362_ground_creature_matched_adversarial_identity,362,ground_creature,matched_adversarial_identity,0.0,0.6666666666666666,,4,0
6cfc23006526029e,cias_no_persistent_self,362_virtual_avatar_matched_adversarial_identity,362,virtual_avatar,matched_adversarial_identity,0.0,0.6666666666666666,,4,0
6cfc23006526029e,cias_no_persistent_self,362_wheeled_robot_matched_adversarial_identity,362,wheeled_robot,matched_adversarial_identity,0.0,0.6666666666666666,,4,0
6cfc23006526029e,cias_no_persistent_self,363_drone_matched_adversarial_identity,363,drone,matched_adversarial_identity,0.0,0.6666666666666666,,4,0
6cfc23006526029e,cias_no_persistent_self,363_ground_creature_matched_adversarial_identity,363,ground_creature,matched_adversarial_identity,0.0,0.6666666666666666,,4,0
6cfc23006526029e,cias_no_persistent_self,363_virtual_avatar_matched_adversarial_identity,363,virtual_avatar,matched_adversarial_identity,0.0,0.6666666666666666,,4,0
6cfc23006526029e,cias_no_persistent_self,363_wheeled_robot_matched_adversarial_identity,363,wheeled_robot,matched_adversarial_identity,0.0,0.6666666666666666,,4,0
6cfc23006526029e,cias_no_persistent_self,364_drone_matched_adversarial_identity,364,drone,matched_adversarial_identity,0.0,0.6666666666666666,,4,0
6cfc23006526029e,cias_no_persistent_self,364_ground_creature_matched_adversarial_identity,364,ground_creature,matched_adversarial_identity,0.0,0.6666666666666666,,4,0
6cfc23006526029e,cias_no_persistent_self,364_virtual_avatar_matched_adversarial_identity,364,virtual_avatar,matched_adversarial_identity,0.0,0.6666666666666666,,4,0
6cfc23006526029e,cias_no_persistent_self,364_wheeled_robot_matched_adversarial_identity,364,wheeled_robot,matched_adversarial_identity,0.0,0.6666666666666666,,4,0
6cfc23006526029e,cias_no_persistent_self,365_drone_matched_adversarial_identity,365,drone,matched_adversarial_identity,0.0,0.6666666666666666,,4,0
6cfc23006526029e,cias_no_persistent_self,365_ground_creature_matched_adversarial_identity,365,ground_creature,matched_adversarial_identity,0.0,0.6666666666666666,,4,0
6cfc23006526029e,cias_no_persistent_self,365_virtual_avatar_matched_adversarial_identity,365,virtual_avatar,matched_adversarial_identity,0.0,0.6666666666666666,,4,0
6cfc23006526029e,cias_no_persistent_self,365_wheeled_robot_matched_adversarial_identity,365,wheeled_robot,matched_adversarial_identity,0.0,0.6666666666666666,,4,0
6cfc23006526029e,cias_no_persistent_self,366_drone_matched_adversarial_identity,366,drone,matched_adversarial_identity,0.0,0.6666666666666666,,4,0
6cfc23006526029e,cias_no_persistent_self,366_ground_creature_matched_adversarial_identity,366,ground_creature,matched_adversarial_identity,0.0,0.6666666666666666,,4,0
6cfc23006526029e,cias_no_persistent_self,366_virtual_avatar_matched_adversarial_identity,366,virtual_avatar,matched_adversarial_identity,1.0,0.0,0.0,3,1
6cfc23006526029e,cias_no_persistent_self,366_wheeled_robot_matched_adversarial_identity,366,wheeled_robot,matched_adversarial_identity,0.0,0.6666666666666666,,4,0
6cfc23006526029e,cias_no_persistent_self,367_drone_matched_adversarial_identity,367,drone,matched_adversarial_identity,0.0,0.6666666666666666,,4,0
6cfc23006526029e,cias_no_persistent_self,367_ground_creature_matched_adversarial_identity,367,ground_creature,matched_adversarial_identity,0.0,0.6666666666666666,,4,0
6cfc23006526029e,cias_no_persistent_self,367_virtual_avatar_matched_adversarial_identity,367,virtual_avatar,matched_adversarial_identity,1.0,0.0,0.0,3,1
6cfc23006526029e,cias_no_persistent_self,367_wheeled_robot_matched_adversarial_identity,367,wheeled_robot,matched_adversarial_identity,0.0,0.6666666666666666,,4,0
6cfc23006526029e,cias_no_persistent_self,368_drone_matched_adversarial_identity,368,drone,matched_adversarial_identity,0.0,0.6666666666666666,,4,0
6cfc23006526029e,cias_no_persistent_self,368_ground_creature_matched_adversarial_identity,368,ground_creature,matched_adversarial_identity,1.0,0.0,0.0,3,1
6cfc23006526029e,cias_no_persistent_self,368_virtual_avatar_matched_adversarial_identity,368,virtual_avatar,matched_adversarial_identity,1.0,0.0,0.0,3,1
6cfc23006526029e,cias_no_persistent_self,368_wheeled_robot_matched_adversarial_identity,368,wheeled_robot,matched_adversarial_identity,1.0,0.0,0.0,3,1
6cfc23006526029e,cias_no_persistent_self,369_drone_matched_adversarial_identity,369,drone,matched_adversarial_identity,0.0,0.6666666666666666,,4,0
6cfc23006526029e,cias_no_persistent_self,369_ground_creature_matched_adversarial_identity,369,ground_creature,matched_adversarial_identity,0.0,0.6666666666666666,,4,0
6cfc23006526029e,cias_no_persistent_self,369_virtual_avatar_matched_adversarial_identity,369,virtual_avatar,matched_adversarial_identity,1.0,0.0,0.0,3,1
6cfc23006526029e,cias_no_persistent_self,369_wheeled_robot_matched_adversarial_identity,369,wheeled_robot,matched_adversarial_identity,0.0,0.6666666666666666,,4,0
6cfc23006526029e,cias_no_persistent_self,370_drone_matched_adversarial_identity,370,drone,matched_adversarial_identity,0.0,0.6666666666666666,,4,0
6cfc23006526029e,cias_no_persistent_self,370_ground_creature_matched_adversarial_identity,370,ground_creature,matched_adversarial_identity,0.0,0.6666666666666666,,4,0
6cfc23006526029e,cias_no_persistent_self,370_virtual_avatar_matched_adversarial_identity,370,virtual_avatar,matched_adversarial_identity,1.0,0.0,0.0,3,1
6cfc23006526029e,cias_no_persistent_self,370_wheeled_robot_matched_adversarial_identity,370,wheeled_robot,matched_adversarial_identity,0.0,0.6666666666666666,,4,0
6cfc23006526029e,cias_no_persistent_self,371_drone_matched_adversarial_identity,371,drone,matched_adversarial_identity,0.0,0.6666666666666666,,4,0
6cfc23006526029e,cias_no_persistent_self,371_ground_creature_matched_adversarial_identity,371,ground_creature,matched_adversarial_identity,1.0,0.0,0.0,3,1
6cfc23006526029e,cias_no_persistent_self,371_virtual_avatar_matched_adversarial_identity,371,virtual_avatar,matched_adversarial_identity,1.0,0.0,0.0,3,1
6cfc23006526029e,cias_no_persistent_self,371_wheeled_robot_matched_adversarial_identity,371,wheeled_robot,matched_adversarial_identity,1.0,0.0,0.0,3,1
6cfc23006526029e,cias_no_persistent_self,372_drone_matched_adversarial_identity,372,drone,matched_adversarial_identity,0.0,0.6666666666666666,,4,0
6cfc23006526029e,cias_no_persistent_self,372_ground_creature_matched_adversarial_identity,372,ground_creature,matched_adversarial_identity,0.0,0.6666666666666666,,4,0
6cfc23006526029e,cias_no_persistent_self,372_virtual_avatar_matched_adversarial_identity,372,virtual_avatar,matched_adversarial_identity,1.0,0.0,0.0,3,1
6cfc23006526029e,cias_no_persistent_self,372_wheeled_robot_matched_adversarial_identity,372,wheeled_robot,matched_adversarial_identity,0.0,0.6666666666666666,,4,0
6cfc23006526029e,cias_no_persistent_self,373_drone_matched_adversarial_identity,373,drone,matched_adversarial_identity,0.0,0.6666666666666666,,4,0
6cfc23006526029e,cias_no_persistent_self,373_ground_creature_matched_adversarial_identity,373,ground_creature,matched_adversarial_identity,1.0,0.0,0.0,3,1
6cfc23006526029e,cias_no_persistent_self,373_virtual_avatar_matched_adversarial_identity,373,virtual_avatar,matched_adversarial_identity,1.0,0.0,0.0,3,1
6cfc23006526029e,cias_no_persistent_self,373_wheeled_robot_matched_adversarial_identity,373,wheeled_robot,matched_adversarial_identity,0.0,0.6666666666666666,,4,0
6cfc23006526029e,cias_no_persistent_self,374_drone_matched_adversarial_identity,374,drone,matched_adversarial_identity,0.0,0.6666666666666666,,4,0
6cfc23006526029e,cias_no_persistent_self,374_ground_creature_matched_adversarial_identity,374,ground_creature,matched_adversarial_identity,0.0,0.6666666666666666,,4,0
6cfc23006526029e,cias_no_persistent_self,374_virtual_avatar_matched_adversarial_identity,374,virtual_avatar,matched_adversarial_identity,1.0,0.0,0.0,3,1
6cfc23006526029e,cias_no_persistent_self,374_wheeled_robot_matched_adversarial_identity,374,wheeled_robot,matched_adversarial_identity,0.0,0.6666666666666666,,4,0
6cfc23006526029e,cias_no_persistent_self,375_drone_matched_adversarial_identity,375,drone,matched_adversarial_identity,0.0,0.6666666666666666,,4,0
6cfc23006526029e,cias_no_persistent_self,375_ground_creature_matched_adversarial_identity,375,ground_creature,matched_adversarial_identity,0.0,0.6666666666666666,,4,0
6cfc23006526029e,cias_no_persistent_self,375_virtual_avatar_matched_adversarial_identity,375,virtual_avatar,matched_adversarial_identity,0.0,0.6666666666666666,,4,0
6cfc23006526029e,cias_no_persistent_self,375_wheeled_robot_matched_adversarial_identity,375,wheeled_robot,matched_adversarial_identity,0.0,0.6666666666666666,,4,0
6cfc23006526029e,cias_no_persistent_self,376_drone_matched_adversarial_identity,376,drone,matched_adversarial_identity,0.0,0.6666666666666666,,4,0
6cfc23006526029e,cias_no_persistent_self,376_ground_creature_matched_adversarial_identity,376,ground_creature,matched_adversarial_identity,0.0,0.6666666666666666,,4,0
6cfc23006526029e,cias_no_persistent_self,376_virtual_avatar_matched_adversarial_identity,376,virtual_avatar,matched_adversarial_identity,0.0,0.6666666666666666,,4,0
6cfc23006526029e,cias_no_persistent_self,376_wheeled_robot_matched_adversarial_identity,376,wheeled_robot,matched_adversarial_identity,0.0,0.6666666666666666,,4,0
6cfc23006526029e,cias_no_persistent_self,377_drone_matched_adversarial_identity,377,drone,matched_adversarial_identity,0.0,0.6666666666666666,,4,0
6cfc23006526029e,cias_no_persistent_self,377_ground_creature_matched_adversarial_identity,377,ground_creature,matched_adversarial_identity,0.0,0.6666666666666666,,4,0
6cfc23006526029e,cias_no_persistent_self,377_virtual_avatar_matched_adversarial_identity,377,virtual_avatar,matched_adversarial_identity,0.0,0.6666666666666666,,4,0
6cfc23006526029e,cias_no_persistent_self,377_wheeled_robot_matched_adversarial_identity,377,wheeled_robot,matched_adversarial_identity,0.0,0.6666666666666666,,4,0
6cfc23006526029e,cias_no_persistent_self,378_drone_matched_adversarial_identity,378,drone,matched_adversarial_identity,0.0,0.6666666666666666,,4,0
6cfc23006526029e,cias_no_persistent_self,378_ground_creature_matched_adversarial_identity,378,ground_creature,matched_adversarial_identity,0.0,0.6666666666666666,,4,0
6cfc23006526029e,cias_no_persistent_self,378_virtual_avatar_matched_adversarial_identity,378,virtual_avatar,matched_adversarial_identity,0.0,0.6666666666666666,,4,0
6cfc23006526029e,cias_no_persistent_self,378_wheeled_robot_matched_adversarial_identity,378,wheeled_robot,matched_adversarial_identity,0.0,0.6666666666666666,,4,0
6cfc23006526029e,cias_no_persistent_self,379_drone_matched_adversarial_identity,379,drone,matched_adversarial_identity,0.0,0.6666666666666666,,4,0
6cfc23006526029e,cias_no_persistent_self,379_ground_creature_matched_adversarial_identity,379,ground_creature,matched_adversarial_identity,0.0,0.6666666666666666,,4,0
6cfc23006526029e,cias_no_persistent_self,379_virtual_avatar_matched_adversarial_identity,379,virtual_avatar,matched_adversarial_identity,0.0,0.6666666666666666,,4,0
6cfc23006526029e,cias_no_persistent_self,379_wheeled_robot_matched_adversarial_identity,379,wheeled_robot,matched_adversarial_identity,0.0,0.6666666666666666,,4,0
6cfc23006526029e,cias_no_persistent_self,380_drone_matched_adversarial_identity,380,drone,matched_adversarial_identity,0.0,0.6666666666666666,,4,0
6cfc23006526029e,cias_no_persistent_self,380_ground_creature_matched_adversarial_identity,380,ground_creature,matched_adversarial_identity,0.0,0.6666666666666666,,4,0
6cfc23006526029e,cias_no_persistent_self,380_virtual_avatar_matched_adversarial_identity,380,virtual_avatar,matched_adversarial_identity,0.0,0.6666666666666666,,4,0
6cfc23006526029e,cias_no_persistent_self,380_wheeled_robot_matched_adversarial_identity,380,wheeled_robot,matched_adversarial_identity,0.0,0.6666666666666666,,4,0
6cfc23006526029e,cias_no_persistent_self,381_drone_matched_adversarial_identity,381,drone,matched_adversarial_identity,0.0,0.6666666666666666,,4,0
6cfc23006526029e,cias_no_persistent_self,381_ground_creature_matched_adversarial_identity,381,ground_creature,matched_adversarial_identity,0.0,0.6666666666666666,,4,0
6cfc23006526029e,cias_no_persistent_self,381_virtual_avatar_matched_adversarial_identity,381,virtual_avatar,matched_adversarial_identity,0.0,0.6666666666666666,,4,0
6cfc23006526029e,cias_no_persistent_self,381_wheeled_robot_matched_adversarial_identity,381,wheeled_robot,matched_adversarial_identity,0.0,0.6666666666666666,,4,0
6cfc23006526029e,cias_no_persistent_self,382_drone_matched_adversarial_identity,382,drone,matched_adversarial_identity,0.0,0.6666666666666666,,4,0
6cfc23006526029e,cias_no_persistent_self,382_ground_creature_matched_adversarial_identity,382,ground_creature,matched_adversarial_identity,0.0,0.6666666666666666,,4,0
6cfc23006526029e,cias_no_persistent_self,382_virtual_avatar_matched_adversarial_identity,382,virtual_avatar,matched_adversarial_identity,0.0,0.6666666666666666,,4,0
6cfc23006526029e,cias_no_persistent_self,382_wheeled_robot_matched_adversarial_identity,382,wheeled_robot,matched_adversarial_identity,0.0,0.6666666666666666,,4,0
6cfc23006526029e,cias_no_persistent_self,383_drone_matched_adversarial_identity,383,drone,matched_adversarial_identity,0.0,0.6666666666666666,,4,0
6cfc23006526029e,cias_no_persistent_self,383_ground_creature_matched_adversarial_identity,383,ground_creature,matched_adversarial_identity,0.0,0.6666666666666666,,4,0
6cfc23006526029e,cias_no_persistent_self,383_virtual_avatar_matched_adversarial_identity,383,virtual_avatar,matched_adversarial_identity,0.0,0.6666666666666666,,4,0
6cfc23006526029e,cias_no_persistent_self,383_wheeled_robot_matched_adversarial_identity,383,wheeled_robot,matched_adversarial_identity,0.0,0.6666666666666666,,4,0
6cfc23006526029e,cias_no_persistent_self,384_drone_matched_adversarial_identity,384,drone,matched_adversarial_identity,0.0,0.6666666666666666,,4,0
6cfc23006526029e,cias_no_persistent_self,384_ground_creature_matched_adversarial_identity,384,ground_creature,matched_adversarial_identity,0.0,0.6666666666666666,,4,0
6cfc23006526029e,cias_no_persistent_self,384_virtual_avatar_matched_adversarial_identity,384,virtual_avatar,matched_adversarial_identity,1.0,0.0,0.0,3,1
6cfc23006526029e,cias_no_persistent_self,384_wheeled_robot_matched_adversarial_identity,384,wheeled_robot,matched_adversarial_identity,0.0,0.6666666666666666,,4,0
6cfc23006526029e,cias_no_persistent_self,385_drone_matched_adversarial_identity,385,drone,matched_adversarial_identity,0.0,0.6666666666666666,,4,0
6cfc23006526029e,cias_no_persistent_self,385_ground_creature_matched_adversarial_identity,385,ground_creature,matched_adversarial_identity,0.0,0.6666666666666666,,4,0
6cfc23006526029e,cias_no_persistent_self,385_virtual_avatar_matched_adversarial_identity,385,virtual_avatar,matched_adversarial_identity,1.0,0.0,0.0,3,1
6cfc23006526029e,cias_no_persistent_self,385_wheeled_robot_matched_adversarial_identity,385,wheeled_robot,matched_adversarial_identity,0.0,0.6666666666666666,,4,0
6cfc23006526029e,cias_no_persistent_self,386_drone_matched_adversarial_identity,386,drone,matched_adversarial_identity,0.0,0.6666666666666666,,4,0
6cfc23006526029e,cias_no_persistent_self,386_ground_creature_matched_adversarial_identity,386,ground_creature,matched_adversarial_identity,0.0,0.6666666666666666,,4,0
6cfc23006526029e,cias_no_persistent_self,386_virtual_avatar_matched_adversarial_identity,386,virtual_avatar,matched_adversarial_identity,1.0,0.0,0.0,3,1
6cfc23006526029e,cias_no_persistent_self,386_wheeled_robot_matched_adversarial_identity,386,wheeled_robot,matched_adversarial_identity,0.0,0.6666666666666666,,4,0
6cfc23006526029e,cias_no_persistent_self,387_drone_matched_adversarial_identity,387,drone,matched_adversarial_identity,0.0,0.6666666666666666,,4,0
6cfc23006526029e,cias_no_persistent_self,387_ground_creature_matched_adversarial_identity,387,ground_creature,matched_adversarial_identity,0.0,0.6666666666666666,,4,0
6cfc23006526029e,cias_no_persistent_self,387_virtual_avatar_matched_adversarial_identity,387,virtual_avatar,matched_adversarial_identity,1.0,0.0,0.0,3,1
6cfc23006526029e,cias_no_persistent_self,387_wheeled_robot_matched_adversarial_identity,387,wheeled_robot,matched_adversarial_identity,0.0,0.6666666666666666,,4,0
6cfc23006526029e,cias_no_persistent_self,388_drone_matched_adversarial_identity,388,drone,matched_adversarial_identity,0.0,0.6666666666666666,,4,0
6cfc23006526029e,cias_no_persistent_self,388_ground_creature_matched_adversarial_identity,388,ground_creature,matched_adversarial_identity,0.0,0.6666666666666666,,4,0
6cfc23006526029e,cias_no_persistent_self,388_virtual_avatar_matched_adversarial_identity,388,virtual_avatar,matched_adversarial_identity,1.0,0.0,0.0,3,1
6cfc23006526029e,cias_no_persistent_self,388_wheeled_robot_matched_adversarial_identity,388,wheeled_robot,matched_adversarial_identity,0.0,0.6666666666666666,,4,0
6cfc23006526029e,cias_no_persistent_self,389_drone_matched_adversarial_identity,389,drone,matched_adversarial_identity,0.0,0.6666666666666666,,4,0
6cfc23006526029e,cias_no_persistent_self,389_ground_creature_matched_adversarial_identity,389,ground_creature,matched_adversarial_identity,1.0,0.0,0.0,3,1
6cfc23006526029e,cias_no_persistent_self,389_virtual_avatar_matched_adversarial_identity,389,virtual_avatar,matched_adversarial_identity,1.0,0.0,0.0,3,1
6cfc23006526029e,cias_no_persistent_self,389_wheeled_robot_matched_adversarial_identity,389,wheeled_robot,matched_adversarial_identity,0.0,0.6666666666666666,,4,0
6cfc23006526029e,cias_no_persistent_self,390_drone_matched_adversarial_identity,390,drone,matched_adversarial_identity,0.0,0.6666666666666666,,4,0
6cfc23006526029e,cias_no_persistent_self,390_ground_creature_matched_adversarial_identity,390,ground_creature,matched_adversarial_identity,0.0,0.6666666666666666,,4,0
6cfc23006526029e,cias_no_persistent_self,390_virtual_avatar_matched_adversarial_identity,390,virtual_avatar,matched_adversarial_identity,1.0,0.0,0.0,3,1
6cfc23006526029e,cias_no_persistent_self,390_wheeled_robot_matched_adversarial_identity,390,wheeled_robot,matched_adversarial_identity,0.0,0.6666666666666666,,4,0
791fedb7310df556,cias_full,361_drone_matched_adversarial_identity,361,drone,matched_adversarial_identity,0.9305555555555556,0.06944444444444445,0.5,8,1
791fedb7310df556,cias_full,361_ground_creature_matched_adversarial_identity,361,ground_creature,matched_adversarial_identity,1.0,0.0,0.0,4,1
791fedb7310df556,cias_full,361_virtual_avatar_matched_adversarial_identity,361,virtual_avatar,matched_adversarial_identity,1.0,0.0,0.0,4,1
791fedb7310df556,cias_full,361_wheeled_robot_matched_adversarial_identity,361,wheeled_robot,matched_adversarial_identity,1.0,0.0,0.0,4,1
791fedb7310df556,cias_full,362_drone_matched_adversarial_identity,362,drone,matched_adversarial_identity,0.6111111111111112,0.09722222222222222,0.7000000000000001,18,1
791fedb7310df556,cias_full,362_ground_creature_matched_adversarial_identity,362,ground_creature,matched_adversarial_identity,1.0,0.0,0.0,4,1
791fedb7310df556,cias_full,362_virtual_avatar_matched_adversarial_identity,362,virtual_avatar,matched_adversarial_identity,1.0,0.0,0.0,4,1
791fedb7310df556,cias_full,362_wheeled_robot_matched_adversarial_identity,362,wheeled_robot,matched_adversarial_identity,0.9305555555555556,0.06944444444444445,0.5,8,1
791fedb7310df556,cias_full,363_drone_matched_adversarial_identity,363,drone,matched_adversarial_identity,0.625,0.09722222222222222,0.7000000000000001,20,1
791fedb7310df556,cias_full,363_ground_creature_matched_adversarial_identity,363,ground_creature,matched_adversarial_identity,1.0,0.0,0.0,4,1
791fedb7310df556,cias_full,363_virtual_avatar_matched_adversarial_identity,363,virtual_avatar,matched_adversarial_identity,1.0,0.0,0.0,4,1
791fedb7310df556,cias_full,363_wheeled_robot_matched_adversarial_identity,363,wheeled_robot,matched_adversarial_identity,1.0,0.0,0.0,4,1
791fedb7310df556,cias_full,364_drone_matched_adversarial_identity,364,drone,matched_adversarial_identity,0.9027777777777778,0.09722222222222222,0.7000000000000001,14,1
791fedb7310df556,cias_full,364_ground_creature_matched_adversarial_identity,364,ground_creature,matched_adversarial_identity,1.0,0.0,0.0,4,1
791fedb7310df556,cias_full,364_virtual_avatar_matched_adversarial_identity,364,virtual_avatar,matched_adversarial_identity,1.0,0.0,0.0,2,1
791fedb7310df556,cias_full,364_wheeled_robot_matched_adversarial_identity,364,wheeled_robot,matched_adversarial_identity,1.0,0.0,0.0,4,1
791fedb7310df556,cias_full,365_drone_matched_adversarial_identity,365,drone,matched_adversarial_identity,0.125,0.5833333333333334,,30,1
791fedb7310df556,cias_full,365_ground_creature_matched_adversarial_identity,365,ground_creature,matched_adversarial_identity,1.0,0.0,0.0,4,1
791fedb7310df556,cias_full,365_virtual_avatar_matched_adversarial_identity,365,virtual_avatar,matched_adversarial_identity,1.0,0.0,0.0,4,1
791fedb7310df556,cias_full,365_wheeled_robot_matched_adversarial_identity,365,wheeled_robot,matched_adversarial_identity,0.9305555555555556,0.06944444444444445,0.5,8,1
791fedb7310df556,cias_full,366_drone_matched_adversarial_identity,366,drone,matched_adversarial_identity,0.6666666666666666,0.08333333333333333,0.6000000000000001,18,1
791fedb7310df556,cias_full,366_ground_creature_matched_adversarial_identity,366,ground_creature,matched_adversarial_identity,1.0,0.0,0.0,4,1
791fedb7310df556,cias_full,366_virtual_avatar_matched_adversarial_identity,366,virtual_avatar,matched_adversarial_identity,1.0,0.0,0.0,2,1
791fedb7310df556,cias_full,366_wheeled_robot_matched_adversarial_identity,366,wheeled_robot,matched_adversarial_identity,1.0,0.0,0.0,2,1
791fedb7310df556,cias_full,367_drone_matched_adversarial_identity,367,drone,matched_adversarial_identity,0.6111111111111112,0.09722222222222222,0.7000000000000001,18,1
791fedb7310df556,cias_full,367_ground_creature_matched_adversarial_identity,367,ground_creature,matched_adversarial_identity,1.0,0.0,0.0,4,1
791fedb7310df556,cias_full,367_virtual_avatar_matched_adversarial_identity,367,virtual_avatar,matched_adversarial_identity,1.0,0.0,0.0,4,1
791fedb7310df556,cias_full,367_wheeled_robot_matched_adversarial_identity,367,wheeled_robot,matched_adversarial_identity,0.9305555555555556,0.06944444444444445,0.5,8,1
791fedb7310df556,cias_full,368_drone_matched_adversarial_identity,368,drone,matched_adversarial_identity,0.7361111111111112,0.0,0.0,16,1
791fedb7310df556,cias_full,368_ground_creature_matched_adversarial_identity,368,ground_creature,matched_adversarial_identity,1.0,0.0,0.0,4,1
791fedb7310df556,cias_full,368_virtual_avatar_matched_adversarial_identity,368,virtual_avatar,matched_adversarial_identity,1.0,0.0,0.0,2,1
791fedb7310df556,cias_full,368_wheeled_robot_matched_adversarial_identity,368,wheeled_robot,matched_adversarial_identity,0.9166666666666666,0.08333333333333333,0.6000000000000001,10,1
791fedb7310df556,cias_full,369_drone_matched_adversarial_identity,369,drone,matched_adversarial_identity,0.625,0.09722222222222222,0.7000000000000001,20,1
791fedb7310df556,cias_full,369_ground_creature_matched_adversarial_identity,369,ground_creature,matched_adversarial_identity,1.0,0.0,0.0,2,1
791fedb7310df556,cias_full,369_virtual_avatar_matched_adversarial_identity,369,virtual_avatar,matched_adversarial_identity,1.0,0.0,0.0,2,1
791fedb7310df556,cias_full,369_wheeled_robot_matched_adversarial_identity,369,wheeled_robot,matched_adversarial_identity,0.9305555555555556,0.06944444444444445,0.5,8,1
791fedb7310df556,cias_full,370_drone_matched_adversarial_identity,370,drone,matched_adversarial_identity,0.6388888888888888,0.09722222222222222,0.7000000000000001,22,1
791fedb7310df556,cias_full,370_ground_creature_matched_adversarial_identity,370,ground_creature,matched_adversarial_identity,1.0,0.0,0.0,4,1
791fedb7310df556,cias_full,370_virtual_avatar_matched_adversarial_identity,370,virtual_avatar,matched_adversarial_identity,1.0,0.0,0.0,2,1
791fedb7310df556,cias_full,370_wheeled_robot_matched_adversarial_identity,370,wheeled_robot,matched_adversarial_identity,1.0,0.0,0.0,4,1
791fedb7310df556,cias_full,371_drone_matched_adversarial_identity,371,drone,matched_adversarial_identity,0.6111111111111112,0.1111111111111111,0.9,20,1
791fedb7310df556,cias_full,371_ground_creature_matched_adversarial_identity,371,ground_creature,matched_adversarial_identity,1.0,0.0,0.0,2,1
791fedb7310df556,cias_full,371_virtual_avatar_matched_adversarial_identity,371,virtual_avatar,matched_adversarial_identity,1.0,0.0,0.0,2,1
791fedb7310df556,cias_full,371_wheeled_robot_matched_adversarial_identity,371,wheeled_robot,matched_adversarial_identity,1.0,0.0,0.0,4,1
791fedb7310df556,cias_full,372_drone_matched_adversarial_identity,372,drone,matched_adversarial_identity,0.7222222222222222,0.0,0.0,18,1
791fedb7310df556,cias_full,372_ground_creature_matched_adversarial_identity,372,ground_creature,matched_adversarial_identity,1.0,0.0,0.0,2,1
791fedb7310df556,cias_full,372_virtual_avatar_matched_adversarial_identity,372,virtual_avatar,matched_adversarial_identity,1.0,0.0,0.0,2,1
791fedb7310df556,cias_full,372_wheeled_robot_matched_adversarial_identity,372,wheeled_robot,matched_adversarial_identity,1.0,0.0,0.0,4,1
791fedb7310df556,cias_full,373_drone_matched_adversarial_identity,373,drone,matched_adversarial_identity,0.6388888888888888,0.06944444444444445,0.5,22,1
791fedb7310df556,cias_full,373_ground_creature_matched_adversarial_identity,373,ground_creature,matched_adversarial_identity,1.0,0.0,0.0,4,1
791fedb7310df556,cias_full,373_virtual_avatar_matched_adversarial_identity,373,virtual_avatar,matched_adversarial_identity,1.0,0.0,0.0,2,1
791fedb7310df556,cias_full,373_wheeled_robot_matched_adversarial_identity,373,wheeled_robot,matched_adversarial_identity,0.9027777777777778,0.09722222222222222,0.7000000000000001,8,1
791fedb7310df556,cias_full,374_drone_matched_adversarial_identity,374,drone,matched_adversarial_identity,0.75,0.0,0.0,22,1
791fedb7310df556,cias_full,374_ground_creature_matched_adversarial_identity,374,ground_creature,matched_adversarial_identity,1.0,0.0,0.0,4,1
791fedb7310df556,cias_full,374_virtual_avatar_matched_adversarial_identity,374,virtual_avatar,matched_adversarial_identity,1.0,0.0,0.0,4,1
791fedb7310df556,cias_full,374_wheeled_robot_matched_adversarial_identity,374,wheeled_robot,matched_adversarial_identity,0.9166666666666666,0.08333333333333333,0.6000000000000001,8,1
791fedb7310df556,cias_full,375_drone_matched_adversarial_identity,375,drone,matched_adversarial_identity,0.5277777777777778,0.19444444444444445,1.5,18,1
791fedb7310df556,cias_full,375_ground_creature_matched_adversarial_identity,375,ground_creature,matched_adversarial_identity,0.9305555555555556,0.06944444444444445,0.5,8,1
791fedb7310df556,cias_full,375_virtual_avatar_matched_adversarial_identity,375,virtual_avatar,matched_adversarial_identity,1.0,0.0,0.0,4,1
791fedb7310df556,cias_full,375_wheeled_robot_matched_adversarial_identity,375,wheeled_robot,matched_adversarial_identity,0.7222222222222222,0.06944444444444445,0.5,14,1
791fedb7310df556,cias_full,376_drone_matched_adversarial_identity,376,drone,matched_adversarial_identity,0.6527777777777778,0.06944444444444445,0.5,18,1
791fedb7310df556,cias_full,376_ground_creature_matched_adversarial_identity,376,ground_creature,matched_adversarial_identity,1.0,0.0,0.0,4,1
791fedb7310df556,cias_full,376_virtual_avatar_matched_adversarial_identity,376,virtual_avatar,matched_adversarial_identity,1.0,0.0,0.0,4,1
791fedb7310df556,cias_full,376_wheeled_robot_matched_adversarial_identity,376,wheeled_robot,matched_adversarial_identity,0.9305555555555556,0.06944444444444445,0.5,10,1
791fedb7310df556,cias_full,377_drone_matched_adversarial_identity,377,drone,matched_adversarial_identity,0.6388888888888888,0.09722222222222222,0.7000000000000001,20,1
791fedb7310df556,cias_full,377_ground_creature_matched_adversarial_identity,377,ground_creature,matched_adversarial_identity,1.0,0.0,0.0,4,1
791fedb7310df556,cias_full,377_virtual_avatar_matched_adversarial_identity,377,virtual_avatar,matched_adversarial_identity,1.0,0.0,0.0,4,1
791fedb7310df556,cias_full,377_wheeled_robot_matched_adversarial_identity,377,wheeled_robot,matched_adversarial_identity,1.0,0.0,0.0,4,1
791fedb7310df556,cias_full,378_drone_matched_adversarial_identity,378,drone,matched_adversarial_identity,0.625,0.09722222222222222,0.7000000000000001,14,1
791fedb7310df556,cias_full,378_ground_creature_matched_adversarial_identity,378,ground_creature,matched_adversarial_identity,1.0,0.0,0.0,4,1
791fedb7310df556,cias_full,378_virtual_avatar_matched_adversarial_identity,378,virtual_avatar,matched_adversarial_identity,1.0,0.0,0.0,4,1
791fedb7310df556,cias_full,378_wheeled_robot_matched_adversarial_identity,378,wheeled_robot,matched_adversarial_identity,0.9305555555555556,0.06944444444444445,0.5,8,1
791fedb7310df556,cias_full,379_drone_matched_adversarial_identity,379,drone,matched_adversarial_identity,0.7083333333333334,0.0,0.0,28,1
791fedb7310df556,cias_full,379_ground_creature_matched_adversarial_identity,379,ground_creature,matched_adversarial_identity,1.0,0.0,0.0,4,1
791fedb7310df556,cias_full,379_virtual_avatar_matched_adversarial_identity,379,virtual_avatar,matched_adversarial_identity,1.0,0.0,0.0,4,1
791fedb7310df556,cias_full,379_wheeled_robot_matched_adversarial_identity,379,wheeled_robot,matched_adversarial_identity,1.0,0.0,0.0,4,1
791fedb7310df556,cias_full,380_drone_matched_adversarial_identity,380,drone,matched_adversarial_identity,0.6527777777777778,0.06944444444444445,0.5,14,1
791fedb7310df556,cias_full,380_ground_creature_matched_adversarial_identity,380,ground_creature,matched_adversarial_identity,1.0,0.0,0.0,4,1
791fedb7310df556,cias_full,380_virtual_avatar_matched_adversarial_identity,380,virtual_avatar,matched_adversarial_identity,1.0,0.0,0.0,4,1
791fedb7310df556,cias_full,380_wheeled_robot_matched_adversarial_identity,380,wheeled_robot,matched_adversarial_identity,1.0,0.0,0.0,4,1
791fedb7310df556,cias_full,381_drone_matched_adversarial_identity,381,drone,matched_adversarial_identity,0.6388888888888888,0.09722222222222222,0.7000000000000001,20,1
791fedb7310df556,cias_full,381_ground_creature_matched_adversarial_identity,381,ground_creature,matched_adversarial_identity,1.0,0.0,0.0,4,1
791fedb7310df556,cias_full,381_virtual_avatar_matched_adversarial_identity,381,virtual_avatar,matched_adversarial_identity,1.0,0.0,0.0,4,1
791fedb7310df556,cias_full,381_wheeled_robot_matched_adversarial_identity,381,wheeled_robot,matched_adversarial_identity,1.0,0.0,0.0,4,1
791fedb7310df556,cias_full,382_drone_matched_adversarial_identity,382,drone,matched_adversarial_identity,0.7361111111111112,0.0,0.0,22,1
791fedb7310df556,cias_full,382_ground_creature_matched_adversarial_identity,382,ground_creature,matched_adversarial_identity,1.0,0.0,0.0,4,1
791fedb7310df556,cias_full,382_virtual_avatar_matched_adversarial_identity,382,virtual_avatar,matched_adversarial_identity,1.0,0.0,0.0,4,1
791fedb7310df556,cias_full,382_wheeled_robot_matched_adversarial_identity,382,wheeled_robot,matched_adversarial_identity,1.0,0.0,0.0,4,1
791fedb7310df556,cias_full,383_drone_matched_adversarial_identity,383,drone,matched_adversarial_identity,0.75,0.0,0.0,14,1
791fedb7310df556,cias_full,383_ground_creature_matched_adversarial_identity,383,ground_creature,matched_adversarial_identity,1.0,0.0,0.0,4,1
791fedb7310df556,cias_full,383_virtual_avatar_matched_adversarial_identity,383,virtual_avatar,matched_adversarial_identity,1.0,0.0,0.0,4,1
791fedb7310df556,cias_full,383_wheeled_robot_matched_adversarial_identity,383,wheeled_robot,matched_adversarial_identity,1.0,0.0,0.0,4,1
791fedb7310df556,cias_full,384_drone_matched_adversarial_identity,384,drone,matched_adversarial_identity,0.75,0.0,0.0,16,1
791fedb7310df556,cias_full,384_ground_creature_matched_adversarial_identity,384,ground_creature,matched_adversarial_identity,1.0,0.0,0.0,4,1
791fedb7310df556,cias_full,384_virtual_avatar_matched_adversarial_identity,384,virtual_avatar,matched_adversarial_identity,1.0,0.0,0.0,2,1
791fedb7310df556,cias_full,384_wheeled_robot_matched_adversarial_identity,384,wheeled_robot,matched_adversarial_identity,1.0,0.0,0.0,4,1
791fedb7310df556,cias_full,385_drone_matched_adversarial_identity,385,drone,matched_adversarial_identity,0.7222222222222222,0.0,0.0,14,1
791fedb7310df556,cias_full,385_ground_creature_matched_adversarial_identity,385,ground_creature,matched_adversarial_identity,1.0,0.0,0.0,4,1
791fedb7310df556,cias_full,385_virtual_avatar_matched_adversarial_identity,385,virtual_avatar,matched_adversarial_identity,1.0,0.0,0.0,4,1
791fedb7310df556,cias_full,385_wheeled_robot_matched_adversarial_identity,385,wheeled_robot,matched_adversarial_identity,1.0,0.0,0.0,4,1
791fedb7310df556,cias_full,386_drone_matched_adversarial_identity,386,drone,matched_adversarial_identity,0.6805555555555556,0.06944444444444445,0.5,20,1
791fedb7310df556,cias_full,386_ground_creature_matched_adversarial_identity,386,ground_creature,matched_adversarial_identity,1.0,0.0,0.0,4,1
791fedb7310df556,cias_full,386_virtual_avatar_matched_adversarial_identity,386,virtual_avatar,matched_adversarial_identity,1.0,0.0,0.0,4,1
791fedb7310df556,cias_full,386_wheeled_robot_matched_adversarial_identity,386,wheeled_robot,matched_adversarial_identity,1.0,0.0,0.0,4,1
791fedb7310df556,cias_full,387_drone_matched_adversarial_identity,387,drone,matched_adversarial_identity,0.7083333333333334,0.0,0.0,20,1
791fedb7310df556,cias_full,387_ground_creature_matched_adversarial_identity,387,ground_creature,matched_adversarial_identity,1.0,0.0,0.0,4,1
791fedb7310df556,cias_full,387_virtual_avatar_matched_adversarial_identity,387,virtual_avatar,matched_adversarial_identity,1.0,0.0,0.0,4,1
791fedb7310df556,cias_full,387_wheeled_robot_matched_adversarial_identity,387,wheeled_robot,matched_adversarial_identity,1.0,0.0,0.0,4,1
791fedb7310df556,cias_full,388_drone_matched_adversarial_identity,388,drone,matched_adversarial_identity,0.75,0.0,0.0,22,1
791fedb7310df556,cias_full,388_ground_creature_matched_adversarial_identity,388,ground_creature,matched_adversarial_identity,1.0,0.0,0.0,4,1
791fedb7310df556,cias_full,388_virtual_avatar_matched_adversarial_identity,388,virtual_avatar,matched_adversarial_identity,1.0,0.0,0.0,4,1
791fedb7310df556,cias_full,388_wheeled_robot_matched_adversarial_identity,388,wheeled_robot,matched_adversarial_identity,1.0,0.0,0.0,4,1
791fedb7310df556,cias_full,389_drone_matched_adversarial_identity,389,drone,matched_adversarial_identity,0.7361111111111112,0.0,0.0,16,1
791fedb7310df556,cias_full,389_ground_creature_matched_adversarial_identity,389,ground_creature,matched_adversarial_identity,1.0,0.0,0.0,4,1
791fedb7310df556,cias_full,389_virtual_avatar_matched_adversarial_identity,389,virtual_avatar,matched_adversarial_identity,1.0,0.0,0.0,4,1
791fedb7310df556,cias_full,389_wheeled_robot_matched_adversarial_identity,389,wheeled_robot,matched_adversarial_identity,1.0,0.0,0.0,4,1
791fedb7310df556,cias_full,390_drone_matched_adversarial_identity,390,drone,matched_adversarial_identity,0.6388888888888888,0.06944444444444445,0.5,14,1
791fedb7310df556,cias_full,390_ground_creature_matched_adversarial_identity,390,ground_creature,matched_adversarial_identity,1.0,0.0,0.0,4,1
791fedb7310df556,cias_full,390_virtual_avatar_matched_adversarial_identity,390,virtual_avatar,matched_adversarial_identity,1.0,0.0,0.0,4,1
791fedb7310df556,cias_full,390_wheeled_robot_matched_adversarial_identity,390,wheeled_robot,matched_adversarial_identity,1.0,0.0,0.0,4,1
791fedb7310df556,cias_no_persistent_self,361_drone_matched_adversarial_identity,361,drone,matched_adversarial_identity,0.0,0.6666666666666666,,4,0
791fedb7310df556,cias_no_persistent_self,361_ground_creature_matched_adversarial_identity,361,ground_creature,matched_adversarial_identity,0.0,0.6666666666666666,,4,0
791fedb7310df556,cias_no_persistent_self,361_virtual_avatar_matched_adversarial_identity,361,virtual_avatar,matched_adversarial_identity,1.0,0.0,0.0,3,1
791fedb7310df556,cias_no_persistent_self,361_wheeled_robot_matched_adversarial_identity,361,wheeled_robot,matched_adversarial_identity,0.0,0.6666666666666666,,4,0
791fedb7310df556,cias_no_persistent_self,362_drone_matched_adversarial_identity,362,drone,matched_adversarial_identity,0.0,0.6666666666666666,,4,0
791fedb7310df556,cias_no_persistent_self,362_ground_creature_matched_adversarial_identity,362,ground_creature,matched_adversarial_identity,0.0,0.6666666666666666,,4,0
791fedb7310df556,cias_no_persistent_self,362_virtual_avatar_matched_adversarial_identity,362,virtual_avatar,matched_adversarial_identity,1.0,0.0,0.0,3,1
791fedb7310df556,cias_no_persistent_self,362_wheeled_robot_matched_adversarial_identity,362,wheeled_robot,matched_adversarial_identity,0.0,0.6666666666666666,,4,0
791fedb7310df556,cias_no_persistent_self,363_drone_matched_adversarial_identity,363,drone,matched_adversarial_identity,0.0,0.6666666666666666,,4,0
791fedb7310df556,cias_no_persistent_self,363_ground_creature_matched_adversarial_identity,363,ground_creature,matched_adversarial_identity,0.0,0.6666666666666666,,4,0
791fedb7310df556,cias_no_persistent_self,363_virtual_avatar_matched_adversarial_identity,363,virtual_avatar,matched_adversarial_identity,1.0,0.0,0.0,3,1
791fedb7310df556,cias_no_persistent_self,363_wheeled_robot_matched_adversarial_identity,363,wheeled_robot,matched_adversarial_identity,0.0,0.6666666666666666,,4,0
791fedb7310df556,cias_no_persistent_self,364_drone_matched_adversarial_identity,364,drone,matched_adversarial_identity,0.0,0.6666666666666666,,4,0
791fedb7310df556,cias_no_persistent_self,364_ground_creature_matched_adversarial_identity,364,ground_creature,matched_adversarial_identity,1.0,0.0,0.0,3,1
791fedb7310df556,cias_no_persistent_self,364_virtual_avatar_matched_adversarial_identity,364,virtual_avatar,matched_adversarial_identity,1.0,0.0,0.0,3,1
791fedb7310df556,cias_no_persistent_self,364_wheeled_robot_matched_adversarial_identity,364,wheeled_robot,matched_adversarial_identity,0.0,0.6666666666666666,,4,0
791fedb7310df556,cias_no_persistent_self,365_drone_matched_adversarial_identity,365,drone,matched_adversarial_identity,0.0,0.6666666666666666,,4,0
791fedb7310df556,cias_no_persistent_self,365_ground_creature_matched_adversarial_identity,365,ground_creature,matched_adversarial_identity,1.0,0.0,0.0,3,1
791fedb7310df556,cias_no_persistent_self,365_virtual_avatar_matched_adversarial_identity,365,virtual_avatar,matched_adversarial_identity,1.0,0.0,0.0,3,1
791fedb7310df556,cias_no_persistent_self,365_wheeled_robot_matched_adversarial_identity,365,wheeled_robot,matched_adversarial_identity,1.0,0.0,0.0,3,1
791fedb7310df556,cias_no_persistent_self,366_drone_matched_adversarial_identity,366,drone,matched_adversarial_identity,1.0,0.0,0.0,3,1
791fedb7310df556,cias_no_persistent_self,366_ground_creature_matched_adversarial_identity,366,ground_creature,matched_adversarial_identity,1.0,0.0,0.0,3,1
791fedb7310df556,cias_no_persistent_self,366_virtual_avatar_matched_adversarial_identity,366,virtual_avatar,matched_adversarial_identity,1.0,0.0,0.0,3,1
791fedb7310df556,cias_no_persistent_self,366_wheeled_robot_matched_adversarial_identity,366,wheeled_robot,matched_adversarial_identity,1.0,0.0,0.0,3,1
791fedb7310df556,cias_no_persistent_self,367_drone_matched_adversarial_identity,367,drone,matched_adversarial_identity,0.0,0.6666666666666666,,4,0
791fedb7310df556,cias_no_persistent_self,367_ground_creature_matched_adversarial_identity,367,ground_creature,matched_adversarial_identity,1.0,0.0,0.0,3,1
791fedb7310df556,cias_no_persistent_self,367_virtual_avatar_matched_adversarial_identity,367,virtual_avatar,matched_adversarial_identity,1.0,0.0,0.0,3,1
791fedb7310df556,cias_no_persistent_self,367_wheeled_robot_matched_adversarial_identity,367,wheeled_robot,matched_adversarial_identity,0.0,0.6666666666666666,,4,0
791fedb7310df556,cias_no_persistent_self,368_drone_matched_adversarial_identity,368,drone,matched_adversarial_identity,0.0,0.6666666666666666,,4,0
791fedb7310df556,cias_no_persistent_self,368_ground_creature_matched_adversarial_identity,368,ground_creature,matched_adversarial_identity,1.0,0.0,0.0,3,1
791fedb7310df556,cias_no_persistent_self,368_virtual_avatar_matched_adversarial_identity,368,virtual_avatar,matched_adversarial_identity,1.0,0.0,0.0,3,1
791fedb7310df556,cias_no_persistent_self,368_wheeled_robot_matched_adversarial_identity,368,wheeled_robot,matched_adversarial_identity,1.0,0.0,0.0,3,1
791fedb7310df556,cias_no_persistent_self,369_drone_matched_adversarial_identity,369,drone,matched_adversarial_identity,0.0,0.6666666666666666,,4,0
791fedb7310df556,cias_no_persistent_self,369_ground_creature_matched_adversarial_identity,369,ground_creature,matched_adversarial_identity,1.0,0.0,0.0,3,1
791fedb7310df556,cias_no_persistent_self,369_virtual_avatar_matched_adversarial_identity,369,virtual_avatar,matched_adversarial_identity,1.0,0.0,0.0,3,1
791fedb7310df556,cias_no_persistent_self,369_wheeled_robot_matched_adversarial_identity,369,wheeled_robot,matched_adversarial_identity,0.0,0.6666666666666666,,4,0
791fedb7310df556,cias_no_persistent_self,370_drone_matched_adversarial_identity,370,drone,matched_adversarial_identity,0.0,0.6666666666666666,,4,0
791fedb7310df556,cias_no_persistent_self,370_ground_creature_matched_adversarial_identity,370,ground_creature,matched_adversarial_identity,1.0,0.0,0.0,3,1
791fedb7310df556,cias_no_persistent_self,370_virtual_avatar_matched_adversarial_identity,370,virtual_avatar,matched_adversarial_identity,1.0,0.0,0.0,3,1
791fedb7310df556,cias_no_persistent_self,370_wheeled_robot_matched_adversarial_identity,370,wheeled_robot,matched_adversarial_identity,1.0,0.0,0.0,3,1
791fedb7310df556,cias_no_persistent_self,371_drone_matched_adversarial_identity,371,drone,matched_adversarial_identity,0.0,0.6666666666666666,,4,0
791fedb7310df556,cias_no_persistent_self,371_ground_creature_matched_adversarial_identity,371,ground_creature,matched_adversarial_identity,1.0,0.0,0.0,3,1
791fedb7310df556,cias_no_persistent_self,371_virtual_avatar_matched_adversarial_identity,371,virtual_avatar,matched_adversarial_identity,1.0,0.0,0.0,3,1
791fedb7310df556,cias_no_persistent_self,371_wheeled_robot_matched_adversarial_identity,371,wheeled_robot,matched_adversarial_identity,1.0,0.0,0.0,3,1
791fedb7310df556,cias_no_persistent_self,372_drone_matched_adversarial_identity,372,drone,matched_adversarial_identity,0.0,0.6666666666666666,,4,0
791fedb7310df556,cias_no_persistent_self,372_ground_creature_matched_adversarial_identity,372,ground_creature,matched_adversarial_identity,1.0,0.0,0.0,3,1
791fedb7310df556,cias_no_persistent_self,372_virtual_avatar_matched_adversarial_identity,372,virtual_avatar,matched_adversarial_identity,1.0,0.0,0.0,3,1
791fedb7310df556,cias_no_persistent_self,372_wheeled_robot_matched_adversarial_identity,372,wheeled_robot,matched_adversarial_identity,1.0,0.0,0.0,3,1
791fedb7310df556,cias_no_persistent_self,373_drone_matched_adversarial_identity,373,drone,matched_adversarial_identity,0.0,0.6666666666666666,,4,0
791fedb7310df556,cias_no_persistent_self,373_ground_creature_matched_adversarial_identity,373,ground_creature,matched_adversarial_identity,1.0,0.0,0.0,3,1
791fedb7310df556,cias_no_persistent_self,373_virtual_avatar_matched_adversarial_identity,373,virtual_avatar,matched_adversarial_identity,1.0,0.0,0.0,3,1
791fedb7310df556,cias_no_persistent_self,373_wheeled_robot_matched_adversarial_identity,373,wheeled_robot,matched_adversarial_identity,0.0,0.6666666666666666,,4,0
791fedb7310df556,cias_no_persistent_self,374_drone_matched_adversarial_identity,374,drone,matched_adversarial_identity,0.0,0.6666666666666666,,4,0
791fedb7310df556,cias_no_persistent_self,374_ground_creature_matched_adversarial_identity,374,ground_creature,matched_adversarial_identity,1.0,0.0,0.0,3,1
791fedb7310df556,cias_no_persistent_self,374_virtual_avatar_matched_adversarial_identity,374,virtual_avatar,matched_adversarial_identity,1.0,0.0,0.0,3,1
791fedb7310df556,cias_no_persistent_self,374_wheeled_robot_matched_adversarial_identity,374,wheeled_robot,matched_adversarial_identity,0.0,0.6666666666666666,,4,0
791fedb7310df556,cias_no_persistent_self,375_drone_matched_adversarial_identity,375,drone,matched_adversarial_identity,0.0,0.6666666666666666,,4,0
791fedb7310df556,cias_no_persistent_self,375_ground_creature_matched_adversarial_identity,375,ground_creature,matched_adversarial_identity,1.0,0.0,0.0,3,1
791fedb7310df556,cias_no_persistent_self,375_virtual_avatar_matched_adversarial_identity,375,virtual_avatar,matched_adversarial_identity,1.0,0.0,0.0,3,1
791fedb7310df556,cias_no_persistent_self,375_wheeled_robot_matched_adversarial_identity,375,wheeled_robot,matched_adversarial_identity,0.0,0.6666666666666666,,4,0
791fedb7310df556,cias_no_persistent_self,376_drone_matched_adversarial_identity,376,drone,matched_adversarial_identity,0.0,0.6666666666666666,,4,0
791fedb7310df556,cias_no_persistent_self,376_ground_creature_matched_adversarial_identity,376,ground_creature,matched_adversarial_identity,0.0,0.6666666666666666,,4,0
791fedb7310df556,cias_no_persistent_self,376_virtual_avatar_matched_adversarial_identity,376,virtual_avatar,matched_adversarial_identity,1.0,0.0,0.0,3,1
791fedb7310df556,cias_no_persistent_self,376_wheeled_robot_matched_adversarial_identity,376,wheeled_robot,matched_adversarial_identity,0.0,0.6666666666666666,,4,0
791fedb7310df556,cias_no_persistent_self,377_drone_matched_adversarial_identity,377,drone,matched_adversarial_identity,0.0,0.6666666666666666,,4,0
791fedb7310df556,cias_no_persistent_self,377_ground_creature_matched_adversarial_identity,377,ground_creature,matched_adversarial_identity,0.0,0.6666666666666666,,4,0
791fedb7310df556,cias_no_persistent_self,377_virtual_avatar_matched_adversarial_identity,377,virtual_avatar,matched_adversarial_identity,1.0,0.0,0.0,3,1
791fedb7310df556,cias_no_persistent_self,377_wheeled_robot_matched_adversarial_identity,377,wheeled_robot,matched_adversarial_identity,0.0,0.6666666666666666,,4,0
791fedb7310df556,cias_no_persistent_self,378_drone_matched_adversarial_identity,378,drone,matched_adversarial_identity,0.0,0.6666666666666666,,4,0
791fedb7310df556,cias_no_persistent_self,378_ground_creature_matched_adversarial_identity,378,ground_creature,matched_adversarial_identity,0.0,0.6666666666666666,,4,0
791fedb7310df556,cias_no_persistent_self,378_virtual_avatar_matched_adversarial_identity,378,virtual_avatar,matched_adversarial_identity,0.0,0.6666666666666666,,4,0
791fedb7310df556,cias_no_persistent_self,378_wheeled_robot_matched_adversarial_identity,378,wheeled_robot,matched_adversarial_identity,0.0,0.6666666666666666,,4,0
791fedb7310df556,cias_no_persistent_self,379_drone_matched_adversarial_identity,379,drone,matched_adversarial_identity,0.0,0.6666666666666666,,4,0
791fedb7310df556,cias_no_persistent_self,379_ground_creature_matched_adversarial_identity,379,ground_creature,matched_adversarial_identity,0.0,0.6666666666666666,,4,0
791fedb7310df556,cias_no_persistent_self,379_virtual_avatar_matched_adversarial_identity,379,virtual_avatar,matched_adversarial_identity,0.0,0.6666666666666666,,4,0
791fedb7310df556,cias_no_persistent_self,379_wheeled_robot_matched_adversarial_identity,379,wheeled_robot,matched_adversarial_identity,0.0,0.6666666666666666,,4,0
791fedb7310df556,cias_no_persistent_self,380_drone_matched_adversarial_identity,380,drone,matched_adversarial_identity,0.0,0.6666666666666666,,4,0
791fedb7310df556,cias_no_persistent_self,380_ground_creature_matched_adversarial_identity,380,ground_creature,matched_adversarial_identity,0.0,0.6666666666666666,,4,0
791fedb7310df556,cias_no_persistent_self,380_virtual_avatar_matched_adversarial_identity,380,virtual_avatar,matched_adversarial_identity,1.0,0.0,0.0,3,1
791fedb7310df556,cias_no_persistent_self,380_wheeled_robot_matched_adversarial_identity,380,wheeled_robot,matched_adversarial_identity,0.0,0.6666666666666666,,4,0
791fedb7310df556,cias_no_persistent_self,381_drone_matched_adversarial_identity,381,drone,matched_adversarial_identity,0.0,0.6666666666666666,,4,0
791fedb7310df556,cias_no_persistent_self,381_ground_creature_matched_adversarial_identity,381,ground_creature,matched_adversarial_identity,0.0,0.6666666666666666,,4,0
791fedb7310df556,cias_no_persistent_self,381_virtual_avatar_matched_adversarial_identity,381,virtual_avatar,matched_adversarial_identity,1.0,0.0,0.0,3,1
791fedb7310df556,cias_no_persistent_self,381_wheeled_robot_matched_adversarial_identity,381,wheeled_robot,matched_adversarial_identity,0.0,0.6666666666666666,,4,0
791fedb7310df556,cias_no_persistent_self,382_drone_matched_adversarial_identity,382,drone,matched_adversarial_identity,0.0,0.6666666666666666,,4,0
791fedb7310df556,cias_no_persistent_self,382_ground_creature_matched_adversarial_identity,382,ground_creature,matched_adversarial_identity,0.0,0.6666666666666666,,4,0
791fedb7310df556,cias_no_persistent_self,382_virtual_avatar_matched_adversarial_identity,382,virtual_avatar,matched_adversarial_identity,1.0,0.0,0.0,3,1
791fedb7310df556,cias_no_persistent_self,382_wheeled_robot_matched_adversarial_identity,382,wheeled_robot,matched_adversarial_identity,0.0,0.6666666666666666,,4,0
791fedb7310df556,cias_no_persistent_self,383_drone_matched_adversarial_identity,383,drone,matched_adversarial_identity,0.0,0.6666666666666666,,4,0
791fedb7310df556,cias_no_persistent_self,383_ground_creature_matched_adversarial_identity,383,ground_creature,matched_adversarial_identity,1.0,0.0,0.0,3,1
791fedb7310df556,cias_no_persistent_self,383_virtual_avatar_matched_adversarial_identity,383,virtual_avatar,matched_adversarial_identity,1.0,0.0,0.0,3,1
791fedb7310df556,cias_no_persistent_self,383_wheeled_robot_matched_adversarial_identity,383,wheeled_robot,matched_adversarial_identity,0.0,0.6666666666666666,,4,0
791fedb7310df556,cias_no_persistent_self,384_drone_matched_adversarial_identity,384,drone,matched_adversarial_identity,0.0,0.6666666666666666,,4,0
791fedb7310df556,cias_no_persistent_self,384_ground_creature_matched_adversarial_identity,384,ground_creature,matched_adversarial_identity,1.0,0.0,0.0,3,1
791fedb7310df556,cias_no_persistent_self,384_virtual_avatar_matched_adversarial_identity,384,virtual_avatar,matched_adversarial_identity,1.0,0.0,0.0,3,1
791fedb7310df556,cias_no_persistent_self,384_wheeled_robot_matched_adversarial_identity,384,wheeled_robot,matched_adversarial_identity,0.0,0.6666666666666666,,4,0
791fedb7310df556,cias_no_persistent_self,385_drone_matched_adversarial_identity,385,drone,matched_adversarial_identity,0.0,0.6666666666666666,,4,0
791fedb7310df556,cias_no_persistent_self,385_ground_creature_matched_adversarial_identity,385,ground_creature,matched_adversarial_identity,1.0,0.0,0.0,3,1
791fedb7310df556,cias_no_persistent_self,385_virtual_avatar_matched_adversarial_identity,385,virtual_avatar,matched_adversarial_identity,1.0,0.0,0.0,3,1
791fedb7310df556,cias_no_persistent_self,385_wheeled_robot_matched_adversarial_identity,385,wheeled_robot,matched_adversarial_identity,1.0,0.0,0.0,3,1
791fedb7310df556,cias_no_persistent_self,386_drone_matched_adversarial_identity,386,drone,matched_adversarial_identity,0.0,0.6666666666666666,,4,0
791fedb7310df556,cias_no_persistent_self,386_ground_creature_matched_adversarial_identity,386,ground_creature,matched_adversarial_identity,1.0,0.0,0.0,3,1
791fedb7310df556,cias_no_persistent_self,386_virtual_avatar_matched_adversarial_identity,386,virtual_avatar,matched_adversarial_identity,1.0,0.0,0.0,3,1
791fedb7310df556,cias_no_persistent_self,386_wheeled_robot_matched_adversarial_identity,386,wheeled_robot,matched_adversarial_identity,0.0,0.6666666666666666,,4,0
791fedb7310df556,cias_no_persistent_self,387_drone_matched_adversarial_identity,387,drone,matched_adversarial_identity,0.0,0.6666666666666666,,4,0
791fedb7310df556,cias_no_persistent_self,387_ground_creature_matched_adversarial_identity,387,ground_creature,matched_adversarial_identity,1.0,0.0,0.0,3,1
791fedb7310df556,cias_no_persistent_self,387_virtual_avatar_matched_adversarial_identity,387,virtual_avatar,matched_adversarial_identity,1.0,0.0,0.0,3,1
791fedb7310df556,cias_no_persistent_self,387_wheeled_robot_matched_adversarial_identity,387,wheeled_robot,matched_adversarial_identity,1.0,0.0,0.0,3,1
791fedb7310df556,cias_no_persistent_self,388_drone_matched_adversarial_identity,388,drone,matched_adversarial_identity,1.0,0.0,0.0,3,1
791fedb7310df556,cias_no_persistent_self,388_ground_creature_matched_adversarial_identity,388,ground_creature,matched_adversarial_identity,1.0,0.0,0.0,3,1
791fedb7310df556,cias_no_persistent_self,388_virtual_avatar_matched_adversarial_identity,388,virtual_avatar,matched_adversarial_identity,1.0,0.0,0.0,3,1
791fedb7310df556,cias_no_persistent_self,388_wheeled_robot_matched_adversarial_identity,388,wheeled_robot,matched_adversarial_identity,1.0,0.0,0.0,3,1
791fedb7310df556,cias_no_persistent_self,389_drone_matched_adversarial_identity,389,drone,matched_adversarial_identity,0.0,0.6666666666666666,,4,0
791fedb7310df556,cias_no_persistent_self,389_ground_creature_matched_adversarial_identity,389,ground_creature,matched_adversarial_identity,1.0,0.0,0.0,3,1
791fedb7310df556,cias_no_persistent_self,389_virtual_avatar_matched_adversarial_identity,389,virtual_avatar,matched_adversarial_identity,1.0,0.0,0.0,3,1
791fedb7310df556,cias_no_persistent_self,389_wheeled_robot_matched_adversarial_identity,389,wheeled_robot,matched_adversarial_identity,1.0,0.0,0.0,3,1
791fedb7310df556,cias_no_persistent_self,390_drone_matched_adversarial_identity,390,drone,matched_adversarial_identity,0.0,0.6666666666666666,,4,0
791fedb7310df556,cias_no_persistent_self,390_ground_creature_matched_adversarial_identity,390,ground_creature,matched_adversarial_identity,1.0,0.0,0.0,3,1
791fedb7310df556,cias_no_persistent_self,390_virtual_avatar_matched_adversarial_identity,390,virtual_avatar,matched_adversarial_identity,1.0,0.0,0.0,3,1
791fedb7310df556,cias_no_persistent_self,390_wheeled_robot_matched_adversarial_identity,390,wheeled_robot,matched_adversarial_identity,0.0,0.6666666666666666,,4,0
79b88271409cebee,cias_full,361_drone_matched_adversarial_identity,361,drone,matched_adversarial_identity,0.9305555555555556,0.06944444444444445,0.5,8,1
79b88271409cebee,cias_full,361_ground_creature_matched_adversarial_identity,361,ground_creature,matched_adversarial_identity,1.0,0.0,0.0,4,1
79b88271409cebee,cias_full,361_virtual_avatar_matched_adversarial_identity,361,virtual_avatar,matched_adversarial_identity,1.0,0.0,0.0,4,1
79b88271409cebee,cias_full,361_wheeled_robot_matched_adversarial_identity,361,wheeled_robot,matched_adversarial_identity,1.0,0.0,0.0,4,1
79b88271409cebee,cias_full,362_drone_matched_adversarial_identity,362,drone,matched_adversarial_identity,0.9027777777777778,0.09722222222222222,0.7000000000000001,14,1
79b88271409cebee,cias_full,362_ground_creature_matched_adversarial_identity,362,ground_creature,matched_adversarial_identity,1.0,0.0,0.0,4,1
79b88271409cebee,cias_full,362_virtual_avatar_matched_adversarial_identity,362,virtual_avatar,matched_adversarial_identity,1.0,0.0,0.0,4,1
79b88271409cebee,cias_full,362_wheeled_robot_matched_adversarial_identity,362,wheeled_robot,matched_adversarial_identity,1.0,0.0,0.0,4,1
79b88271409cebee,cias_full,363_drone_matched_adversarial_identity,363,drone,matched_adversarial_identity,0.625,0.09722222222222222,0.7000000000000001,26,1
79b88271409cebee,cias_full,363_ground_creature_matched_adversarial_identity,363,ground_creature,matched_adversarial_identity,1.0,0.0,0.0,4,1
79b88271409cebee,cias_full,363_virtual_avatar_matched_adversarial_identity,363,virtual_avatar,matched_adversarial_identity,1.0,0.0,0.0,4,1
79b88271409cebee,cias_full,363_wheeled_robot_matched_adversarial_identity,363,wheeled_robot,matched_adversarial_identity,0.9305555555555556,0.06944444444444445,0.5,6,1
79b88271409cebee,cias_full,364_drone_matched_adversarial_identity,364,drone,matched_adversarial_identity,0.9027777777777778,0.09722222222222222,0.7000000000000001,14,1
79b88271409cebee,cias_full,364_ground_creature_matched_adversarial_identity,364,ground_creature,matched_adversarial_identity,1.0,0.0,0.0,4,1
79b88271409cebee,cias_full,364_virtual_avatar_matched_adversarial_identity,364,virtual_avatar,matched_adversarial_identity,1.0,0.0,0.0,2,1
79b88271409cebee,cias_full,364_wheeled_robot_matched_adversarial_identity,364,wheeled_robot,matched_adversarial_identity,1.0,0.0,0.0,4,1
79b88271409cebee,cias_full,365_drone_matched_adversarial_identity,365,drone,matched_adversarial_identity,0.4166666666666667,0.2916666666666667,2.3000000000000003,20,1
79b88271409cebee,cias_full,365_ground_creature_matched_adversarial_identity,365,ground_creature,matched_adversarial_identity,1.0,0.0,0.0,4,1
79b88271409cebee,cias_full,365_virtual_avatar_matched_adversarial_identity,365,virtual_avatar,matched_adversarial_identity,1.0,0.0,0.0,4,1
79b88271409cebee,cias_full,365_wheeled_robot_matched_adversarial_identity,365,wheeled_robot,matched_adversarial_identity,1.0,0.0,0.0,4,1
79b88271409cebee,cias_full,366_drone_matched_adversarial_identity,366,drone,matched_adversarial_identity,0.6666666666666666,0.08333333333333333,0.6000000000000001,18,1
79b88271409cebee,cias_full,366_ground_creature_matched_adversarial_identity,366,ground_creature,matched_adversarial_identity,1.0,0.0,0.0,4,1
79b88271409cebee,cias_full,366_virtual_avatar_matched_adversarial_identity,366,virtual_avatar,matched_adversarial_identity,1.0,0.0,0.0,4,1
79b88271409cebee,cias_full,366_wheeled_robot_matched_adversarial_identity,366,wheeled_robot,matched_adversarial_identity,0.9305555555555556,0.06944444444444445,0.5,8,1
79b88271409cebee,cias_full,367_drone_matched_adversarial_identity,367,drone,matched_adversarial_identity,0.6111111111111112,0.09722222222222222,0.7000000000000001,18,1
79b88271409cebee,cias_full,367_ground_creature_matched_adversarial_identity,367,ground_creature,matched_adversarial_identity,1.0,0.0,0.0,4,1
79b88271409cebee,cias_full,367_virtual_avatar_matched_adversarial_identity,367,virtual_avatar,matched_adversarial_identity,1.0,0.0,0.0,4,1
79b88271409cebee,cias_full,367_wheeled_robot_matched_adversarial_identity,367,wheeled_robot,matched_adversarial_identity,1.0,0.0,0.0,4,1
79b88271409cebee,cias_full,368_drone_matched_adversarial_identity,368,drone,matched_adversarial_identity,0.9027777777777778,0.09722222222222222,0.7000000000000001,14,1
79b88271409cebee,cias_full,368_ground_creature_matched_adversarial_identity,368,ground_creature,matched_adversarial_identity,1.0,0.0,0.0,4,1
79b88271409cebee,cias_full,368_virtual_avatar_matched_adversarial_identity,368,virtual_avatar,matched_adversarial_identity,1.0,0.0,0.0,4,1
79b88271409cebee,cias_full,368_wheeled_robot_matched_adversarial_identity,368,wheeled_robot,matched_adversarial_identity,0.9166666666666666,0.08333333333333333,0.6000000000000001,10,1
79b88271409cebee,cias_full,369_drone_matched_adversarial_identity,369,drone,matched_adversarial_identity,0.625,0.09722222222222222,0.7000000000000001,20,1
79b88271409cebee,cias_full,369_ground_creature_matched_adversarial_identity,369,ground_creature,matched_adversarial_identity,1.0,0.0,0.0,2,1
79b88271409cebee,cias_full,369_virtual_avatar_matched_adversarial_identity,369,virtual_avatar,matched_adversarial_identity,1.0,0.0,0.0,4,1
79b88271409cebee,cias_full,369_wheeled_robot_matched_adversarial_identity,369,wheeled_robot,matched_adversarial_identity,1.0,0.0,0.0,4,1
79b88271409cebee,cias_full,370_drone_matched_adversarial_identity,370,drone,matched_adversarial_identity,0.6388888888888888,0.09722222222222222,0.7000000000000001,22,1
79b88271409cebee,cias_full,370_ground_creature_matched_adversarial_identity,370,ground_creature,matched_adversarial_identity,1.0,0.0,0.0,4,1
79b88271409cebee,cias_full,370_virtual_avatar_matched_adversarial_identity,370,virtual_avatar,matched_adversarial_identity,1.0,0.0,0.0,4,1
79b88271409cebee,cias_full,370_wheeled_robot_matched_adversarial_identity,370,wheeled_robot,matched_adversarial_identity,1.0,0.0,0.0,4,1
79b88271409cebee,cias_full,371_drone_matched_adversarial_identity,371,drone,matched_adversarial_identity,0.7222222222222222,0.0,0.0,12,1
79b88271409cebee,cias_full,371_ground_creature_matched_adversarial_identity,371,ground_creature,matched_adversarial_identity,1.0,0.0,0.0,2,1
79b88271409cebee,cias_full,371_virtual_avatar_matched_adversarial_identity,371,virtual_avatar,matched_adversarial_identity,1.0,0.0,0.0,4,1
79b88271409cebee,cias_full,371_wheeled_robot_matched_adversarial_identity,371,wheeled_robot,matched_adversarial_identity,0.9444444444444444,0.05555555555555555,0.4,8,1
79b88271409cebee,cias_full,372_drone_matched_adversarial_identity,372,drone,matched_adversarial_identity,1.0,0.0,0.0,10,1
79b88271409cebee,cias_full,372_ground_creature_matched_adversarial_identity,372,ground_creature,matched_adversarial_identity,1.0,0.0,0.0,4,1
79b88271409cebee,cias_full,372_virtual_avatar_matched_adversarial_identity,372,virtual_avatar,matched_adversarial_identity,1.0,0.0,0.0,4,1
79b88271409cebee,cias_full,372_wheeled_robot_matched_adversarial_identity,372,wheeled_robot,matched_adversarial_identity,1.0,0.0,0.0,4,1
79b88271409cebee,cias_full,373_drone_matched_adversarial_identity,373,drone,matched_adversarial_identity,0.6666666666666666,0.06944444444444445,0.5,22,1
79b88271409cebee,cias_full,373_ground_creature_matched_adversarial_identity,373,ground_creature,matched_adversarial_identity,1.0,0.0,0.0,4,1
79b88271409cebee,cias_full,373_virtual_avatar_matched_adversarial_identity,373,virtual_avatar,matched_adversarial_identity,1.0,0.0,0.0,4,1
79b88271409cebee,cias_full,373_wheeled_robot_matched_adversarial_identity,373,wheeled_robot,matched_adversarial_identity,1.0,0.0,0.0,4,1
79b88271409cebee,cias_full,374_drone_matched_adversarial_identity,374,drone,matched_adversarial_identity,0.75,0.0,0.0,22,1
79b88271409cebee,cias_full,374_ground_creature_matched_adversarial_identity,374,ground_creature,matched_adversarial_identity,1.0,0.0,0.0,4,1
79b88271409cebee,cias_full,374_virtual_avatar_matched_adversarial_identity,374,virtual_avatar,matched_adversarial_identity,1.0,0.0,0.0,4,1
79b88271409cebee,cias_full,374_wheeled_robot_matched_adversarial_identity,374,wheeled_robot,matched_adversarial_identity,0.9166666666666666,0.08333333333333333,0.6000000000000001,8,1
79b88271409cebee,cias_full,375_drone_matched_adversarial_identity,375,drone,matched_adversarial_identity,0.5277777777777778,0.19444444444444445,1.5,16,1
79b88271409cebee,cias_full,375_ground_creature_matched_adversarial_identity,375,ground_creature,matched_adversarial_identity,1.0,0.0,0.0,4,1
79b88271409cebee,cias_full,375_virtual_avatar_matched_adversarial_identity,375,virtual_avatar,matched_adversarial_identity,1.0,0.0,0.0,4,1
79b88271409cebee,cias_full,375_wheeled_robot_matched_adversarial_identity,375,wheeled_robot,matched_adversarial_identity,0.9305555555555556,0.06944444444444445,0.5,8,1
79b88271409cebee,cias_full,376_drone_matched_adversarial_identity,376,drone,matched_adversarial_identity,0.6527777777777778,0.06944444444444445,0.5,18,1
79b88271409cebee,cias_full,376_ground_creature_matched_adversarial_identity,376,ground_creature,matched_adversarial_identity,1.0,0.0,0.0,4,1
79b88271409cebee,cias_full,376_virtual_avatar_matched_adversarial_identity,376,virtual_avatar,matched_adversarial_identity,1.0,0.0,0.0,4,1
79b88271409cebee,cias_full,376_wheeled_robot_matched_adversarial_identity,376,wheeled_robot,matched_adversarial_identity,0.9305555555555556,0.06944444444444445,0.5,10,1
79b88271409cebee,cias_full,377_drone_matched_adversarial_identity,377,drone,matched_adversarial_identity,0.6388888888888888,0.09722222222222222,0.7000000000000001,20,1
79b88271409cebee,cias_full,377_ground_creature_matched_adversarial_identity,377,ground_creature,matched_adversarial_identity,1.0,0.0,0.0,4,1
79b88271409cebee,cias_full,377_virtual_avatar_matched_adversarial_identity,377,virtual_avatar,matched_adversarial_identity,1.0,0.0,0.0,4,1
79b88271409cebee,cias_full,377_wheeled_robot_matched_adversarial_identity,377,wheeled_robot,matched_adversarial_identity,1.0,0.0,0.0,4,1
79b88271409cebee,cias_full,378_drone_matched_adversarial_identity,378,drone,matched_adversarial_identity,0.6388888888888888,0.09722222222222222,0.7000000000000001,14,1
79b88271409cebee,cias_full,378_ground_creature_matched_adversarial_identity,378,ground_creature,matched_adversarial_identity,1.0,0.0,0.0,4,1
79b88271409cebee,cias_full,378_virtual_avatar_matched_adversarial_identity,378,virtual_avatar,matched_adversarial_identity,1.0,0.0,0.0,4,1
79b88271409cebee,cias_full,378_wheeled_robot_matched_adversarial_identity,378,wheeled_robot,matched_adversarial_identity,1.0,0.0,0.0,4,1
79b88271409cebee,cias_full,379_drone_matched_adversarial_identity,379,drone,matched_adversarial_identity,1.0,0.0,0.0,22,1
79b88271409cebee,cias_full,379_ground_creature_matched_adversarial_identity,379,ground_creature,matched_adversarial_identity,1.0,0.0,0.0,4,1
79b88271409cebee,cias_full,379_virtual_avatar_matched_adversarial_identity,379,virtual_avatar,matched_adversarial_identity,1.0,0.0,0.0,4,1
79b88271409cebee,cias_full,379_wheeled_robot_matched_adversarial_identity,379,wheeled_robot,matched_adversarial_identity,1.0,0.0,0.0,4,1
79b88271409cebee,cias_full,380_drone_matched_adversarial_identity,380,drone,matched_adversarial_identity,0.6805555555555556,0.06944444444444445,0.5,14,1
79b88271409cebee,cias_full,380_ground_creature_matched_adversarial_identity,380,ground_creature,matched_adversarial_identity,1.0,0.0,0.0,4,1
79b88271409cebee,cias_full,380_virtual_avatar_matched_adversarial_identity,380,virtual_avatar,matched_adversarial_identity,1.0,0.0,0.0,4,1
79b88271409cebee,cias_full,380_wheeled_robot_matched_adversarial_identity,380,wheeled_robot,matched_adversarial_identity,1.0,0.0,0.0,4,1
79b88271409cebee,cias_full,381_drone_matched_adversarial_identity,381,drone,matched_adversarial_identity,1.0,0.0,0.0,10,1
79b88271409cebee,cias_full,381_ground_creature_matched_adversarial_identity,381,ground_creature,matched_adversarial_identity,1.0,0.0,0.0,4,1
79b88271409cebee,cias_full,381_virtual_avatar_matched_adversarial_identity,381,virtual_avatar,matched_adversarial_identity,1.0,0.0,0.0,4,1
79b88271409cebee,cias_full,381_wheeled_robot_matched_adversarial_identity,381,wheeled_robot,matched_adversarial_identity,1.0,0.0,0.0,6,1
79b88271409cebee,cias_full,382_drone_matched_adversarial_identity,382,drone,matched_adversarial_identity,1.0,0.0,0.0,16,1
79b88271409cebee,cias_full,382_ground_creature_matched_adversarial_identity,382,ground_creature,matched_adversarial_identity,1.0,0.0,0.0,4,1
79b88271409cebee,cias_full,382_virtual_avatar_matched_adversarial_identity,382,virtual_avatar,matched_adversarial_identity,1.0,0.0,0.0,4,1
79b88271409cebee,cias_full,382_wheeled_robot_matched_adversarial_identity,382,wheeled_robot,matched_adversarial_identity,1.0,0.0,0.0,6,1
79b88271409cebee,cias_full,383_drone_matched_adversarial_identity,383,drone,matched_adversarial_identity,0.9027777777777778,0.09722222222222222,0.7000000000000001,10,1
79b88271409cebee,cias_full,383_ground_creature_matched_adversarial_identity,383,ground_creature,matched_adversarial_identity,1.0,0.0,0.0,4,1
79b88271409cebee,cias_full,383_virtual_avatar_matched_adversarial_identity,383,virtual_avatar,matched_adversarial_identity,1.0,0.0,0.0,4,1
79b88271409cebee,cias_full,383_wheeled_robot_matched_adversarial_identity,383,wheeled_robot,matched_adversarial_identity,1.0,0.0,0.0,4,1
79b88271409cebee,cias_full,384_drone_matched_adversarial_identity,384,drone,matched_adversarial_identity,1.0,0.0,0.0,8,1
79b88271409cebee,cias_full,384_ground_creature_matched_adversarial_identity,384,ground_creature,matched_adversarial_identity,1.0,0.0,0.0,4,1
79b88271409cebee,cias_full,384_virtual_avatar_matched_adversarial_identity,384,virtual_avatar,matched_adversarial_identity,1.0,0.0,0.0,2,1
79b88271409cebee,cias_full,384_wheeled_robot_matched_adversarial_identity,384,wheeled_robot,matched_adversarial_identity,1.0,0.0,0.0,4,1
79b88271409cebee,cias_full,385_drone_matched_adversarial_identity,385,drone,matched_adversarial_identity,0.9027777777777778,0.09722222222222222,0.7000000000000001,10,1
79b88271409cebee,cias_full,385_ground_creature_matched_adversarial_identity,385,ground_creature,matched_adversarial_identity,1.0,0.0,0.0,4,1
79b88271409cebee,cias_full,385_virtual_avatar_matched_adversarial_identity,385,virtual_avatar,matched_adversarial_identity,1.0,0.0,0.0,4,1
79b88271409cebee,cias_full,385_wheeled_robot_matched_adversarial_identity,385,wheeled_robot,matched_adversarial_identity,1.0,0.0,0.0,4,1
79b88271409cebee,cias_full,386_drone_matched_adversarial_identity,386,drone,matched_adversarial_identity,0.9305555555555556,0.06944444444444445,0.5,14,1
79b88271409cebee,cias_full,386_ground_creature_matched_adversarial_identity,386,ground_creature,matched_adversarial_identity,1.0,0.0,0.0,4,1
79b88271409cebee,cias_full,386_virtual_avatar_matched_adversarial_identity,386,virtual_avatar,matched_adversarial_identity,1.0,0.0,0.0,4,1
79b88271409cebee,cias_full,386_wheeled_robot_matched_adversarial_identity,386,wheeled_robot,matched_adversarial_identity,1.0,0.0,0.0,4,1
79b88271409cebee,cias_full,387_drone_matched_adversarial_identity,387,drone,matched_adversarial_identity,1.0,0.0,0.0,14,1
79b88271409cebee,cias_full,387_ground_creature_matched_adversarial_identity,387,ground_creature,matched_adversarial_identity,1.0,0.0,0.0,4,1
79b88271409cebee,cias_full,387_virtual_avatar_matched_adversarial_identity,387,virtual_avatar,matched_adversarial_identity,1.0,0.0,0.0,4,1
79b88271409cebee,cias_full,387_wheeled_robot_matched_adversarial_identity,387,wheeled_robot,matched_adversarial_identity,1.0,0.0,0.0,4,1
79b88271409cebee,cias_full,388_drone_matched_adversarial_identity,388,drone,matched_adversarial_identity,0.75,0.0,0.0,22,1
79b88271409cebee,cias_full,388_ground_creature_matched_adversarial_identity,388,ground_creature,matched_adversarial_identity,1.0,0.0,0.0,4,1
79b88271409cebee,cias_full,388_virtual_avatar_matched_adversarial_identity,388,virtual_avatar,matched_adversarial_identity,1.0,0.0,0.0,4,1
79b88271409cebee,cias_full,388_wheeled_robot_matched_adversarial_identity,388,wheeled_robot,matched_adversarial_identity,1.0,0.0,0.0,4,1
79b88271409cebee,cias_full,389_drone_matched_adversarial_identity,389,drone,matched_adversarial_identity,0.7361111111111112,0.0,0.0,16,1
79b88271409cebee,cias_full,389_ground_creature_matched_adversarial_identity,389,ground_creature,matched_adversarial_identity,1.0,0.0,0.0,4,1
79b88271409cebee,cias_full,389_virtual_avatar_matched_adversarial_identity,389,virtual_avatar,matched_adversarial_identity,1.0,0.0,0.0,4,1
79b88271409cebee,cias_full,389_wheeled_robot_matched_adversarial_identity,389,wheeled_robot,matched_adversarial_identity,1.0,0.0,0.0,4,1
79b88271409cebee,cias_full,390_drone_matched_adversarial_identity,390,drone,matched_adversarial_identity,1.0,0.0,0.0,4,1
79b88271409cebee,cias_full,390_ground_creature_matched_adversarial_identity,390,ground_creature,matched_adversarial_identity,1.0,0.0,0.0,4,1
79b88271409cebee,cias_full,390_virtual_avatar_matched_adversarial_identity,390,virtual_avatar,matched_adversarial_identity,1.0,0.0,0.0,4,1
79b88271409cebee,cias_full,390_wheeled_robot_matched_adversarial_identity,390,wheeled_robot,matched_adversarial_identity,1.0,0.0,0.0,4,1
79b88271409cebee,cias_no_persistent_self,361_drone_matched_adversarial_identity,361,drone,matched_adversarial_identity,0.0,0.6666666666666666,,4,0
79b88271409cebee,cias_no_persistent_self,361_ground_creature_matched_adversarial_identity,361,ground_creature,matched_adversarial_identity,0.0,0.6666666666666666,,4,0
79b88271409cebee,cias_no_persistent_self,361_virtual_avatar_matched_adversarial_identity,361,virtual_avatar,matched_adversarial_identity,0.0,0.6666666666666666,,4,0
79b88271409cebee,cias_no_persistent_self,361_wheeled_robot_matched_adversarial_identity,361,wheeled_robot,matched_adversarial_identity,0.0,0.6666666666666666,,4,0
79b88271409cebee,cias_no_persistent_self,362_drone_matched_adversarial_identity,362,drone,matched_adversarial_identity,0.0,0.6666666666666666,,4,0
79b88271409cebee,cias_no_persistent_self,362_ground_creature_matched_adversarial_identity,362,ground_creature,matched_adversarial_identity,0.0,0.6666666666666666,,4,0
79b88271409cebee,cias_no_persistent_self,362_virtual_avatar_matched_adversarial_identity,362,virtual_avatar,matched_adversarial_identity,0.0,0.6666666666666666,,4,0
79b88271409cebee,cias_no_persistent_self,362_wheeled_robot_matched_adversarial_identity,362,wheeled_robot,matched_adversarial_identity,0.0,0.6666666666666666,,4,0
79b88271409cebee,cias_no_persistent_self,363_drone_matched_adversarial_identity,363,drone,matched_adversarial_identity,0.0,0.6666666666666666,,4,0
79b88271409cebee,cias_no_persistent_self,363_ground_creature_matched_adversarial_identity,363,ground_creature,matched_adversarial_identity,0.0,0.6666666666666666,,4,0
79b88271409cebee,cias_no_persistent_self,363_virtual_avatar_matched_adversarial_identity,363,virtual_avatar,matched_adversarial_identity,0.0,0.6666666666666666,,4,0
79b88271409cebee,cias_no_persistent_self,363_wheeled_robot_matched_adversarial_identity,363,wheeled_robot,matched_adversarial_identity,0.0,0.6666666666666666,,4,0
79b88271409cebee,cias_no_persistent_self,364_drone_matched_adversarial_identity,364,drone,matched_adversarial_identity,0.0,0.6666666666666666,,4,0
79b88271409cebee,cias_no_persistent_self,364_ground_creature_matched_adversarial_identity,364,ground_creature,matched_adversarial_identity,0.0,0.6666666666666666,,4,0
79b88271409cebee,cias_no_persistent_self,364_virtual_avatar_matched_adversarial_identity,364,virtual_avatar,matched_adversarial_identity,0.0,0.6666666666666666,,4,0
79b88271409cebee,cias_no_persistent_self,364_wheeled_robot_matched_adversarial_identity,364,wheeled_robot,matched_adversarial_identity,0.0,0.6666666666666666,,4,0
79b88271409cebee,cias_no_persistent_self,365_drone_matched_adversarial_identity,365,drone,matched_adversarial_identity,0.0,0.6666666666666666,,4,0
79b88271409cebee,cias_no_persistent_self,365_ground_creature_matched_adversarial_identity,365,ground_creature,matched_adversarial_identity,0.0,0.6666666666666666,,4,0
79b88271409cebee,cias_no_persistent_self,365_virtual_avatar_matched_adversarial_identity,365,virtual_avatar,matched_adversarial_identity,0.0,0.6666666666666666,,4,0
79b88271409cebee,cias_no_persistent_self,365_wheeled_robot_matched_adversarial_identity,365,wheeled_robot,matched_adversarial_identity,0.0,0.6666666666666666,,4,0
79b88271409cebee,cias_no_persistent_self,366_drone_matched_adversarial_identity,366,drone,matched_adversarial_identity,0.0,0.6666666666666666,,4,0
79b88271409cebee,cias_no_persistent_self,366_ground_creature_matched_adversarial_identity,366,ground_creature,matched_adversarial_identity,0.0,0.6666666666666666,,4,0
79b88271409cebee,cias_no_persistent_self,366_virtual_avatar_matched_adversarial_identity,366,virtual_avatar,matched_adversarial_identity,1.0,0.0,0.0,3,1
79b88271409cebee,cias_no_persistent_self,366_wheeled_robot_matched_adversarial_identity,366,wheeled_robot,matched_adversarial_identity,0.0,0.6666666666666666,,4,0
79b88271409cebee,cias_no_persistent_self,367_drone_matched_adversarial_identity,367,drone,matched_adversarial_identity,0.0,0.6666666666666666,,4,0
79b88271409cebee,cias_no_persistent_self,367_ground_creature_matched_adversarial_identity,367,ground_creature,matched_adversarial_identity,0.0,0.6666666666666666,,4,0
79b88271409cebee,cias_no_persistent_self,367_virtual_avatar_matched_adversarial_identity,367,virtual_avatar,matched_adversarial_identity,1.0,0.0,0.0,3,1
79b88271409cebee,cias_no_persistent_self,367_wheeled_robot_matched_adversarial_identity,367,wheeled_robot,matched_adversarial_identity,0.0,0.6666666666666666,,4,0
79b88271409cebee,cias_no_persistent_self,368_drone_matched_adversarial_identity,368,drone,matched_adversarial_identity,0.0,0.6666666666666666,,4,0
79b88271409cebee,cias_no_persistent_self,368_ground_creature_matched_adversarial_identity,368,ground_creature,matched_adversarial_identity,1.0,0.0,0.0,3,1
79b88271409cebee,cias_no_persistent_self,368_virtual_avatar_matched_adversarial_identity,368,virtual_avatar,matched_adversarial_identity,1.0,0.0,0.0,3,1
79b88271409cebee,cias_no_persistent_self,368_wheeled_robot_matched_adversarial_identity,368,wheeled_robot,matched_adversarial_identity,1.0,0.0,0.0,3,1
79b88271409cebee,cias_no_persistent_self,369_drone_matched_adversarial_identity,369,drone,matched_adversarial_identity,0.0,0.6666666666666666,,4,0
79b88271409cebee,cias_no_persistent_self,369_ground_creature_matched_adversarial_identity,369,ground_creature,matched_adversarial_identity,0.0,0.6666666666666666,,4,0
79b88271409cebee,cias_no_persistent_self,369_virtual_avatar_matched_adversarial_identity,369,virtual_avatar,matched_adversarial_identity,1.0,0.0,0.0,3,1
79b88271409cebee,cias_no_persistent_self,369_wheeled_robot_matched_adversarial_identity,369,wheeled_robot,matched_adversarial_identity,0.0,0.6666666666666666,,4,0
79b88271409cebee,cias_no_persistent_self,370_drone_matched_adversarial_identity,370,drone,matched_adversarial_identity,0.0,0.6666666666666666,,4,0
79b88271409cebee,cias_no_persistent_self,370_ground_creature_matched_adversarial_identity,370,ground_creature,matched_adversarial_identity,0.0,0.6666666666666666,,4,0
79b88271409cebee,cias_no_persistent_self,370_virtual_avatar_matched_adversarial_identity,370,virtual_avatar,matched_adversarial_identity,1.0,0.0,0.0,3,1
79b88271409cebee,cias_no_persistent_self,370_wheeled_robot_matched_adversarial_identity,370,wheeled_robot,matched_adversarial_identity,0.0,0.6666666666666666,,4,0
79b88271409cebee,cias_no_persistent_self,371_drone_matched_adversarial_identity,371,drone,matched_adversarial_identity,0.0,0.6666666666666666,,4,0
79b88271409cebee,cias_no_persistent_self,371_ground_creature_matched_adversarial_identity,371,ground_creature,matched_adversarial_identity,1.0,0.0,0.0,3,1
79b88271409cebee,cias_no_persistent_self,371_virtual_avatar_matched_adversarial_identity,371,virtual_avatar,matched_adversarial_identity,1.0,0.0,0.0,3,1
79b88271409cebee,cias_no_persistent_self,371_wheeled_robot_matched_adversarial_identity,371,wheeled_robot,matched_adversarial_identity,1.0,0.0,0.0,3,1
79b88271409cebee,cias_no_persistent_self,372_drone_matched_adversarial_identity,372,drone,matched_adversarial_identity,0.0,0.6666666666666666,,4,0
79b88271409cebee,cias_no_persistent_self,372_ground_creature_matched_adversarial_identity,372,ground_creature,matched_adversarial_identity,0.0,0.6666666666666666,,4,0
79b88271409cebee,cias_no_persistent_self,372_virtual_avatar_matched_adversarial_identity,372,virtual_avatar,matched_adversarial_identity,1.0,0.0,0.0,3,1
79b88271409cebee,cias_no_persistent_self,372_wheeled_robot_matched_adversarial_identity,372,wheeled_robot,matched_adversarial_identity,0.0,0.6666666666666666,,4,0
79b88271409cebee,cias_no_persistent_self,373_drone_matched_adversarial_identity,373,drone,matched_adversarial_identity,0.0,0.6666666666666666,,4,0
79b88271409cebee,cias_no_persistent_self,373_ground_creature_matched_adversarial_identity,373,ground_creature,matched_adversarial_identity,1.0,0.0,0.0,3,1
79b88271409cebee,cias_no_persistent_self,373_virtual_avatar_matched_adversarial_identity,373,virtual_avatar,matched_adversarial_identity,1.0,0.0,0.0,3,1
79b88271409cebee,cias_no_persistent_self,373_wheeled_robot_matched_adversarial_identity,373,wheeled_robot,matched_adversarial_identity,0.0,0.6666666666666666,,4,0
79b88271409cebee,cias_no_persistent_self,374_drone_matched_adversarial_identity,374,drone,matched_adversarial_identity,0.0,0.6666666666666666,,4,0
79b88271409cebee,cias_no_persistent_self,374_ground_creature_matched_adversarial_identity,374,ground_creature,matched_adversarial_identity,0.0,0.6666666666666666,,4,0
79b88271409cebee,cias_no_persistent_self,374_virtual_avatar_matched_adversarial_identity,374,virtual_avatar,matched_adversarial_identity,1.0,0.0,0.0,3,1
79b88271409cebee,cias_no_persistent_self,374_wheeled_robot_matched_adversarial_identity,374,wheeled_robot,matched_adversarial_identity,0.0,0.6666666666666666,,4,0
79b88271409cebee,cias_no_persistent_self,375_drone_matched_adversarial_identity,375,drone,matched_adversarial_identity,0.0,0.6666666666666666,,4,0
79b88271409cebee,cias_no_persistent_self,375_ground_creature_matched_adversarial_identity,375,ground_creature,matched_adversarial_identity,0.0,0.6666666666666666,,4,0
79b88271409cebee,cias_no_persistent_self,375_virtual_avatar_matched_adversarial_identity,375,virtual_avatar,matched_adversarial_identity,0.0,0.6666666666666666,,4,0
79b88271409cebee,cias_no_persistent_self,375_wheeled_robot_matched_adversarial_identity,375,wheeled_robot,matched_adversarial_identity,0.0,0.6666666666666666,,4,0
79b88271409cebee,cias_no_persistent_self,376_drone_matched_adversarial_identity,376,drone,matched_adversarial_identity,0.0,0.6666666666666666,,4,0
79b88271409cebee,cias_no_persistent_self,376_ground_creature_matched_adversarial_identity,376,ground_creature,matched_adversarial_identity,0.0,0.6666666666666666,,4,0
79b88271409cebee,cias_no_persistent_self,376_virtual_avatar_matched_adversarial_identity,376,virtual_avatar,matched_adversarial_identity,0.0,0.6666666666666666,,4,0
79b88271409cebee,cias_no_persistent_self,376_wheeled_robot_matched_adversarial_identity,376,wheeled_robot,matched_adversarial_identity,0.0,0.6666666666666666,,4,0
79b88271409cebee,cias_no_persistent_self,377_drone_matched_adversarial_identity,377,drone,matched_adversarial_identity,0.0,0.6666666666666666,,4,0
79b88271409cebee,cias_no_persistent_self,377_ground_creature_matched_adversarial_identity,377,ground_creature,matched_adversarial_identity,0.0,0.6666666666666666,,4,0
79b88271409cebee,cias_no_persistent_self,377_virtual_avatar_matched_adversarial_identity,377,virtual_avatar,matched_adversarial_identity,0.0,0.6666666666666666,,4,0
79b88271409cebee,cias_no_persistent_self,377_wheeled_robot_matched_adversarial_identity,377,wheeled_robot,matched_adversarial_identity,0.0,0.6666666666666666,,4,0
79b88271409cebee,cias_no_persistent_self,378_drone_matched_adversarial_identity,378,drone,matched_adversarial_identity,0.0,0.6666666666666666,,4,0
79b88271409cebee,cias_no_persistent_self,378_ground_creature_matched_adversarial_identity,378,ground_creature,matched_adversarial_identity,0.0,0.6666666666666666,,4,0
79b88271409cebee,cias_no_persistent_self,378_virtual_avatar_matched_adversarial_identity,378,virtual_avatar,matched_adversarial_identity,0.0,0.6666666666666666,,4,0
79b88271409cebee,cias_no_persistent_self,378_wheeled_robot_matched_adversarial_identity,378,wheeled_robot,matched_adversarial_identity,0.0,0.6666666666666666,,4,0
79b88271409cebee,cias_no_persistent_self,379_drone_matched_adversarial_identity,379,drone,matched_adversarial_identity,0.0,0.6666666666666666,,4,0
79b88271409cebee,cias_no_persistent_self,379_ground_creature_matched_adversarial_identity,379,ground_creature,matched_adversarial_identity,0.0,0.6666666666666666,,4,0
79b88271409cebee,cias_no_persistent_self,379_virtual_avatar_matched_adversarial_identity,379,virtual_avatar,matched_adversarial_identity,0.0,0.6666666666666666,,4,0
79b88271409cebee,cias_no_persistent_self,379_wheeled_robot_matched_adversarial_identity,379,wheeled_robot,matched_adversarial_identity,0.0,0.6666666666666666,,4,0
79b88271409cebee,cias_no_persistent_self,380_drone_matched_adversarial_identity,380,drone,matched_adversarial_identity,0.0,0.6666666666666666,,4,0
79b88271409cebee,cias_no_persistent_self,380_ground_creature_matched_adversarial_identity,380,ground_creature,matched_adversarial_identity,0.0,0.6666666666666666,,4,0
79b88271409cebee,cias_no_persistent_self,380_virtual_avatar_matched_adversarial_identity,380,virtual_avatar,matched_adversarial_identity,0.0,0.6666666666666666,,4,0
79b88271409cebee,cias_no_persistent_self,380_wheeled_robot_matched_adversarial_identity,380,wheeled_robot,matched_adversarial_identity,0.0,0.6666666666666666,,4,0
79b88271409cebee,cias_no_persistent_self,381_drone_matched_adversarial_identity,381,drone,matched_adversarial_identity,0.0,0.6666666666666666,,4,0
79b88271409cebee,cias_no_persistent_self,381_ground_creature_matched_adversarial_identity,381,ground_creature,matched_adversarial_identity,0.0,0.6666666666666666,,4,0
79b88271409cebee,cias_no_persistent_self,381_virtual_avatar_matched_adversarial_identity,381,virtual_avatar,matched_adversarial_identity,0.0,0.6666666666666666,,4,0
79b88271409cebee,cias_no_persistent_self,381_wheeled_robot_matched_adversarial_identity,381,wheeled_robot,matched_adversarial_identity,0.0,0.6666666666666666,,4,0
79b88271409cebee,cias_no_persistent_self,382_drone_matched_adversarial_identity,382,drone,matched_adversarial_identity,0.0,0.6666666666666666,,4,0
79b88271409cebee,cias_no_persistent_self,382_ground_creature_matched_adversarial_identity,382,ground_creature,matched_adversarial_identity,0.0,0.6666666666666666,,4,0
79b88271409cebee,cias_no_persistent_self,382_virtual_avatar_matched_adversarial_identity,382,virtual_avatar,matched_adversarial_identity,0.0,0.6666666666666666,,4,0
79b88271409cebee,cias_no_persistent_self,382_wheeled_robot_matched_adversarial_identity,382,wheeled_robot,matched_adversarial_identity,0.0,0.6666666666666666,,4,0
79b88271409cebee,cias_no_persistent_self,383_drone_matched_adversarial_identity,383,drone,matched_adversarial_identity,0.0,0.6666666666666666,,4,0
79b88271409cebee,cias_no_persistent_self,383_ground_creature_matched_adversarial_identity,383,ground_creature,matched_adversarial_identity,0.0,0.6666666666666666,,4,0
79b88271409cebee,cias_no_persistent_self,383_virtual_avatar_matched_adversarial_identity,383,virtual_avatar,matched_adversarial_identity,0.0,0.6666666666666666,,4,0
79b88271409cebee,cias_no_persistent_self,383_wheeled_robot_matched_adversarial_identity,383,wheeled_robot,matched_adversarial_identity,0.0,0.6666666666666666,,4,0
79b88271409cebee,cias_no_persistent_self,384_drone_matched_adversarial_identity,384,drone,matched_adversarial_identity,0.0,0.6666666666666666,,4,0
79b88271409cebee,cias_no_persistent_self,384_ground_creature_matched_adversarial_identity,384,ground_creature,matched_adversarial_identity,0.0,0.6666666666666666,,4,0
79b88271409cebee,cias_no_persistent_self,384_virtual_avatar_matched_adversarial_identity,384,virtual_avatar,matched_adversarial_identity,1.0,0.0,0.0,3,1
79b88271409cebee,cias_no_persistent_self,384_wheeled_robot_matched_adversarial_identity,384,wheeled_robot,matched_adversarial_identity,0.0,0.6666666666666666,,4,0
79b88271409cebee,cias_no_persistent_self,385_drone_matched_adversarial_identity,385,drone,matched_adversarial_identity,0.0,0.6666666666666666,,4,0
79b88271409cebee,cias_no_persistent_self,385_ground_creature_matched_adversarial_identity,385,ground_creature,matched_adversarial_identity,0.0,0.6666666666666666,,4,0
79b88271409cebee,cias_no_persistent_self,385_virtual_avatar_matched_adversarial_identity,385,virtual_avatar,matched_adversarial_identity,1.0,0.0,0.0,3,1
79b88271409cebee,cias_no_persistent_self,385_wheeled_robot_matched_adversarial_identity,385,wheeled_robot,matched_adversarial_identity,0.0,0.6666666666666666,,4,0
79b88271409cebee,cias_no_persistent_self,386_drone_matched_adversarial_identity,386,drone,matched_adversarial_identity,0.0,0.6666666666666666,,4,0
79b88271409cebee,cias_no_persistent_self,386_ground_creature_matched_adversarial_identity,386,ground_creature,matched_adversarial_identity,0.0,0.6666666666666666,,4,0
79b88271409cebee,cias_no_persistent_self,386_virtual_avatar_matched_adversarial_identity,386,virtual_avatar,matched_adversarial_identity,1.0,0.0,0.0,3,1
79b88271409cebee,cias_no_persistent_self,386_wheeled_robot_matched_adversarial_identity,386,wheeled_robot,matched_adversarial_identity,0.0,0.6666666666666666,,4,0
79b88271409cebee,cias_no_persistent_self,387_drone_matched_adversarial_identity,387,drone,matched_adversarial_identity,0.0,0.6666666666666666,,4,0
79b88271409cebee,cias_no_persistent_self,387_ground_creature_matched_adversarial_identity,387,ground_creature,matched_adversarial_identity,0.0,0.6666666666666666,,4,0
79b88271409cebee,cias_no_persistent_self,387_virtual_avatar_matched_adversarial_identity,387,virtual_avatar,matched_adversarial_identity,1.0,0.0,0.0,3,1
79b88271409cebee,cias_no_persistent_self,387_wheeled_robot_matched_adversarial_identity,387,wheeled_robot,matched_adversarial_identity,0.0,0.6666666666666666,,4,0
79b88271409cebee,cias_no_persistent_self,388_drone_matched_adversarial_identity,388,drone,matched_adversarial_identity,0.0,0.6666666666666666,,4,0
79b88271409cebee,cias_no_persistent_self,388_ground_creature_matched_adversarial_identity,388,ground_creature,matched_adversarial_identity,0.0,0.6666666666666666,,4,0
79b88271409cebee,cias_no_persistent_self,388_virtual_avatar_matched_adversarial_identity,388,virtual_avatar,matched_adversarial_identity,1.0,0.0,0.0,3,1
79b88271409cebee,cias_no_persistent_self,388_wheeled_robot_matched_adversarial_identity,388,wheeled_robot,matched_adversarial_identity,0.0,0.6666666666666666,,4,0
79b88271409cebee,cias_no_persistent_self,389_drone_matched_adversarial_identity,389,drone,matched_adversarial_identity,0.0,0.6666666666666666,,4,0
79b88271409cebee,cias_no_persistent_self,389_ground_creature_matched_adversarial_identity,389,ground_creature,matched_adversarial_identity,1.0,0.0,0.0,3,1
79b88271409cebee,cias_no_persistent_self,389_virtual_avatar_matched_adversarial_identity,389,virtual_avatar,matched_adversarial_identity,1.0,0.0,0.0,3,1
79b88271409cebee,cias_no_persistent_self,389_wheeled_robot_matched_adversarial_identity,389,wheeled_robot,matched_adversarial_identity,0.0,0.6666666666666666,,4,0
79b88271409cebee,cias_no_persistent_self,390_drone_matched_adversarial_identity,390,drone,matched_adversarial_identity,0.0,0.6666666666666666,,4,0
79b88271409cebee,cias_no_persistent_self,390_ground_creature_matched_adversarial_identity,390,ground_creature,matched_adversarial_identity,0.0,0.6666666666666666,,4,0
79b88271409cebee,cias_no_persistent_self,390_virtual_avatar_matched_adversarial_identity,390,virtual_avatar,matched_adversarial_identity,1.0,0.0,0.0,3,1
79b88271409cebee,cias_no_persistent_self,390_wheeled_robot_matched_adversarial_identity,390,wheeled_robot,matched_adversarial_identity,0.0,0.6666666666666666,,4,0
8700f90f93a168db,cias_full,361_drone_matched_adversarial_identity,361,drone,matched_adversarial_identity,0.6805555555555556,0.06944444444444445,0.5,14,1
8700f90f93a168db,cias_full,361_ground_creature_matched_adversarial_identity,361,ground_creature,matched_adversarial_identity,1.0,0.0,0.0,4,1
8700f90f93a168db,cias_full,361_virtual_avatar_matched_adversarial_identity,361,virtual_avatar,matched_adversarial_identity,1.0,0.0,0.0,4,1
8700f90f93a168db,cias_full,361_wheeled_robot_matched_adversarial_identity,361,wheeled_robot,matched_adversarial_identity,0.7083333333333334,0.06944444444444445,0.5,14,1
8700f90f93a168db,cias_full,362_drone_matched_adversarial_identity,362,drone,matched_adversarial_identity,0.6111111111111112,0.09722222222222222,0.7000000000000001,20,1
8700f90f93a168db,cias_full,362_ground_creature_matched_adversarial_identity,362,ground_creature,matched_adversarial_identity,1.0,0.0,0.0,4,1
8700f90f93a168db,cias_full,362_virtual_avatar_matched_adversarial_identity,362,virtual_avatar,matched_adversarial_identity,1.0,0.0,0.0,4,1
8700f90f93a168db,cias_full,362_wheeled_robot_matched_adversarial_identity,362,wheeled_robot,matched_adversarial_identity,0.7083333333333334,0.06944444444444445,0.5,16,1
8700f90f93a168db,cias_full,363_drone_matched_adversarial_identity,363,drone,matched_adversarial_identity,0.625,0.09722222222222222,0.7000000000000001,20,1
8700f90f93a168db,cias_full,363_ground_creature_matched_adversarial_identity,363,ground_creature,matched_adversarial_identity,0.9444444444444444,0.05555555555555555,0.4,8,1
8700f90f93a168db,cias_full,363_virtual_avatar_matched_adversarial_identity,363,virtual_avatar,matched_adversarial_identity,1.0,0.0,0.0,4,1
8700f90f93a168db,cias_full,363_wheeled_robot_matched_adversarial_identity,363,wheeled_robot,matched_adversarial_identity,0.7222222222222222,0.06944444444444445,0.5,16,1
8700f90f93a168db,cias_full,364_drone_matched_adversarial_identity,364,drone,matched_adversarial_identity,0.6111111111111112,0.09722222222222222,0.7000000000000001,20,1
8700f90f93a168db,cias_full,364_ground_creature_matched_adversarial_identity,364,ground_creature,matched_adversarial_identity,0.9305555555555556,0.06944444444444445,0.5,8,1
8700f90f93a168db,cias_full,364_virtual_avatar_matched_adversarial_identity,364,virtual_avatar,matched_adversarial_identity,1.0,0.0,0.0,2,1
8700f90f93a168db,cias_full,364_wheeled_robot_matched_adversarial_identity,364,wheeled_robot,matched_adversarial_identity,0.7222222222222222,0.06944444444444445,0.5,16,1
8700f90f93a168db,cias_full,365_drone_matched_adversarial_identity,365,drone,matched_adversarial_identity,0.4166666666666667,0.2916666666666667,2.3000000000000003,24,1
8700f90f93a168db,cias_full,365_ground_creature_matched_adversarial_identity,365,ground_creature,matched_adversarial_identity,1.0,0.0,0.0,4,1
8700f90f93a168db,cias_full,365_virtual_avatar_matched_adversarial_identity,365,virtual_avatar,matched_adversarial_identity,1.0,0.0,0.0,4,1
8700f90f93a168db,cias_full,365_wheeled_robot_matched_adversarial_identity,365,wheeled_robot,matched_adversarial_identity,0.7222222222222222,0.06944444444444445,0.5,14,1
8700f90f93a168db,cias_full,366_drone_matched_adversarial_identity,366,drone,matched_adversarial_identity,0.6388888888888888,0.08333333333333333,0.6000000000000001,22,1
8700f90f93a168db,cias_full,366_ground_creature_matched_adversarial_identity,366,ground_creature,matched_adversarial_identity,0.9583333333333334,0.041666666666666664,0.30000000000000004,8,1
8700f90f93a168db,cias_full,366_virtual_avatar_matched_adversarial_identity,366,virtual_avatar,matched_adversarial_identity,1.0,0.0,0.0,4,1
8700f90f93a168db,cias_full,366_wheeled_robot_matched_adversarial_identity,366,wheeled_robot,matched_adversarial_identity,0.6944444444444444,0.06944444444444445,0.5,16,1
8700f90f93a168db,cias_full,367_drone_matched_adversarial_identity,367,drone,matched_adversarial_identity,0.6111111111111112,0.09722222222222222,0.7000000000000001,20,1
8700f90f93a168db,cias_full,367_ground_creature_matched_adversarial_identity,367,ground_creature,matched_adversarial_identity,0.9861111111111112,0.013888888888888888,0.1,8,1
8700f90f93a168db,cias_full,367_virtual_avatar_matched_adversarial_identity,367,virtual_avatar,matched_adversarial_identity,1.0,0.0,0.0,4,1
8700f90f93a168db,cias_full,367_wheeled_robot_matched_adversarial_identity,367,wheeled_robot,matched_adversarial_identity,0.7083333333333334,0.06944444444444445,0.5,14,1
8700f90f93a168db,cias_full,368_drone_matched_adversarial_identity,368,drone,matched_adversarial_identity,0.5416666666666666,0.19444444444444445,1.5,22,1
8700f90f93a168db,cias_full,368_ground_creature_matched_adversarial_identity,368,ground_creature,matched_adversarial_identity,1.0,0.0,0.0,4,1
8700f90f93a168db,cias_full,368_virtual_avatar_matched_adversarial_identity,368,virtual_avatar,matched_adversarial_identity,1.0,0.0,0.0,4,1
8700f90f93a168db,cias_full,368_wheeled_robot_matched_adversarial_identity,368,wheeled_robot,matched_adversarial_identity,0.7222222222222222,0.08333333333333333,0.6000000000000001,18,1
8700f90f93a168db,cias_full,369_drone_matched_adversarial_identity,369,drone,matched_adversarial_identity,0.6111111111111112,0.09722222222222222,0.7000000000000001,20,1
8700f90f93a168db,cias_full,369_ground_creature_matched_adversarial_identity,369,ground_creature,matched_adversarial_identity,1.0,0.0,0.0,2,1
8700f90f93a168db,cias_full,369_virtual_avatar_matched_adversarial_identity,369,virtual_avatar,matched_adversarial_identity,1.0,0.0,0.0,2,1
8700f90f93a168db,cias_full,369_wheeled_robot_matched_adversarial_identity,369,wheeled_robot,matched_adversarial_identity,0.9305555555555556,0.06944444444444445,0.5,8,1
8700f90f93a168db,cias_full,370_drone_matched_adversarial_identity,370,drone,matched_adversarial_identity,0.6388888888888888,0.09722222222222222,0.7000000000000001,22,1
8700f90f93a168db,cias_full,370_ground_creature_matched_adversarial_identity,370,ground_creature,matched_adversarial_identity,0.9861111111111112,0.013888888888888888,0.1,8,1
8700f90f93a168db,cias_full,370_virtual_avatar_matched_adversarial_identity,370,virtual_avatar,matched_adversarial_identity,1.0,0.0,0.0,2,1
8700f90f93a168db,cias_full,370_wheeled_robot_matched_adversarial_identity,370,wheeled_robot,matched_adversarial_identity,0.7361111111111112,0.041666666666666664,0.30000000000000004,16,1
8700f90f93a168db,cias_full,371_drone_matched_adversarial_identity,371,drone,matched_adversarial_identity,0.6111111111111112,0.1111111111111111,0.9,20,1
8700f90f93a168db,cias_full,371_ground_creature_matched_adversarial_identity,371,ground_creature,matched_adversarial_identity,0.9444444444444444,0.05555555555555555,0.4,8,1
8700f90f93a168db,cias_full,371_virtual_avatar_matched_adversarial_identity,371,virtual_avatar,matched_adversarial_identity,1.0,0.0,0.0,4,1
8700f90f93a168db,cias_full,371_wheeled_robot_matched_adversarial_identity,371,wheeled_robot,matched_adversarial_identity,0.7361111111111112,0.05555555555555555,0.4,16,1
8700f90f93a168db,cias_full,372_drone_matched_adversarial_identity,372,drone,matched_adversarial_identity,0.7222222222222222,0.0,0.0,18,1
8700f90f93a168db,cias_full,372_ground_creature_matched_adversarial_identity,372,ground_creature,matched_adversarial_identity,1.0,0.0,0.0,4,1
8700f90f93a168db,cias_full,372_virtual_avatar_matched_adversarial_identity,372,virtual_avatar,matched_adversarial_identity,1.0,0.0,0.0,4,1
8700f90f93a168db,cias_full,372_wheeled_robot_matched_adversarial_identity,372,wheeled_robot,matched_adversarial_identity,0.7361111111111112,0.06944444444444445,0.5,14,1
8700f90f93a168db,cias_full,373_drone_matched_adversarial_identity,373,drone,matched_adversarial_identity,0.6388888888888888,0.06944444444444445,0.5,22,1
8700f90f93a168db,cias_full,373_ground_creature_matched_adversarial_identity,373,ground_creature,matched_adversarial_identity,0.9305555555555556,0.06944444444444445,0.5,8,1
8700f90f93a168db,cias_full,373_virtual_avatar_matched_adversarial_identity,373,virtual_avatar,matched_adversarial_identity,1.0,0.0,0.0,4,1
8700f90f93a168db,cias_full,373_wheeled_robot_matched_adversarial_identity,373,wheeled_robot,matched_adversarial_identity,0.6666666666666666,0.09722222222222222,0.7000000000000001,14,1
8700f90f93a168db,cias_full,374_drone_matched_adversarial_identity,374,drone,matched_adversarial_identity,0.7222222222222222,0.0,0.0,22,1
8700f90f93a168db,cias_full,374_ground_creature_matched_adversarial_identity,374,ground_creature,matched_adversarial_identity,1.0,0.0,0.0,4,1
8700f90f93a168db,cias_full,374_virtual_avatar_matched_adversarial_identity,374,virtual_avatar,matched_adversarial_identity,1.0,0.0,0.0,4,1
8700f90f93a168db,cias_full,374_wheeled_robot_matched_adversarial_identity,374,wheeled_robot,matched_adversarial_identity,0.7083333333333334,0.08333333333333333,0.6000000000000001,16,1
8700f90f93a168db,cias_full,375_drone_matched_adversarial_identity,375,drone,matched_adversarial_identity,0.625,0.09722222222222222,0.7000000000000001,16,1
8700f90f93a168db,cias_full,375_ground_creature_matched_adversarial_identity,375,ground_creature,matched_adversarial_identity,0.9305555555555556,0.06944444444444445,0.5,8,1
8700f90f93a168db,cias_full,375_virtual_avatar_matched_adversarial_identity,375,virtual_avatar,matched_adversarial_identity,1.0,0.0,0.0,4,1
8700f90f93a168db,cias_full,375_wheeled_robot_matched_adversarial_identity,375,wheeled_robot,matched_adversarial_identity,0.6944444444444444,0.06944444444444445,0.5,14,1
8700f90f93a168db,cias_full,376_drone_matched_adversarial_identity,376,drone,matched_adversarial_identity,0.6527777777777778,0.06944444444444445,0.5,18,1
8700f90f93a168db,cias_full,376_ground_creature_matched_adversarial_identity,376,ground_creature,matched_adversarial_identity,1.0,0.0,0.0,4,1
8700f90f93a168db,cias_full,376_virtual_avatar_matched_adversarial_identity,376,virtual_avatar,matched_adversarial_identity,1.0,0.0,0.0,4,1
8700f90f93a168db,cias_full,376_wheeled_robot_matched_adversarial_identity,376,wheeled_robot,matched_adversarial_identity,0.9305555555555556,0.06944444444444445,0.5,10,1
8700f90f93a168db,cias_full,377_drone_matched_adversarial_identity,377,drone,matched_adversarial_identity,0.6388888888888888,0.09722222222222222,0.7000000000000001,22,1
8700f90f93a168db,cias_full,377_ground_creature_matched_adversarial_identity,377,ground_creature,matched_adversarial_identity,1.0,0.0,0.0,4,1
8700f90f93a168db,cias_full,377_virtual_avatar_matched_adversarial_identity,377,virtual_avatar,matched_adversarial_identity,1.0,0.0,0.0,4,1
8700f90f93a168db,cias_full,377_wheeled_robot_matched_adversarial_identity,377,wheeled_robot,matched_adversarial_identity,0.6944444444444444,0.06944444444444445,0.5,20,1
8700f90f93a168db,cias_full,378_drone_matched_adversarial_identity,378,drone,matched_adversarial_identity,0.625,0.09722222222222222,0.7000000000000001,16,1
8700f90f93a168db,cias_full,378_ground_creature_matched_adversarial_identity,378,ground_creature,matched_adversarial_identity,1.0,0.0,0.0,4,1
8700f90f93a168db,cias_full,378_virtual_avatar_matched_adversarial_identity,378,virtual_avatar,matched_adversarial_identity,1.0,0.0,0.0,4,1
8700f90f93a168db,cias_full,378_wheeled_robot_matched_adversarial_identity,378,wheeled_robot,matched_adversarial_identity,0.7083333333333334,0.06944444444444445,0.5,16,1
8700f90f93a168db,cias_full,379_drone_matched_adversarial_identity,379,drone,matched_adversarial_identity,0.7083333333333334,0.0,0.0,28,1
8700f90f93a168db,cias_full,379_ground_creature_matched_adversarial_identity,379,ground_creature,matched_adversarial_identity,1.0,0.0,0.0,4,1
8700f90f93a168db,cias_full,379_virtual_avatar_matched_adversarial_identity,379,virtual_avatar,matched_adversarial_identity,1.0,0.0,0.0,4,1
8700f90f93a168db,cias_full,379_wheeled_robot_matched_adversarial_identity,379,wheeled_robot,matched_adversarial_identity,0.9305555555555556,0.06944444444444445,0.5,10,1
8700f90f93a168db,cias_full,380_drone_matched_adversarial_identity,380,drone,matched_adversarial_identity,0.6527777777777778,0.06944444444444445,0.5,16,1
8700f90f93a168db,cias_full,380_ground_creature_matched_adversarial_identity,380,ground_creature,matched_adversarial_identity,0.9583333333333334,0.041666666666666664,0.30000000000000004,8,1
8700f90f93a168db,cias_full,380_virtual_avatar_matched_adversarial_identity,380,virtual_avatar,matched_adversarial_identity,1.0,0.0,0.0,4,1
8700f90f93a168db,cias_full,380_wheeled_robot_matched_adversarial_identity,380,wheeled_robot,matched_adversarial_identity,0.8333333333333334,0.0,0.0,12,1
8700f90f93a168db,cias_full,381_drone_matched_adversarial_identity,381,drone,matched_adversarial_identity,0.6388888888888888,0.09722222222222222,0.7000000000000001,20,1
8700f90f93a168db,cias_full,381_ground_creature_matched_adversarial_identity,381,ground_creature,matched_adversarial_identity,1.0,0.0,0.0,4,1
8700f90f93a168db,cias_full,381_virtual_avatar_matched_adversarial_identity,381,virtual_avatar,matched_adversarial_identity,1.0,0.0,0.0,4,1
8700f90f93a168db,cias_full,381_wheeled_robot_matched_adversarial_identity,381,wheeled_robot,matched_adversarial_identity,0.6527777777777778,0.08333333333333333,0.6000000000000001,20,1
8700f90f93a168db,cias_full,382_drone_matched_adversarial_identity,382,drone,matched_adversarial_identity,0.7361111111111112,0.0,0.0,22,1
8700f90f93a168db,cias_full,382_ground_creature_matched_adversarial_identity,382,ground_creature,matched_adversarial_identity,1.0,0.0,0.0,4,1
8700f90f93a168db,cias_full,382_virtual_avatar_matched_adversarial_identity,382,virtual_avatar,matched_adversarial_identity,1.0,0.0,0.0,4,1
8700f90f93a168db,cias_full,382_wheeled_robot_matched_adversarial_identity,382,wheeled_robot,matched_adversarial_identity,0.9305555555555556,0.06944444444444445,0.5,10,1
8700f90f93a168db,cias_full,383_drone_matched_adversarial_identity,383,drone,matched_adversarial_identity,0.6527777777777778,0.09722222222222222,0.7000000000000001,20,1
8700f90f93a168db,cias_full,383_ground_creature_matched_adversarial_identity,383,ground_creature,matched_adversarial_identity,1.0,0.0,0.0,4,1
8700f90f93a168db,cias_full,383_virtual_avatar_matched_adversarial_identity,383,virtual_avatar,matched_adversarial_identity,1.0,0.0,0.0,4,1
8700f90f93a168db,cias_full,383_wheeled_robot_matched_adversarial_identity,383,wheeled_robot,matched_adversarial_identity,0.9305555555555556,0.06944444444444445,0.5,8,1
8700f90f93a168db,cias_full,384_drone_matched_adversarial_identity,384,drone,matched_adversarial_identity,0.7222222222222222,0.0,0.0,16,1
8700f90f93a168db,cias_full,384_ground_creature_matched_adversarial_identity,384,ground_creature,matched_adversarial_identity,1.0,0.0,0.0,4,1
8700f90f93a168db,cias_full,384_virtual_avatar_matched_adversarial_identity,384,virtual_avatar,matched_adversarial_identity,1.0,0.0,0.0,2,1
8700f90f93a168db,cias_full,384_wheeled_robot_matched_adversarial_identity,384,wheeled_robot,matched_adversarial_identity,0.6944444444444444,0.09722222222222222,0.7000000000000001,14,1
8700f90f93a168db,cias_full,385_drone_matched_adversarial_identity,385,drone,matched_adversarial_identity,0.7222222222222222,0.0,0.0,14,1
8700f90f93a168db,cias_full,385_ground_creature_matched_adversarial_identity,385,ground_creature,matched_adversarial_identity,1.0,0.0,0.0,4,1
8700f90f93a168db,cias_full,385_virtual_avatar_matched_adversarial_identity,385,virtual_avatar,matched_adversarial_identity,1.0,0.0,0.0,4,1
8700f90f93a168db,cias_full,385_wheeled_robot_matched_adversarial_identity,385,wheeled_robot,matched_adversarial_identity,1.0,0.0,0.0,4,1
8700f90f93a168db,cias_full,386_drone_matched_adversarial_identity,386,drone,matched_adversarial_identity,0.6527777777777778,0.06944444444444445,0.5,20,1
8700f90f93a168db,cias_full,386_ground_creature_matched_adversarial_identity,386,ground_creature,matched_adversarial_identity,1.0,0.0,0.0,4,1
8700f90f93a168db,cias_full,386_virtual_avatar_matched_adversarial_identity,386,virtual_avatar,matched_adversarial_identity,1.0,0.0,0.0,4,1
8700f90f93a168db,cias_full,386_wheeled_robot_matched_adversarial_identity,386,wheeled_robot,matched_adversarial_identity,1.0,0.0,0.0,8,1
8700f90f93a168db,cias_full,387_drone_matched_adversarial_identity,387,drone,matched_adversarial_identity,0.7083333333333334,0.0,0.0,22,1
8700f90f93a168db,cias_full,387_ground_creature_matched_adversarial_identity,387,ground_creature,matched_adversarial_identity,1.0,0.0,0.0,4,1
8700f90f93a168db,cias_full,387_virtual_avatar_matched_adversarial_identity,387,virtual_avatar,matched_adversarial_identity,1.0,0.0,0.0,4,1
8700f90f93a168db,cias_full,387_wheeled_robot_matched_adversarial_identity,387,wheeled_robot,matched_adversarial_identity,0.7777777777777778,0.0,0.0,14,1
8700f90f93a168db,cias_full,388_drone_matched_adversarial_identity,388,drone,matched_adversarial_identity,0.75,0.0,0.0,22,1
8700f90f93a168db,cias_full,388_ground_creature_matched_adversarial_identity,388,ground_creature,matched_adversarial_identity,1.0,0.0,0.0,4,1
8700f90f93a168db,cias_full,388_virtual_avatar_matched_adversarial_identity,388,virtual_avatar,matched_adversarial_identity,1.0,0.0,0.0,4,1
8700f90f93a168db,cias_full,388_wheeled_robot_matched_adversarial_identity,388,wheeled_robot,matched_adversarial_identity,1.0,0.0,0.0,4,1
8700f90f93a168db,cias_full,389_drone_matched_adversarial_identity,389,drone,matched_adversarial_identity,0.7361111111111112,0.0,0.0,14,1
8700f90f93a168db,cias_full,389_ground_creature_matched_adversarial_identity,389,ground_creature,matched_adversarial_identity,1.0,0.0,0.0,4,1
8700f90f93a168db,cias_full,389_virtual_avatar_matched_adversarial_identity,389,virtual_avatar,matched_adversarial_identity,1.0,0.0,0.0,4,1
8700f90f93a168db,cias_full,389_wheeled_robot_matched_adversarial_identity,389,wheeled_robot,matched_adversarial_identity,0.7916666666666666,0.0,0.0,10,1
8700f90f93a168db,cias_full,390_drone_matched_adversarial_identity,390,drone,matched_adversarial_identity,0.6388888888888888,0.06944444444444445,0.5,16,1
8700f90f93a168db,cias_full,390_ground_creature_matched_adversarial_identity,390,ground_creature,matched_adversarial_identity,1.0,0.0,0.0,4,1
8700f90f93a168db,cias_full,390_virtual_avatar_matched_adversarial_identity,390,virtual_avatar,matched_adversarial_identity,1.0,0.0,0.0,4,1
8700f90f93a168db,cias_full,390_wheeled_robot_matched_adversarial_identity,390,wheeled_robot,matched_adversarial_identity,1.0,0.0,0.0,6,1
8700f90f93a168db,cias_no_persistent_self,361_drone_matched_adversarial_identity,361,drone,matched_adversarial_identity,0.0,0.6666666666666666,,4,0
8700f90f93a168db,cias_no_persistent_self,361_ground_creature_matched_adversarial_identity,361,ground_creature,matched_adversarial_identity,0.0,0.6666666666666666,,4,0
8700f90f93a168db,cias_no_persistent_self,361_virtual_avatar_matched_adversarial_identity,361,virtual_avatar,matched_adversarial_identity,0.0,0.6666666666666666,,4,0
8700f90f93a168db,cias_no_persistent_self,361_wheeled_robot_matched_adversarial_identity,361,wheeled_robot,matched_adversarial_identity,0.0,0.6666666666666666,,4,0
8700f90f93a168db,cias_no_persistent_self,362_drone_matched_adversarial_identity,362,drone,matched_adversarial_identity,0.0,0.6666666666666666,,4,0
8700f90f93a168db,cias_no_persistent_self,362_ground_creature_matched_adversarial_identity,362,ground_creature,matched_adversarial_identity,0.0,0.6666666666666666,,4,0
8700f90f93a168db,cias_no_persistent_self,362_virtual_avatar_matched_adversarial_identity,362,virtual_avatar,matched_adversarial_identity,0.0,0.6666666666666666,,4,0
8700f90f93a168db,cias_no_persistent_self,362_wheeled_robot_matched_adversarial_identity,362,wheeled_robot,matched_adversarial_identity,0.0,0.6666666666666666,,4,0
8700f90f93a168db,cias_no_persistent_self,363_drone_matched_adversarial_identity,363,drone,matched_adversarial_identity,0.0,0.6666666666666666,,4,0
8700f90f93a168db,cias_no_persistent_self,363_ground_creature_matched_adversarial_identity,363,ground_creature,matched_adversarial_identity,0.0,0.6666666666666666,,4,0
8700f90f93a168db,cias_no_persistent_self,363_virtual_avatar_matched_adversarial_identity,363,virtual_avatar,matched_adversarial_identity,0.0,0.6666666666666666,,4,0
8700f90f93a168db,cias_no_persistent_self,363_wheeled_robot_matched_adversarial_identity,363,wheeled_robot,matched_adversarial_identity,0.0,0.6666666666666666,,4,0
8700f90f93a168db,cias_no_persistent_self,364_drone_matched_adversarial_identity,364,drone,matched_adversarial_identity,0.0,0.6666666666666666,,4,0
8700f90f93a168db,cias_no_persistent_self,364_ground_creature_matched_adversarial_identity,364,ground_creature,matched_adversarial_identity,0.0,0.6666666666666666,,4,0
8700f90f93a168db,cias_no_persistent_self,364_virtual_avatar_matched_adversarial_identity,364,virtual_avatar,matched_adversarial_identity,0.0,0.6666666666666666,,4,0
8700f90f93a168db,cias_no_persistent_self,364_wheeled_robot_matched_adversarial_identity,364,wheeled_robot,matched_adversarial_identity,0.0,0.6666666666666666,,4,0
8700f90f93a168db,cias_no_persistent_self,365_drone_matched_adversarial_identity,365,drone,matched_adversarial_identity,0.0,0.6666666666666666,,4,0
8700f90f93a168db,cias_no_persistent_self,365_ground_creature_matched_adversarial_identity,365,ground_creature,matched_adversarial_identity,0.0,0.6666666666666666,,4,0
8700f90f93a168db,cias_no_persistent_self,365_virtual_avatar_matched_adversarial_identity,365,virtual_avatar,matched_adversarial_identity,0.0,0.6666666666666666,,4,0
8700f90f93a168db,cias_no_persistent_self,365_wheeled_robot_matched_adversarial_identity,365,wheeled_robot,matched_adversarial_identity,0.0,0.6666666666666666,,4,0
8700f90f93a168db,cias_no_persistent_self,366_drone_matched_adversarial_identity,366,drone,matched_adversarial_identity,0.0,0.6666666666666666,,4,0
8700f90f93a168db,cias_no_persistent_self,366_ground_creature_matched_adversarial_identity,366,ground_creature,matched_adversarial_identity,0.0,0.6666666666666666,,4,0
8700f90f93a168db,cias_no_persistent_self,366_virtual_avatar_matched_adversarial_identity,366,virtual_avatar,matched_adversarial_identity,1.0,0.0,0.0,3,1
8700f90f93a168db,cias_no_persistent_self,366_wheeled_robot_matched_adversarial_identity,366,wheeled_robot,matched_adversarial_identity,0.0,0.6666666666666666,,4,0
8700f90f93a168db,cias_no_persistent_self,367_drone_matched_adversarial_identity,367,drone,matched_adversarial_identity,0.0,0.6666666666666666,,4,0
8700f90f93a168db,cias_no_persistent_self,367_ground_creature_matched_adversarial_identity,367,ground_creature,matched_adversarial_identity,0.0,0.6666666666666666,,4,0
8700f90f93a168db,cias_no_persistent_self,367_virtual_avatar_matched_adversarial_identity,367,virtual_avatar,matched_adversarial_identity,1.0,0.0,0.0,3,1
8700f90f93a168db,cias_no_persistent_self,367_wheeled_robot_matched_adversarial_identity,367,wheeled_robot,matched_adversarial_identity,0.0,0.6666666666666666,,4,0
8700f90f93a168db,cias_no_persistent_self,368_drone_matched_adversarial_identity,368,drone,matched_adversarial_identity,0.0,0.6666666666666666,,4,0
8700f90f93a168db,cias_no_persistent_self,368_ground_creature_matched_adversarial_identity,368,ground_creature,matched_adversarial_identity,1.0,0.0,0.0,3,1
8700f90f93a168db,cias_no_persistent_self,368_virtual_avatar_matched_adversarial_identity,368,virtual_avatar,matched_adversarial_identity,1.0,0.0,0.0,3,1
8700f90f93a168db,cias_no_persistent_self,368_wheeled_robot_matched_adversarial_identity,368,wheeled_robot,matched_adversarial_identity,1.0,0.0,0.0,3,1
8700f90f93a168db,cias_no_persistent_self,369_drone_matched_adversarial_identity,369,drone,matched_adversarial_identity,0.0,0.6666666666666666,,4,0
8700f90f93a168db,cias_no_persistent_self,369_ground_creature_matched_adversarial_identity,369,ground_creature,matched_adversarial_identity,0.0,0.6666666666666666,,4,0
8700f90f93a168db,cias_no_persistent_self,369_virtual_avatar_matched_adversarial_identity,369,virtual_avatar,matched_adversarial_identity,1.0,0.0,0.0,3,1
8700f90f93a168db,cias_no_persistent_self,369_wheeled_robot_matched_adversarial_identity,369,wheeled_robot,matched_adversarial_identity,0.0,0.6666666666666666,,4,0
8700f90f93a168db,cias_no_persistent_self,370_drone_matched_adversarial_identity,370,drone,matched_adversarial_identity,0.0,0.6666666666666666,,4,0
8700f90f93a168db,cias_no_persistent_self,370_ground_creature_matched_adversarial_identity,370,ground_creature,matched_adversarial_identity,0.0,0.6666666666666666,,4,0
8700f90f93a168db,cias_no_persistent_self,370_virtual_avatar_matched_adversarial_identity,370,virtual_avatar,matched_adversarial_identity,1.0,0.0,0.0,3,1
8700f90f93a168db,cias_no_persistent_self,370_wheeled_robot_matched_adversarial_identity,370,wheeled_robot,matched_adversarial_identity,0.0,0.6666666666666666,,4,0
8700f90f93a168db,cias_no_persistent_self,371_drone_matched_adversarial_identity,371,drone,matched_adversarial_identity,0.0,0.6666666666666666,,4,0
8700f90f93a168db,cias_no_persistent_self,371_ground_creature_matched_adversarial_identity,371,ground_creature,matched_adversarial_identity,1.0,0.0,0.0,3,1
8700f90f93a168db,cias_no_persistent_self,371_virtual_avatar_matched_adversarial_identity,371,virtual_avatar,matched_adversarial_identity,1.0,0.0,0.0,3,1
8700f90f93a168db,cias_no_persistent_self,371_wheeled_robot_matched_adversarial_identity,371,wheeled_robot,matched_adversarial_identity,1.0,0.0,0.0,3,1
8700f90f93a168db,cias_no_persistent_self,372_drone_matched_adversarial_identity,372,drone,matched_adversarial_identity,0.0,0.6666666666666666,,4,0
8700f90f93a168db,cias_no_persistent_self,372_ground_creature_matched_adversarial_identity,372,ground_creature,matched_adversarial_identity,0.0,0.6666666666666666,,4,0
8700f90f93a168db,cias_no_persistent_self,372_virtual_avatar_matched_adversarial_identity,372,virtual_avatar,matched_adversarial_identity,1.0,0.0,0.0,3,1
8700f90f93a168db,cias_no_persistent_self,372_wheeled_robot_matched_adversarial_identity,372,wheeled_robot,matched_adversarial_identity,0.0,0.6666666666666666,,4,0
8700f90f93a168db,cias_no_persistent_self,373_drone_matched_adversarial_identity,373,drone,matched_adversarial_identity,0.0,0.6666666666666666,,4,0
8700f90f93a168db,cias_no_persistent_self,373_ground_creature_matched_adversarial_identity,373,ground_creature,matched_adversarial_identity,1.0,0.0,0.0,3,1
8700f90f93a168db,cias_no_persistent_self,373_virtual_avatar_matched_adversarial_identity,373,virtual_avatar,matched_adversarial_identity,1.0,0.0,0.0,3,1
8700f90f93a168db,cias_no_persistent_self,373_wheeled_robot_matched_adversarial_identity,373,wheeled_robot,matched_adversarial_identity,0.0,0.6666666666666666,,4,0
8700f90f93a168db,cias_no_persistent_self,374_drone_matched_adversarial_identity,374,drone,matched_adversarial_identity,0.0,0.6666666666666666,,4,0
8700f90f93a168db,cias_no_persistent_self,374_ground_creature_matched_adversarial_identity,374,ground_creature,matched_adversarial_identity,0.0,0.6666666666666666,,4,0
8700f90f93a168db,cias_no_persistent_self,374_virtual_avatar_matched_adversarial_identity,374,virtual_avatar,matched_adversarial_identity,1.0,0.0,0.0,3,1
8700f90f93a168db,cias_no_persistent_self,374_wheeled_robot_matched_adversarial_identity,374,wheeled_robot,matched_adversarial_identity,0.0,0.6666666666666666,,4,0
8700f90f93a168db,cias_no_persistent_self,375_drone_matched_adversarial_identity,375,drone,matched_adversarial_identity,0.0,0.6666666666666666,,4,0
8700f90f93a168db,cias_no_persistent_self,375_ground_creature_matched_adversarial_identity,375,ground_creature,matched_adversarial_identity,0.0,0.6666666666666666,,4,0
8700f90f93a168db,cias_no_persistent_self,375_virtual_avatar_matched_adversarial_identity,375,virtual_avatar,matched_adversarial_identity,0.0,0.6666666666666666,,4,0
8700f90f93a168db,cias_no_persistent_self,375_wheeled_robot_matched_adversarial_identity,375,wheeled_robot,matched_adversarial_identity,0.0,0.6666666666666666,,4,0
8700f90f93a168db,cias_no_persistent_self,376_drone_matched_adversarial_identity,376,drone,matched_adversarial_identity,0.0,0.6666666666666666,,4,0
8700f90f93a168db,cias_no_persistent_self,376_ground_creature_matched_adversarial_identity,376,ground_creature,matched_adversarial_identity,0.0,0.6666666666666666,,4,0
8700f90f93a168db,cias_no_persistent_self,376_virtual_avatar_matched_adversarial_identity,376,virtual_avatar,matched_adversarial_identity,0.0,0.6666666666666666,,4,0
8700f90f93a168db,cias_no_persistent_self,376_wheeled_robot_matched_adversarial_identity,376,wheeled_robot,matched_adversarial_identity,0.0,0.6666666666666666,,4,0
8700f90f93a168db,cias_no_persistent_self,377_drone_matched_adversarial_identity,377,drone,matched_adversarial_identity,0.0,0.6666666666666666,,4,0
8700f90f93a168db,cias_no_persistent_self,377_ground_creature_matched_adversarial_identity,377,ground_creature,matched_adversarial_identity,0.0,0.6666666666666666,,4,0
8700f90f93a168db,cias_no_persistent_self,377_virtual_avatar_matched_adversarial_identity,377,virtual_avatar,matched_adversarial_identity,0.0,0.6666666666666666,,4,0
8700f90f93a168db,cias_no_persistent_self,377_wheeled_robot_matched_adversarial_identity,377,wheeled_robot,matched_adversarial_identity,0.0,0.6666666666666666,,4,0
8700f90f93a168db,cias_no_persistent_self,378_drone_matched_adversarial_identity,378,drone,matched_adversarial_identity,0.0,0.6666666666666666,,4,0
8700f90f93a168db,cias_no_persistent_self,378_ground_creature_matched_adversarial_identity,378,ground_creature,matched_adversarial_identity,0.0,0.6666666666666666,,4,0
8700f90f93a168db,cias_no_persistent_self,378_virtual_avatar_matched_adversarial_identity,378,virtual_avatar,matched_adversarial_identity,0.0,0.6666666666666666,,4,0
8700f90f93a168db,cias_no_persistent_self,378_wheeled_robot_matched_adversarial_identity,378,wheeled_robot,matched_adversarial_identity,0.0,0.6666666666666666,,4,0
8700f90f93a168db,cias_no_persistent_self,379_drone_matched_adversarial_identity,379,drone,matched_adversarial_identity,0.0,0.6666666666666666,,4,0
8700f90f93a168db,cias_no_persistent_self,379_ground_creature_matched_adversarial_identity,379,ground_creature,matched_adversarial_identity,0.0,0.6666666666666666,,4,0
8700f90f93a168db,cias_no_persistent_self,379_virtual_avatar_matched_adversarial_identity,379,virtual_avatar,matched_adversarial_identity,0.0,0.6666666666666666,,4,0
8700f90f93a168db,cias_no_persistent_self,379_wheeled_robot_matched_adversarial_identity,379,wheeled_robot,matched_adversarial_identity,0.0,0.6666666666666666,,4,0
8700f90f93a168db,cias_no_persistent_self,380_drone_matched_adversarial_identity,380,drone,matched_adversarial_identity,0.0,0.6666666666666666,,4,0
8700f90f93a168db,cias_no_persistent_self,380_ground_creature_matched_adversarial_identity,380,ground_creature,matched_adversarial_identity,0.0,0.6666666666666666,,4,0
8700f90f93a168db,cias_no_persistent_self,380_virtual_avatar_matched_adversarial_identity,380,virtual_avatar,matched_adversarial_identity,0.0,0.6666666666666666,,4,0
8700f90f93a168db,cias_no_persistent_self,380_wheeled_robot_matched_adversarial_identity,380,wheeled_robot,matched_adversarial_identity,0.0,0.6666666666666666,,4,0
8700f90f93a168db,cias_no_persistent_self,381_drone_matched_adversarial_identity,381,drone,matched_adversarial_identity,0.0,0.6666666666666666,,4,0
8700f90f93a168db,cias_no_persistent_self,381_ground_creature_matched_adversarial_identity,381,ground_creature,matched_adversarial_identity,0.0,0.6666666666666666,,4,0
8700f90f93a168db,cias_no_persistent_self,381_virtual_avatar_matched_adversarial_identity,381,virtual_avatar,matched_adversarial_identity,0.0,0.6666666666666666,,4,0
8700f90f93a168db,cias_no_persistent_self,381_wheeled_robot_matched_adversarial_identity,381,wheeled_robot,matched_adversarial_identity,0.0,0.6666666666666666,,4,0
8700f90f93a168db,cias_no_persistent_self,382_drone_matched_adversarial_identity,382,drone,matched_adversarial_identity,0.0,0.6666666666666666,,4,0
8700f90f93a168db,cias_no_persistent_self,382_ground_creature_matched_adversarial_identity,382,ground_creature,matched_adversarial_identity,0.0,0.6666666666666666,,4,0
8700f90f93a168db,cias_no_persistent_self,382_virtual_avatar_matched_adversarial_identity,382,virtual_avatar,matched_adversarial_identity,0.0,0.6666666666666666,,4,0
8700f90f93a168db,cias_no_persistent_self,382_wheeled_robot_matched_adversarial_identity,382,wheeled_robot,matched_adversarial_identity,0.0,0.6666666666666666,,4,0
8700f90f93a168db,cias_no_persistent_self,383_drone_matched_adversarial_identity,383,drone,matched_adversarial_identity,0.0,0.6666666666666666,,4,0
8700f90f93a168db,cias_no_persistent_self,383_ground_creature_matched_adversarial_identity,383,ground_creature,matched_adversarial_identity,0.0,0.6666666666666666,,4,0
8700f90f93a168db,cias_no_persistent_self,383_virtual_avatar_matched_adversarial_identity,383,virtual_avatar,matched_adversarial_identity,0.0,0.6666666666666666,,4,0
8700f90f93a168db,cias_no_persistent_self,383_wheeled_robot_matched_adversarial_identity,383,wheeled_robot,matched_adversarial_identity,0.0,0.6666666666666666,,4,0
8700f90f93a168db,cias_no_persistent_self,384_drone_matched_adversarial_identity,384,drone,matched_adversarial_identity,0.0,0.6666666666666666,,4,0
8700f90f93a168db,cias_no_persistent_self,384_ground_creature_matched_adversarial_identity,384,ground_creature,matched_adversarial_identity,0.0,0.6666666666666666,,4,0
8700f90f93a168db,cias_no_persistent_self,384_virtual_avatar_matched_adversarial_identity,384,virtual_avatar,matched_adversarial_identity,1.0,0.0,0.0,3,1
8700f90f93a168db,cias_no_persistent_self,384_wheeled_robot_matched_adversarial_identity,384,wheeled_robot,matched_adversarial_identity,0.0,0.6666666666666666,,4,0
8700f90f93a168db,cias_no_persistent_self,385_drone_matched_adversarial_identity,385,drone,matched_adversarial_identity,0.0,0.6666666666666666,,4,0
8700f90f93a168db,cias_no_persistent_self,385_ground_creature_matched_adversarial_identity,385,ground_creature,matched_adversarial_identity,0.0,0.6666666666666666,,4,0
8700f90f93a168db,cias_no_persistent_self,385_virtual_avatar_matched_adversarial_identity,385,virtual_avatar,matched_adversarial_identity,1.0,0.0,0.0,3,1
8700f90f93a168db,cias_no_persistent_self,385_wheeled_robot_matched_adversarial_identity,385,wheeled_robot,matched_adversarial_identity,0.0,0.6666666666666666,,4,0
8700f90f93a168db,cias_no_persistent_self,386_drone_matched_adversarial_identity,386,drone,matched_adversarial_identity,0.0,0.6666666666666666,,4,0
8700f90f93a168db,cias_no_persistent_self,386_ground_creature_matched_adversarial_identity,386,ground_creature,matched_adversarial_identity,0.0,0.6666666666666666,,4,0
8700f90f93a168db,cias_no_persistent_self,386_virtual_avatar_matched_adversarial_identity,386,virtual_avatar,matched_adversarial_identity,1.0,0.0,0.0,3,1
8700f90f93a168db,cias_no_persistent_self,386_wheeled_robot_matched_adversarial_identity,386,wheeled_robot,matched_adversarial_identity,0.0,0.6666666666666666,,4,0
8700f90f93a168db,cias_no_persistent_self,387_drone_matched_adversarial_identity,387,drone,matched_adversarial_identity,0.0,0.6666666666666666,,4,0
8700f90f93a168db,cias_no_persistent_self,387_ground_creature_matched_adversarial_identity,387,ground_creature,matched_adversarial_identity,0.0,0.6666666666666666,,4,0
8700f90f93a168db,cias_no_persistent_self,387_virtual_avatar_matched_adversarial_identity,387,virtual_avatar,matched_adversarial_identity,1.0,0.0,0.0,3,1
8700f90f93a168db,cias_no_persistent_self,387_wheeled_robot_matched_adversarial_identity,387,wheeled_robot,matched_adversarial_identity,0.0,0.6666666666666666,,4,0
8700f90f93a168db,cias_no_persistent_self,388_drone_matched_adversarial_identity,388,drone,matched_adversarial_identity,0.0,0.6666666666666666,,4,0
8700f90f93a168db,cias_no_persistent_self,388_ground_creature_matched_adversarial_identity,388,ground_creature,matched_adversarial_identity,0.0,0.6666666666666666,,4,0
8700f90f93a168db,cias_no_persistent_self,388_virtual_avatar_matched_adversarial_identity,388,virtual_avatar,matched_adversarial_identity,1.0,0.0,0.0,3,1
8700f90f93a168db,cias_no_persistent_self,388_wheeled_robot_matched_adversarial_identity,388,wheeled_robot,matched_adversarial_identity,0.0,0.6666666666666666,,4,0
8700f90f93a168db,cias_no_persistent_self,389_drone_matched_adversarial_identity,389,drone,matched_adversarial_identity,0.0,0.6666666666666666,,4,0
8700f90f93a168db,cias_no_persistent_self,389_ground_creature_matched_adversarial_identity,389,ground_creature,matched_adversarial_identity,1.0,0.0,0.0,3,1
8700f90f93a168db,cias_no_persistent_self,389_virtual_avatar_matched_adversarial_identity,389,virtual_avatar,matched_adversarial_identity,1.0,0.0,0.0,3,1
8700f90f93a168db,cias_no_persistent_self,389_wheeled_robot_matched_adversarial_identity,389,wheeled_robot,matched_adversarial_identity,0.0,0.6666666666666666,,4,0
8700f90f93a168db,cias_no_persistent_self,390_drone_matched_adversarial_identity,390,drone,matched_adversarial_identity,0.0,0.6666666666666666,,4,0
8700f90f93a168db,cias_no_persistent_self,390_ground_creature_matched_adversarial_identity,390,ground_creature,matched_adversarial_identity,0.0,0.6666666666666666,,4,0
8700f90f93a168db,cias_no_persistent_self,390_virtual_avatar_matched_adversarial_identity,390,virtual_avatar,matched_adversarial_identity,1.0,0.0,0.0,3,1
8700f90f93a168db,cias_no_persistent_self,390_wheeled_robot_matched_adversarial_identity,390,wheeled_robot,matched_adversarial_identity,0.0,0.6666666666666666,,4,0
a43a193a7b0fd727,cias_full,361_drone_matched_adversarial_identity,361,drone,matched_adversarial_identity,0.9305555555555556,0.06944444444444445,0.5,14,1
a43a193a7b0fd727,cias_full,361_ground_creature_matched_adversarial_identity,361,ground_creature,matched_adversarial_identity,1.0,0.0,0.0,6,1
a43a193a7b0fd727,cias_full,361_virtual_avatar_matched_adversarial_identity,361,virtual_avatar,matched_adversarial_identity,1.0,0.0,0.0,6,1
a43a193a7b0fd727,cias_full,361_wheeled_robot_matched_adversarial_identity,361,wheeled_robot,matched_adversarial_identity,1.0,0.0,0.0,6,1
a43a193a7b0fd727,cias_full,362_drone_matched_adversarial_identity,362,drone,matched_adversarial_identity,0.9027777777777778,0.09722222222222222,0.7000000000000001,14,1
a43a193a7b0fd727,cias_full,362_ground_creature_matched_adversarial_identity,362,ground_creature,matched_adversarial_identity,1.0,0.0,0.0,6,1
a43a193a7b0fd727,cias_full,362_virtual_avatar_matched_adversarial_identity,362,virtual_avatar,matched_adversarial_identity,1.0,0.0,0.0,6,1
a43a193a7b0fd727,cias_full,362_wheeled_robot_matched_adversarial_identity,362,wheeled_robot,matched_adversarial_identity,1.0,0.0,0.0,6,1
a43a193a7b0fd727,cias_full,363_drone_matched_adversarial_identity,363,drone,matched_adversarial_identity,0.625,0.09722222222222222,0.7000000000000001,20,1
a43a193a7b0fd727,cias_full,363_ground_creature_matched_adversarial_identity,363,ground_creature,matched_adversarial_identity,1.0,0.0,0.0,6,1
a43a193a7b0fd727,cias_full,363_virtual_avatar_matched_adversarial_identity,363,virtual_avatar,matched_adversarial_identity,1.0,0.0,0.0,6,1
a43a193a7b0fd727,cias_full,363_wheeled_robot_matched_adversarial_identity,363,wheeled_robot,matched_adversarial_identity,0.9305555555555556,0.06944444444444445,0.5,8,1
a43a193a7b0fd727,cias_full,364_drone_matched_adversarial_identity,364,drone,matched_adversarial_identity,0.9027777777777778,0.09722222222222222,0.7000000000000001,8,1
a43a193a7b0fd727,cias_full,364_ground_creature_matched_adversarial_identity,364,ground_creature,matched_adversarial_identity,1.0,0.0,0.0,6,1
a43a193a7b0fd727,cias_full,364_virtual_avatar_matched_adversarial_identity,364,virtual_avatar,matched_adversarial_identity,1.0,0.0,0.0,4,1
a43a193a7b0fd727,cias_full,364_wheeled_robot_matched_adversarial_identity,364,wheeled_robot,matched_adversarial_identity,1.0,0.0,0.0,6,1
a43a193a7b0fd727,cias_full,365_drone_matched_adversarial_identity,365,drone,matched_adversarial_identity,0.6388888888888888,0.09722222222222222,0.7000000000000001,20,1
a43a193a7b0fd727,cias_full,365_ground_creature_matched_adversarial_identity,365,ground_creature,matched_adversarial_identity,1.0,0.0,0.0,6,1
a43a193a7b0fd727,cias_full,365_virtual_avatar_matched_adversarial_identity,365,virtual_avatar,matched_adversarial_identity,1.0,0.0,0.0,6,1
a43a193a7b0fd727,cias_full,365_wheeled_robot_matched_adversarial_identity,365,wheeled_robot,matched_adversarial_identity,0.9305555555555556,0.06944444444444445,0.5,10,1
a43a193a7b0fd727,cias_full,366_drone_matched_adversarial_identity,366,drone,matched_adversarial_identity,0.6666666666666666,0.08333333333333333,0.6000000000000001,18,1
a43a193a7b0fd727,cias_full,366_ground_creature_matched_adversarial_identity,366,ground_creature,matched_adversarial_identity,1.0,0.0,0.0,6,1
a43a193a7b0fd727,cias_full,366_virtual_avatar_matched_adversarial_identity,366,virtual_avatar,matched_adversarial_identity,1.0,0.0,0.0,6,1
a43a193a7b0fd727,cias_full,366_wheeled_robot_matched_adversarial_identity,366,wheeled_robot,matched_adversarial_identity,0.9305555555555556,0.06944444444444445,0.5,10,1
a43a193a7b0fd727,cias_full,367_drone_matched_adversarial_identity,367,drone,matched_adversarial_identity,0.6111111111111112,0.09722222222222222,0.7000000000000001,16,1
a43a193a7b0fd727,cias_full,367_ground_creature_matched_adversarial_identity,367,ground_creature,matched_adversarial_identity,1.0,0.0,0.0,6,1
a43a193a7b0fd727,cias_full,367_virtual_avatar_matched_adversarial_identity,367,virtual_avatar,matched_adversarial_identity,1.0,0.0,0.0,6,1
a43a193a7b0fd727,cias_full,367_wheeled_robot_matched_adversarial_identity,367,wheeled_robot,matched_adversarial_identity,0.9305555555555556,0.06944444444444445,0.5,10,1
a43a193a7b0fd727,cias_full,368_drone_matched_adversarial_identity,368,drone,matched_adversarial_identity,0.9027777777777778,0.09722222222222222,0.7000000000000001,14,1
a43a193a7b0fd727,cias_full,368_ground_creature_matched_adversarial_identity,368,ground_creature,matched_adversarial_identity,1.0,0.0,0.0,6,1
a43a193a7b0fd727,cias_full,368_virtual_avatar_matched_adversarial_identity,368,virtual_avatar,matched_adversarial_identity,1.0,0.0,0.0,6,1
a43a193a7b0fd727,cias_full,368_wheeled_robot_matched_adversarial_identity,368,wheeled_robot,matched_adversarial_identity,0.9166666666666666,0.08333333333333333,0.6000000000000001,12,1
a43a193a7b0fd727,cias_full,369_drone_matched_adversarial_identity,369,drone,matched_adversarial_identity,0.625,0.09722222222222222,0.7000000000000001,18,1
a43a193a7b0fd727,cias_full,369_ground_creature_matched_adversarial_identity,369,ground_creature,matched_adversarial_identity,1.0,0.0,0.0,6,1
a43a193a7b0fd727,cias_full,369_virtual_avatar_matched_adversarial_identity,369,virtual_avatar,matched_adversarial_identity,1.0,0.0,0.0,6,1
a43a193a7b0fd727,cias_full,369_wheeled_robot_matched_adversarial_identity,369,wheeled_robot,matched_adversarial_identity,0.9305555555555556,0.06944444444444445,0.5,10,1
a43a193a7b0fd727,cias_full,370_drone_matched_adversarial_identity,370,drone,matched_adversarial_identity,0.6388888888888888,0.09722222222222222,0.7000000000000001,22,1
a43a193a7b0fd727,cias_full,370_ground_creature_matched_adversarial_identity,370,ground_creature,matched_adversarial_identity,1.0,0.0,0.0,6,1
a43a193a7b0fd727,cias_full,370_virtual_avatar_matched_adversarial_identity,370,virtual_avatar,matched_adversarial_identity,1.0,0.0,0.0,6,1
a43a193a7b0fd727,cias_full,370_wheeled_robot_matched_adversarial_identity,370,wheeled_robot,matched_adversarial_identity,1.0,0.0,0.0,4,1
a43a193a7b0fd727,cias_full,371_drone_matched_adversarial_identity,371,drone,matched_adversarial_identity,0.6111111111111112,0.1111111111111111,0.9,22,1
a43a193a7b0fd727,cias_full,371_ground_creature_matched_adversarial_identity,371,ground_creature,matched_adversarial_identity,1.0,0.0,0.0,6,1
a43a193a7b0fd727,cias_full,371_virtual_avatar_matched_adversarial_identity,371,virtual_avatar,matched_adversarial_identity,1.0,0.0,0.0,6,1
a43a193a7b0fd727,cias_full,371_wheeled_robot_matched_adversarial_identity,371,wheeled_robot,matched_adversarial_identity,0.9444444444444444,0.05555555555555555,0.4,10,1
a43a193a7b0fd727,cias_full,372_drone_matched_adversarial_identity,372,drone,matched_adversarial_identity,0.9305555555555556,0.06944444444444445,0.5,14,1
a43a193a7b0fd727,cias_full,372_ground_creature_matched_adversarial_identity,372,ground_creature,matched_adversarial_identity,1.0,0.0,0.0,6,1
a43a193a7b0fd727,cias_full,372_virtual_avatar_matched_adversarial_identity,372,virtual_avatar,matched_adversarial_identity,1.0,0.0,0.0,6,1
a43a193a7b0fd727,cias_full,372_wheeled_robot_matched_adversarial_identity,372,wheeled_robot,matched_adversarial_identity,1.0,0.0,0.0,6,1
a43a193a7b0fd727,cias_full,373_drone_matched_adversarial_identity,373,drone,matched_adversarial_identity,0.6666666666666666,0.06944444444444445,0.5,22,1
a43a193a7b0fd727,cias_full,373_ground_creature_matched_adversarial_identity,373,ground_creature,matched_adversarial_identity,1.0,0.0,0.0,6,1
a43a193a7b0fd727,cias_full,373_virtual_avatar_matched_adversarial_identity,373,virtual_avatar,matched_adversarial_identity,1.0,0.0,0.0,6,1
a43a193a7b0fd727,cias_full,373_wheeled_robot_matched_adversarial_identity,373,wheeled_robot,matched_adversarial_identity,1.0,0.0,0.0,6,1
a43a193a7b0fd727,cias_full,374_drone_matched_adversarial_identity,374,drone,matched_adversarial_identity,0.75,0.0,0.0,22,1
a43a193a7b0fd727,cias_full,374_ground_creature_matched_adversarial_identity,374,ground_creature,matched_adversarial_identity,1.0,0.0,0.0,6,1
a43a193a7b0fd727,cias_full,374_virtual_avatar_matched_adversarial_identity,374,virtual_avatar,matched_adversarial_identity,1.0,0.0,0.0,6,1
a43a193a7b0fd727,cias_full,374_wheeled_robot_matched_adversarial_identity,374,wheeled_robot,matched_adversarial_identity,0.9166666666666666,0.08333333333333333,0.6000000000000001,8,1
a43a193a7b0fd727,cias_full,375_drone_matched_adversarial_identity,375,drone,matched_adversarial_identity,0.625,0.09722222222222222,0.7000000000000001,20,1
a43a193a7b0fd727,cias_full,375_ground_creature_matched_adversarial_identity,375,ground_creature,matched_adversarial_identity,0.9305555555555556,0.06944444444444445,0.5,10,1
a43a193a7b0fd727,cias_full,375_virtual_avatar_matched_adversarial_identity,375,virtual_avatar,matched_adversarial_identity,1.0,0.0,0.0,6,1
a43a193a7b0fd727,cias_full,375_wheeled_robot_matched_adversarial_identity,375,wheeled_robot,matched_adversarial_identity,0.9305555555555556,0.06944444444444445,0.5,14,1
a43a193a7b0fd727,cias_full,376_drone_matched_adversarial_identity,376,drone,matched_adversarial_identity,0.6527777777777778,0.06944444444444445,0.5,16,1
a43a193a7b0fd727,cias_full,376_ground_creature_matched_adversarial_identity,376,ground_creature,matched_adversarial_identity,1.0,0.0,0.0,6,1
a43a193a7b0fd727,cias_full,376_virtual_avatar_matched_adversarial_identity,376,virtual_avatar,matched_adversarial_identity,1.0,0.0,0.0,4,1
a43a193a7b0fd727,cias_full,376_wheeled_robot_matched_adversarial_identity,376,wheeled_robot,matched_adversarial_identity,0.9305555555555556,0.06944444444444445,0.5,12,1
a43a193a7b0fd727,cias_full,377_drone_matched_adversarial_identity,377,drone,matched_adversarial_identity,0.6388888888888888,0.09722222222222222,0.7000000000000001,24,1
a43a193a7b0fd727,cias_full,377_ground_creature_matched_adversarial_identity,377,ground_creature,matched_adversarial_identity,1.0,0.0,0.0,6,1
a43a193a7b0fd727,cias_full,377_virtual_avatar_matched_adversarial_identity,377,virtual_avatar,matched_adversarial_identity,1.0,0.0,0.0,6,1
a43a193a7b0fd727,cias_full,377_wheeled_robot_matched_adversarial_identity,377,wheeled_robot,matched_adversarial_identity,1.0,0.0,0.0,6,1
a43a193a7b0fd727,cias_full,378_drone_matched_adversarial_identity,378,drone,matched_adversarial_identity,0.6388888888888888,0.09722222222222222,0.7000000000000001,22,1
a43a193a7b0fd727,cias_full,378_ground_creature_matched_adversarial_identity,378,ground_creature,matched_adversarial_identity,1.0,0.0,0.0,6,1
a43a193a7b0fd727,cias_full,378_virtual_avatar_matched_adversarial_identity,378,virtual_avatar,matched_adversarial_identity,1.0,0.0,0.0,6,1
a43a193a7b0fd727,cias_full,378_wheeled_robot_matched_adversarial_identity,378,wheeled_robot,matched_adversarial_identity,1.0,0.0,0.0,4,1
a43a193a7b0fd727,cias_full,379_drone_matched_adversarial_identity,379,drone,matched_adversarial_identity,1.0,0.0,0.0,22,1
a43a193a7b0fd727,cias_full,379_ground_creature_matched_adversarial_identity,379,ground_creature,matched_adversarial_identity,1.0,0.0,0.0,6,1
a43a193a7b0fd727,cias_full,379_virtual_avatar_matched_adversarial_identity,379,virtual_avatar,matched_adversarial_identity,1.0,0.0,0.0,6,1
a43a193a7b0fd727,cias_full,379_wheeled_robot_matched_adversarial_identity,379,wheeled_robot,matched_adversarial_identity,1.0,0.0,0.0,6,1
a43a193a7b0fd727,cias_full,380_drone_matched_adversarial_identity,380,drone,matched_adversarial_identity,0.7361111111111112,0.013888888888888888,0.1,24,1
a43a193a7b0fd727,cias_full,380_ground_creature_matched_adversarial_identity,380,ground_creature,matched_adversarial_identity,1.0,0.0,0.0,6,1
a43a193a7b0fd727,cias_full,380_virtual_avatar_matched_adversarial_identity,380,virtual_avatar,matched_adversarial_identity,1.0,0.0,0.0,6,1
a43a193a7b0fd727,cias_full,380_wheeled_robot_matched_adversarial_identity,380,wheeled_robot,matched_adversarial_identity,1.0,0.0,0.0,6,1
a43a193a7b0fd727,cias_full,381_drone_matched_adversarial_identity,381,drone,matched_adversarial_identity,1.0,0.0,0.0,10,1
a43a193a7b0fd727,cias_full,381_ground_creature_matched_adversarial_identity,381,ground_creature,matched_adversarial_identity,1.0,0.0,0.0,6,1
a43a193a7b0fd727,cias_full,381_virtual_avatar_matched_adversarial_identity,381,virtual_avatar,matched_adversarial_identity,1.0,0.0,0.0,6,1
a43a193a7b0fd727,cias_full,381_wheeled_robot_matched_adversarial_identity,381,wheeled_robot,matched_adversarial_identity,1.0,0.0,0.0,6,1
a43a193a7b0fd727,cias_full,382_drone_matched_adversarial_identity,382,drone,matched_adversarial_identity,0.8472222222222222,0.1527777777777778,1.2000000000000002,10,1
a43a193a7b0fd727,cias_full,382_ground_creature_matched_adversarial_identity,382,ground_creature,matched_adversarial_identity,1.0,0.0,0.0,6,1
a43a193a7b0fd727,cias_full,382_virtual_avatar_matched_adversarial_identity,382,virtual_avatar,matched_adversarial_identity,1.0,0.0,0.0,6,1
a43a193a7b0fd727,cias_full,382_wheeled_robot_matched_adversarial_identity,382,wheeled_robot,matched_adversarial_identity,1.0,0.0,0.0,6,1
a43a193a7b0fd727,cias_full,383_drone_matched_adversarial_identity,383,drone,matched_adversarial_identity,0.9027777777777778,0.09722222222222222,0.7000000000000001,10,1
a43a193a7b0fd727,cias_full,383_ground_creature_matched_adversarial_identity,383,ground_creature,matched_adversarial_identity,1.0,0.0,0.0,6,1
a43a193a7b0fd727,cias_full,383_virtual_avatar_matched_adversarial_identity,383,virtual_avatar,matched_adversarial_identity,1.0,0.0,0.0,6,1
a43a193a7b0fd727,cias_full,383_wheeled_robot_matched_adversarial_identity,383,wheeled_robot,matched_adversarial_identity,1.0,0.0,0.0,8,1
a43a193a7b0fd727,cias_full,384_drone_matched_adversarial_identity,384,drone,matched_adversarial_identity,1.0,0.0,0.0,8,1
a43a193a7b0fd727,cias_full,384_ground_creature_matched_adversarial_identity,384,ground_creature,matched_adversarial_identity,1.0,0.0,0.0,6,1
a43a193a7b0fd727,cias_full,384_virtual_avatar_matched_adversarial_identity,384,virtual_avatar,matched_adversarial_identity,1.0,0.0,0.0,4,1
a43a193a7b0fd727,cias_full,384_wheeled_robot_matched_adversarial_identity,384,wheeled_robot,matched_adversarial_identity,1.0,0.0,0.0,6,1
a43a193a7b0fd727,cias_full,385_drone_matched_adversarial_identity,385,drone,matched_adversarial_identity,1.0,0.0,0.0,8,1
a43a193a7b0fd727,cias_full,385_ground_creature_matched_adversarial_identity,385,ground_creature,matched_adversarial_identity,1.0,0.0,0.0,6,1
a43a193a7b0fd727,cias_full,385_virtual_avatar_matched_adversarial_identity,385,virtual_avatar,matched_adversarial_identity,1.0,0.0,0.0,6,1
a43a193a7b0fd727,cias_full,385_wheeled_robot_matched_adversarial_identity,385,wheeled_robot,matched_adversarial_identity,1.0,0.0,0.0,4,1
a43a193a7b0fd727,cias_full,386_drone_matched_adversarial_identity,386,drone,matched_adversarial_identity,0.9305555555555556,0.06944444444444445,0.5,20,1
a43a193a7b0fd727,cias_full,386_ground_creature_matched_adversarial_identity,386,ground_creature,matched_adversarial_identity,1.0,0.0,0.0,6,1
a43a193a7b0fd727,cias_full,386_virtual_avatar_matched_adversarial_identity,386,virtual_avatar,matched_adversarial_identity,1.0,0.0,0.0,6,1
a43a193a7b0fd727,cias_full,386_wheeled_robot_matched_adversarial_identity,386,wheeled_robot,matched_adversarial_identity,1.0,0.0,0.0,4,1
a43a193a7b0fd727,cias_full,387_drone_matched_adversarial_identity,387,drone,matched_adversarial_identity,1.0,0.0,0.0,6,1
a43a193a7b0fd727,cias_full,387_ground_creature_matched_adversarial_identity,387,ground_creature,matched_adversarial_identity,1.0,0.0,0.0,6,1
a43a193a7b0fd727,cias_full,387_virtual_avatar_matched_adversarial_identity,387,virtual_avatar,matched_adversarial_identity,1.0,0.0,0.0,6,1
a43a193a7b0fd727,cias_full,387_wheeled_robot_matched_adversarial_identity,387,wheeled_robot,matched_adversarial_identity,1.0,0.0,0.0,6,1
a43a193a7b0fd727,cias_full,388_drone_matched_adversarial_identity,388,drone,matched_adversarial_identity,0.75,0.0,0.0,22,1
a43a193a7b0fd727,cias_full,388_ground_creature_matched_adversarial_identity,388,ground_creature,matched_adversarial_identity,1.0,0.0,0.0,6,1
a43a193a7b0fd727,cias_full,388_virtual_avatar_matched_adversarial_identity,388,virtual_avatar,matched_adversarial_identity,1.0,0.0,0.0,6,1
a43a193a7b0fd727,cias_full,388_wheeled_robot_matched_adversarial_identity,388,wheeled_robot,matched_adversarial_identity,1.0,0.0,0.0,8,1
a43a193a7b0fd727,cias_full,389_drone_matched_adversarial_identity,389,drone,matched_adversarial_identity,0.7361111111111112,0.0,0.0,22,1
a43a193a7b0fd727,cias_full,389_ground_creature_matched_adversarial_identity,389,ground_creature,matched_adversarial_identity,1.0,0.0,0.0,6,1
a43a193a7b0fd727,cias_full,389_virtual_avatar_matched_adversarial_identity,389,virtual_avatar,matched_adversarial_identity,1.0,0.0,0.0,6,1
a43a193a7b0fd727,cias_full,389_wheeled_robot_matched_adversarial_identity,389,wheeled_robot,matched_adversarial_identity,1.0,0.0,0.0,8,1
a43a193a7b0fd727,cias_full,390_drone_matched_adversarial_identity,390,drone,matched_adversarial_identity,1.0,0.0,0.0,4,1
a43a193a7b0fd727,cias_full,390_ground_creature_matched_adversarial_identity,390,ground_creature,matched_adversarial_identity,1.0,0.0,0.0,6,1
a43a193a7b0fd727,cias_full,390_virtual_avatar_matched_adversarial_identity,390,virtual_avatar,matched_adversarial_identity,1.0,0.0,0.0,6,1
a43a193a7b0fd727,cias_full,390_wheeled_robot_matched_adversarial_identity,390,wheeled_robot,matched_adversarial_identity,1.0,0.0,0.0,6,1
a43a193a7b0fd727,cias_no_persistent_self,361_drone_matched_adversarial_identity,361,drone,matched_adversarial_identity,0.0,0.6666666666666666,,4,0
a43a193a7b0fd727,cias_no_persistent_self,361_ground_creature_matched_adversarial_identity,361,ground_creature,matched_adversarial_identity,0.0,0.6666666666666666,,4,0
a43a193a7b0fd727,cias_no_persistent_self,361_virtual_avatar_matched_adversarial_identity,361,virtual_avatar,matched_adversarial_identity,0.0,0.6666666666666666,,4,0
a43a193a7b0fd727,cias_no_persistent_self,361_wheeled_robot_matched_adversarial_identity,361,wheeled_robot,matched_adversarial_identity,0.0,0.6666666666666666,,4,0
a43a193a7b0fd727,cias_no_persistent_self,362_drone_matched_adversarial_identity,362,drone,matched_adversarial_identity,0.0,0.6666666666666666,,4,0
a43a193a7b0fd727,cias_no_persistent_self,362_ground_creature_matched_adversarial_identity,362,ground_creature,matched_adversarial_identity,0.0,0.6666666666666666,,4,0
a43a193a7b0fd727,cias_no_persistent_self,362_virtual_avatar_matched_adversarial_identity,362,virtual_avatar,matched_adversarial_identity,0.0,0.6666666666666666,,4,0
a43a193a7b0fd727,cias_no_persistent_self,362_wheeled_robot_matched_adversarial_identity,362,wheeled_robot,matched_adversarial_identity,0.0,0.6666666666666666,,4,0
a43a193a7b0fd727,cias_no_persistent_self,363_drone_matched_adversarial_identity,363,drone,matched_adversarial_identity,0.0,0.6666666666666666,,4,0
a43a193a7b0fd727,cias_no_persistent_self,363_ground_creature_matched_adversarial_identity,363,ground_creature,matched_adversarial_identity,0.0,0.6666666666666666,,4,0
a43a193a7b0fd727,cias_no_persistent_self,363_virtual_avatar_matched_adversarial_identity,363,virtual_avatar,matched_adversarial_identity,0.0,0.6666666666666666,,4,0
a43a193a7b0fd727,cias_no_persistent_self,363_wheeled_robot_matched_adversarial_identity,363,wheeled_robot,matched_adversarial_identity,0.0,0.6666666666666666,,4,0
a43a193a7b0fd727,cias_no_persistent_self,364_drone_matched_adversarial_identity,364,drone,matched_adversarial_identity,0.0,0.6666666666666666,,4,0
a43a193a7b0fd727,cias_no_persistent_self,364_ground_creature_matched_adversarial_identity,364,ground_creature,matched_adversarial_identity,0.0,0.6666666666666666,,4,0
a43a193a7b0fd727,cias_no_persistent_self,364_virtual_avatar_matched_adversarial_identity,364,virtual_avatar,matched_adversarial_identity,0.0,0.6666666666666666,,4,0
a43a193a7b0fd727,cias_no_persistent_self,364_wheeled_robot_matched_adversarial_identity,364,wheeled_robot,matched_adversarial_identity,0.0,0.6666666666666666,,4,0
a43a193a7b0fd727,cias_no_persistent_self,365_drone_matched_adversarial_identity,365,drone,matched_adversarial_identity,0.0,0.6666666666666666,,4,0
a43a193a7b0fd727,cias_no_persistent_self,365_ground_creature_matched_adversarial_identity,365,ground_creature,matched_adversarial_identity,0.0,0.6666666666666666,,4,0
a43a193a7b0fd727,cias_no_persistent_self,365_virtual_avatar_matched_adversarial_identity,365,virtual_avatar,matched_adversarial_identity,0.0,0.6666666666666666,,4,0
a43a193a7b0fd727,cias_no_persistent_self,365_wheeled_robot_matched_adversarial_identity,365,wheeled_robot,matched_adversarial_identity,0.0,0.6666666666666666,,4,0
a43a193a7b0fd727,cias_no_persistent_self,366_drone_matched_adversarial_identity,366,drone,matched_adversarial_identity,0.0,0.6666666666666666,,4,0
a43a193a7b0fd727,cias_no_persistent_self,366_ground_creature_matched_adversarial_identity,366,ground_creature,matched_adversarial_identity,0.0,0.6666666666666666,,4,0
a43a193a7b0fd727,cias_no_persistent_self,366_virtual_avatar_matched_adversarial_identity,366,virtual_avatar,matched_adversarial_identity,1.0,0.0,0.0,3,1
a43a193a7b0fd727,cias_no_persistent_self,366_wheeled_robot_matched_adversarial_identity,366,wheeled_robot,matched_adversarial_identity,0.0,0.6666666666666666,,4,0
a43a193a7b0fd727,cias_no_persistent_self,367_drone_matched_adversarial_identity,367,drone,matched_adversarial_identity,0.0,0.6666666666666666,,4,0
a43a193a7b0fd727,cias_no_persistent_self,367_ground_creature_matched_adversarial_identity,367,ground_creature,matched_adversarial_identity,0.0,0.6666666666666666,,4,0
a43a193a7b0fd727,cias_no_persistent_self,367_virtual_avatar_matched_adversarial_identity,367,virtual_avatar,matched_adversarial_identity,1.0,0.0,0.0,3,1
a43a193a7b0fd727,cias_no_persistent_self,367_wheeled_robot_matched_adversarial_identity,367,wheeled_robot,matched_adversarial_identity,0.0,0.6666666666666666,,4,0
a43a193a7b0fd727,cias_no_persistent_self,368_drone_matched_adversarial_identity,368,drone,matched_adversarial_identity,0.0,0.6666666666666666,,4,0
a43a193a7b0fd727,cias_no_persistent_self,368_ground_creature_matched_adversarial_identity,368,ground_creature,matched_adversarial_identity,1.0,0.0,0.0,3,1
a43a193a7b0fd727,cias_no_persistent_self,368_virtual_avatar_matched_adversarial_identity,368,virtual_avatar,matched_adversarial_identity,1.0,0.0,0.0,3,1
a43a193a7b0fd727,cias_no_persistent_self,368_wheeled_robot_matched_adversarial_identity,368,wheeled_robot,matched_adversarial_identity,1.0,0.0,0.0,3,1
a43a193a7b0fd727,cias_no_persistent_self,369_drone_matched_adversarial_identity,369,drone,matched_adversarial_identity,0.0,0.6666666666666666,,4,0
a43a193a7b0fd727,cias_no_persistent_self,369_ground_creature_matched_adversarial_identity,369,ground_creature,matched_adversarial_identity,0.0,0.6666666666666666,,4,0
a43a193a7b0fd727,cias_no_persistent_self,369_virtual_avatar_matched_adversarial_identity,369,virtual_avatar,matched_adversarial_identity,1.0,0.0,0.0,3,1
a43a193a7b0fd727,cias_no_persistent_self,369_wheeled_robot_matched_adversarial_identity,369,wheeled_robot,matched_adversarial_identity,0.0,0.6666666666666666,,4,0
a43a193a7b0fd727,cias_no_persistent_self,370_drone_matched_adversarial_identity,370,drone,matched_adversarial_identity,0.0,0.6666666666666666,,4,0
a43a193a7b0fd727,cias_no_persistent_self,370_ground_creature_matched_adversarial_identity,370,ground_creature,matched_adversarial_identity,0.0,0.6666666666666666,,4,0
a43a193a7b0fd727,cias_no_persistent_self,370_virtual_avatar_matched_adversarial_identity,370,virtual_avatar,matched_adversarial_identity,1.0,0.0,0.0,3,1
a43a193a7b0fd727,cias_no_persistent_self,370_wheeled_robot_matched_adversarial_identity,370,wheeled_robot,matched_adversarial_identity,0.0,0.6666666666666666,,4,0
a43a193a7b0fd727,cias_no_persistent_self,371_drone_matched_adversarial_identity,371,drone,matched_adversarial_identity,0.0,0.6666666666666666,,4,0
a43a193a7b0fd727,cias_no_persistent_self,371_ground_creature_matched_adversarial_identity,371,ground_creature,matched_adversarial_identity,1.0,0.0,0.0,3,1
a43a193a7b0fd727,cias_no_persistent_self,371_virtual_avatar_matched_adversarial_identity,371,virtual_avatar,matched_adversarial_identity,1.0,0.0,0.0,3,1
a43a193a7b0fd727,cias_no_persistent_self,371_wheeled_robot_matched_adversarial_identity,371,wheeled_robot,matched_adversarial_identity,1.0,0.0,0.0,3,1
a43a193a7b0fd727,cias_no_persistent_self,372_drone_matched_adversarial_identity,372,drone,matched_adversarial_identity,0.0,0.6666666666666666,,4,0
a43a193a7b0fd727,cias_no_persistent_self,372_ground_creature_matched_adversarial_identity,372,ground_creature,matched_adversarial_identity,0.0,0.6666666666666666,,4,0
a43a193a7b0fd727,cias_no_persistent_self,372_virtual_avatar_matched_adversarial_identity,372,virtual_avatar,matched_adversarial_identity,1.0,0.0,0.0,3,1
a43a193a7b0fd727,cias_no_persistent_self,372_wheeled_robot_matched_adversarial_identity,372,wheeled_robot,matched_adversarial_identity,0.0,0.6666666666666666,,4,0
a43a193a7b0fd727,cias_no_persistent_self,373_drone_matched_adversarial_identity,373,drone,matched_adversarial_identity,0.0,0.6666666666666666,,4,0
a43a193a7b0fd727,cias_no_persistent_self,373_ground_creature_matched_adversarial_identity,373,ground_creature,matched_adversarial_identity,1.0,0.0,0.0,3,1
a43a193a7b0fd727,cias_no_persistent_self,373_virtual_avatar_matched_adversarial_identity,373,virtual_avatar,matched_adversarial_identity,1.0,0.0,0.0,3,1
a43a193a7b0fd727,cias_no_persistent_self,373_wheeled_robot_matched_adversarial_identity,373,wheeled_robot,matched_adversarial_identity,0.0,0.6666666666666666,,4,0
a43a193a7b0fd727,cias_no_persistent_self,374_drone_matched_adversarial_identity,374,drone,matched_adversarial_identity,0.0,0.6666666666666666,,4,0
a43a193a7b0fd727,cias_no_persistent_self,374_ground_creature_matched_adversarial_identity,374,ground_creature,matched_adversarial_identity,0.0,0.6666666666666666,,4,0
a43a193a7b0fd727,cias_no_persistent_self,374_virtual_avatar_matched_adversarial_identity,374,virtual_avatar,matched_adversarial_identity,1.0,0.0,0.0,3,1
a43a193a7b0fd727,cias_no_persistent_self,374_wheeled_robot_matched_adversarial_identity,374,wheeled_robot,matched_adversarial_identity,0.0,0.6666666666666666,,4,0
a43a193a7b0fd727,cias_no_persistent_self,375_drone_matched_adversarial_identity,375,drone,matched_adversarial_identity,0.0,0.6666666666666666,,4,0
a43a193a7b0fd727,cias_no_persistent_self,375_ground_creature_matched_adversarial_identity,375,ground_creature,matched_adversarial_identity,0.0,0.6666666666666666,,4,0
a43a193a7b0fd727,cias_no_persistent_self,375_virtual_avatar_matched_adversarial_identity,375,virtual_avatar,matched_adversarial_identity,0.0,0.6666666666666666,,4,0
a43a193a7b0fd727,cias_no_persistent_self,375_wheeled_robot_matched_adversarial_identity,375,wheeled_robot,matched_adversarial_identity,0.0,0.6666666666666666,,4,0
a43a193a7b0fd727,cias_no_persistent_self,376_drone_matched_adversarial_identity,376,drone,matched_adversarial_identity,0.0,0.6666666666666666,,4,0
a43a193a7b0fd727,cias_no_persistent_self,376_ground_creature_matched_adversarial_identity,376,ground_creature,matched_adversarial_identity,0.0,0.6666666666666666,,4,0
a43a193a7b0fd727,cias_no_persistent_self,376_virtual_avatar_matched_adversarial_identity,376,virtual_avatar,matched_adversarial_identity,0.0,0.6666666666666666,,4,0
a43a193a7b0fd727,cias_no_persistent_self,376_wheeled_robot_matched_adversarial_identity,376,wheeled_robot,matched_adversarial_identity,0.0,0.6666666666666666,,4,0
a43a193a7b0fd727,cias_no_persistent_self,377_drone_matched_adversarial_identity,377,drone,matched_adversarial_identity,0.0,0.6666666666666666,,4,0
a43a193a7b0fd727,cias_no_persistent_self,377_ground_creature_matched_adversarial_identity,377,ground_creature,matched_adversarial_identity,0.0,0.6666666666666666,,4,0
a43a193a7b0fd727,cias_no_persistent_self,377_virtual_avatar_matched_adversarial_identity,377,virtual_avatar,matched_adversarial_identity,0.0,0.6666666666666666,,4,0
a43a193a7b0fd727,cias_no_persistent_self,377_wheeled_robot_matched_adversarial_identity,377,wheeled_robot,matched_adversarial_identity,0.0,0.6666666666666666,,4,0
a43a193a7b0fd727,cias_no_persistent_self,378_drone_matched_adversarial_identity,378,drone,matched_adversarial_identity,0.0,0.6666666666666666,,4,0
a43a193a7b0fd727,cias_no_persistent_self,378_ground_creature_matched_adversarial_identity,378,ground_creature,matched_adversarial_identity,0.0,0.6666666666666666,,4,0
a43a193a7b0fd727,cias_no_persistent_self,378_virtual_avatar_matched_adversarial_identity,378,virtual_avatar,matched_adversarial_identity,0.0,0.6666666666666666,,4,0
a43a193a7b0fd727,cias_no_persistent_self,378_wheeled_robot_matched_adversarial_identity,378,wheeled_robot,matched_adversarial_identity,0.0,0.6666666666666666,,4,0
a43a193a7b0fd727,cias_no_persistent_self,379_drone_matched_adversarial_identity,379,drone,matched_adversarial_identity,0.0,0.6666666666666666,,4,0
a43a193a7b0fd727,cias_no_persistent_self,379_ground_creature_matched_adversarial_identity,379,ground_creature,matched_adversarial_identity,0.0,0.6666666666666666,,4,0
a43a193a7b0fd727,cias_no_persistent_self,379_virtual_avatar_matched_adversarial_identity,379,virtual_avatar,matched_adversarial_identity,0.0,0.6666666666666666,,4,0
a43a193a7b0fd727,cias_no_persistent_self,379_wheeled_robot_matched_adversarial_identity,379,wheeled_robot,matched_adversarial_identity,0.0,0.6666666666666666,,4,0
a43a193a7b0fd727,cias_no_persistent_self,380_drone_matched_adversarial_identity,380,drone,matched_adversarial_identity,0.0,0.6666666666666666,,4,0
a43a193a7b0fd727,cias_no_persistent_self,380_ground_creature_matched_adversarial_identity,380,ground_creature,matched_adversarial_identity,0.0,0.6666666666666666,,4,0
a43a193a7b0fd727,cias_no_persistent_self,380_virtual_avatar_matched_adversarial_identity,380,virtual_avatar,matched_adversarial_identity,0.0,0.6666666666666666,,4,0
a43a193a7b0fd727,cias_no_persistent_self,380_wheeled_robot_matched_adversarial_identity,380,wheeled_robot,matched_adversarial_identity,0.0,0.6666666666666666,,4,0
a43a193a7b0fd727,cias_no_persistent_self,381_drone_matched_adversarial_identity,381,drone,matched_adversarial_identity,0.0,0.6666666666666666,,4,0
a43a193a7b0fd727,cias_no_persistent_self,381_ground_creature_matched_adversarial_identity,381,ground_creature,matched_adversarial_identity,0.0,0.6666666666666666,,4,0
a43a193a7b0fd727,cias_no_persistent_self,381_virtual_avatar_matched_adversarial_identity,381,virtual_avatar,matched_adversarial_identity,0.0,0.6666666666666666,,4,0
a43a193a7b0fd727,cias_no_persistent_self,381_wheeled_robot_matched_adversarial_identity,381,wheeled_robot,matched_adversarial_identity,0.0,0.6666666666666666,,4,0
a43a193a7b0fd727,cias_no_persistent_self,382_drone_matched_adversarial_identity,382,drone,matched_adversarial_identity,0.0,0.6666666666666666,,4,0
a43a193a7b0fd727,cias_no_persistent_self,382_ground_creature_matched_adversarial_identity,382,ground_creature,matched_adversarial_identity,0.0,0.6666666666666666,,4,0
a43a193a7b0fd727,cias_no_persistent_self,382_virtual_avatar_matched_adversarial_identity,382,virtual_avatar,matched_adversarial_identity,0.0,0.6666666666666666,,4,0
a43a193a7b0fd727,cias_no_persistent_self,382_wheeled_robot_matched_adversarial_identity,382,wheeled_robot,matched_adversarial_identity,0.0,0.6666666666666666,,4,0
a43a193a7b0fd727,cias_no_persistent_self,383_drone_matched_adversarial_identity,383,drone,matched_adversarial_identity,0.0,0.6666666666666666,,4,0
a43a193a7b0fd727,cias_no_persistent_self,383_ground_creature_matched_adversarial_identity,383,ground_creature,matched_adversarial_identity,0.0,0.6666666666666666,,4,0
a43a193a7b0fd727,cias_no_persistent_self,383_virtual_avatar_matched_adversarial_identity,383,virtual_avatar,matched_adversarial_identity,0.0,0.6666666666666666,,4,0
a43a193a7b0fd727,cias_no_persistent_self,383_wheeled_robot_matched_adversarial_identity,383,wheeled_robot,matched_adversarial_identity,0.0,0.6666666666666666,,4,0
a43a193a7b0fd727,cias_no_persistent_self,384_drone_matched_adversarial_identity,384,drone,matched_adversarial_identity,0.0,0.6666666666666666,,4,0
a43a193a7b0fd727,cias_no_persistent_self,384_ground_creature_matched_adversarial_identity,384,ground_creature,matched_adversarial_identity,0.0,0.6666666666666666,,4,0
a43a193a7b0fd727,cias_no_persistent_self,384_virtual_avatar_matched_adversarial_identity,384,virtual_avatar,matched_adversarial_identity,1.0,0.0,0.0,3,1
a43a193a7b0fd727,cias_no_persistent_self,384_wheeled_robot_matched_adversarial_identity,384,wheeled_robot,matched_adversarial_identity,0.0,0.6666666666666666,,4,0
a43a193a7b0fd727,cias_no_persistent_self,385_drone_matched_adversarial_identity,385,drone,matched_adversarial_identity,0.0,0.6666666666666666,,4,0
a43a193a7b0fd727,cias_no_persistent_self,385_ground_creature_matched_adversarial_identity,385,ground_creature,matched_adversarial_identity,0.0,0.6666666666666666,,4,0
a43a193a7b0fd727,cias_no_persistent_self,385_virtual_avatar_matched_adversarial_identity,385,virtual_avatar,matched_adversarial_identity,1.0,0.0,0.0,3,1
a43a193a7b0fd727,cias_no_persistent_self,385_wheeled_robot_matched_adversarial_identity,385,wheeled_robot,matched_adversarial_identity,0.0,0.6666666666666666,,4,0
a43a193a7b0fd727,cias_no_persistent_self,386_drone_matched_adversarial_identity,386,drone,matched_adversarial_identity,0.0,0.6666666666666666,,4,0
a43a193a7b0fd727,cias_no_persistent_self,386_ground_creature_matched_adversarial_identity,386,ground_creature,matched_adversarial_identity,0.0,0.6666666666666666,,4,0
a43a193a7b0fd727,cias_no_persistent_self,386_virtual_avatar_matched_adversarial_identity,386,virtual_avatar,matched_adversarial_identity,1.0,0.0,0.0,3,1
a43a193a7b0fd727,cias_no_persistent_self,386_wheeled_robot_matched_adversarial_identity,386,wheeled_robot,matched_adversarial_identity,0.0,0.6666666666666666,,4,0
a43a193a7b0fd727,cias_no_persistent_self,387_drone_matched_adversarial_identity,387,drone,matched_adversarial_identity,0.0,0.6666666666666666,,4,0
a43a193a7b0fd727,cias_no_persistent_self,387_ground_creature_matched_adversarial_identity,387,ground_creature,matched_adversarial_identity,0.0,0.6666666666666666,,4,0
a43a193a7b0fd727,cias_no_persistent_self,387_virtual_avatar_matched_adversarial_identity,387,virtual_avatar,matched_adversarial_identity,1.0,0.0,0.0,3,1
a43a193a7b0fd727,cias_no_persistent_self,387_wheeled_robot_matched_adversarial_identity,387,wheeled_robot,matched_adversarial_identity,0.0,0.6666666666666666,,4,0
a43a193a7b0fd727,cias_no_persistent_self,388_drone_matched_adversarial_identity,388,drone,matched_adversarial_identity,0.0,0.6666666666666666,,4,0
a43a193a7b0fd727,cias_no_persistent_self,388_ground_creature_matched_adversarial_identity,388,ground_creature,matched_adversarial_identity,0.0,0.6666666666666666,,4,0
a43a193a7b0fd727,cias_no_persistent_self,388_virtual_avatar_matched_adversarial_identity,388,virtual_avatar,matched_adversarial_identity,1.0,0.0,0.0,3,1
a43a193a7b0fd727,cias_no_persistent_self,388_wheeled_robot_matched_adversarial_identity,388,wheeled_robot,matched_adversarial_identity,0.0,0.6666666666666666,,4,0
a43a193a7b0fd727,cias_no_persistent_self,389_drone_matched_adversarial_identity,389,drone,matched_adversarial_identity,0.0,0.6666666666666666,,4,0
a43a193a7b0fd727,cias_no_persistent_self,389_ground_creature_matched_adversarial_identity,389,ground_creature,matched_adversarial_identity,1.0,0.0,0.0,3,1
a43a193a7b0fd727,cias_no_persistent_self,389_virtual_avatar_matched_adversarial_identity,389,virtual_avatar,matched_adversarial_identity,1.0,0.0,0.0,3,1
a43a193a7b0fd727,cias_no_persistent_self,389_wheeled_robot_matched_adversarial_identity,389,wheeled_robot,matched_adversarial_identity,0.0,0.6666666666666666,,4,0
a43a193a7b0fd727,cias_no_persistent_self,390_drone_matched_adversarial_identity,390,drone,matched_adversarial_identity,0.0,0.6666666666666666,,4,0
a43a193a7b0fd727,cias_no_persistent_self,390_ground_creature_matched_adversarial_identity,390,ground_creature,matched_adversarial_identity,0.0,0.6666666666666666,,4,0
a43a193a7b0fd727,cias_no_persistent_self,390_virtual_avatar_matched_adversarial_identity,390,virtual_avatar,matched_adversarial_identity,1.0,0.0,0.0,3,1
a43a193a7b0fd727,cias_no_persistent_self,390_wheeled_robot_matched_adversarial_identity,390,wheeled_robot,matched_adversarial_identity,0.0,0.6666666666666666,,4,0
b292cd026c2bcaca,cias_full,361_drone_matched_adversarial_identity,361,drone,matched_adversarial_identity,0.125,0.06944444444444445,,44,1
b292cd026c2bcaca,cias_full,361_ground_creature_matched_adversarial_identity,361,ground_creature,matched_adversarial_identity,0.125,0.0,,98,1
b292cd026c2bcaca,cias_full,361_virtual_avatar_matched_adversarial_identity,361,virtual_avatar,matched_adversarial_identity,0.125,0.0,,132,1
b292cd026c2bcaca,cias_full,361_wheeled_robot_matched_adversarial_identity,361,wheeled_robot,matched_adversarial_identity,0.125,0.0,,69,1
b292cd026c2bcaca,cias_full,362_drone_matched_adversarial_identity,362,drone,matched_adversarial_identity,0.125,0.0,,46,1
b292cd026c2bcaca,cias_full,362_ground_creature_matched_adversarial_identity,362,ground_creature,matched_adversarial_identity,0.125,0.0,,101,1
b292cd026c2bcaca,cias_full,362_virtual_avatar_matched_adversarial_identity,362,virtual_avatar,matched_adversarial_identity,0.125,0.0,,134,1
b292cd026c2bcaca,cias_full,362_wheeled_robot_matched_adversarial_identity,362,wheeled_robot,matched_adversarial_identity,0.125,0.0,,66,1
b292cd026c2bcaca,cias_full,363_drone_matched_adversarial_identity,363,drone,matched_adversarial_identity,0.1111111111111111,0.0,,43,1
b292cd026c2bcaca,cias_full,363_ground_creature_matched_adversarial_identity,363,ground_creature,matched_adversarial_identity,0.125,0.0,,100,1
b292cd026c2bcaca,cias_full,363_virtual_avatar_matched_adversarial_identity,363,virtual_avatar,matched_adversarial_identity,0.125,0.0,,133,1
b292cd026c2bcaca,cias_full,363_wheeled_robot_matched_adversarial_identity,363,wheeled_robot,matched_adversarial_identity,0.125,0.0,,70,1
b292cd026c2bcaca,cias_full,364_drone_matched_adversarial_identity,364,drone,matched_adversarial_identity,0.125,0.0,,40,1
b292cd026c2bcaca,cias_full,364_ground_creature_matched_adversarial_identity,364,ground_creature,matched_adversarial_identity,0.125,0.0,,89,1
b292cd026c2bcaca,cias_full,364_virtual_avatar_matched_adversarial_identity,364,virtual_avatar,matched_adversarial_identity,0.125,0.0,,132,1
b292cd026c2bcaca,cias_full,364_wheeled_robot_matched_adversarial_identity,364,wheeled_robot,matched_adversarial_identity,0.125,0.0,,71,1
b292cd026c2bcaca,cias_full,365_drone_matched_adversarial_identity,365,drone,matched_adversarial_identity,0.7361111111111112,0.0,0.0,24,1
b292cd026c2bcaca,cias_full,365_ground_creature_matched_adversarial_identity,365,ground_creature,matched_adversarial_identity,0.125,0.0,,96,1
b292cd026c2bcaca,cias_full,365_virtual_avatar_matched_adversarial_identity,365,virtual_avatar,matched_adversarial_identity,0.125,0.0,,133,1
b292cd026c2bcaca,cias_full,365_wheeled_robot_matched_adversarial_identity,365,wheeled_robot,matched_adversarial_identity,0.125,0.0,,65,1
b292cd026c2bcaca,cias_full,366_drone_matched_adversarial_identity,366,drone,matched_adversarial_identity,0.20833333333333334,0.0,0.0,48,1
b292cd026c2bcaca,cias_full,366_ground_creature_matched_adversarial_identity,366,ground_creature,matched_adversarial_identity,0.125,0.0,,94,1
b292cd026c2bcaca,cias_full,366_virtual_avatar_matched_adversarial_identity,366,virtual_avatar,matched_adversarial_identity,0.125,0.0,,135,1
b292cd026c2bcaca,cias_full,366_wheeled_robot_matched_adversarial_identity,366,wheeled_robot,matched_adversarial_identity,0.125,0.0,,68,1
b292cd026c2bcaca,cias_full,367_drone_matched_adversarial_identity,367,drone,matched_adversarial_identity,0.20833333333333334,0.0,0.0,36,1
b292cd026c2bcaca,cias_full,367_ground_creature_matched_adversarial_identity,367,ground_creature,matched_adversarial_identity,0.125,0.0,,102,1
b292cd026c2bcaca,cias_full,367_virtual_avatar_matched_adversarial_identity,367,virtual_avatar,matched_adversarial_identity,0.125,0.0,,134,1
b292cd026c2bcaca,cias_full,367_wheeled_robot_matched_adversarial_identity,367,wheeled_robot,matched_adversarial_identity,0.125,0.0,,69,1
b292cd026c2bcaca,cias_full,368_drone_matched_adversarial_identity,368,drone,matched_adversarial_identity,0.1111111111111111,0.0,,47,1
b292cd026c2bcaca,cias_full,368_ground_creature_matched_adversarial_identity,368,ground_creature,matched_adversarial_identity,0.125,0.0,,98,1
b292cd026c2bcaca,cias_full,368_virtual_avatar_matched_adversarial_identity,368,virtual_avatar,matched_adversarial_identity,0.125,0.0,,138,1
b292cd026c2bcaca,cias_full,368_wheeled_robot_matched_adversarial_identity,368,wheeled_robot,matched_adversarial_identity,0.125,0.0,,66,1
b292cd026c2bcaca,cias_full,369_drone_matched_adversarial_identity,369,drone,matched_adversarial_identity,0.1111111111111111,0.0,,45,1
b292cd026c2bcaca,cias_full,369_ground_creature_matched_adversarial_identity,369,ground_creature,matched_adversarial_identity,0.125,0.0,,92,1
b292cd026c2bcaca,cias_full,369_virtual_avatar_matched_adversarial_identity,369,virtual_avatar,matched_adversarial_identity,0.125,0.0,,131,1
b292cd026c2bcaca,cias_full,369_wheeled_robot_matched_adversarial_identity,369,wheeled_robot,matched_adversarial_identity,0.125,0.0,,58,1
b292cd026c2bcaca,cias_full,370_drone_matched_adversarial_identity,370,drone,matched_adversarial_identity,0.9722222222222222,0.0,0.0,27,1
b292cd026c2bcaca,cias_full,370_ground_creature_matched_adversarial_identity,370,ground_creature,matched_adversarial_identity,0.125,0.0,,101,1
b292cd026c2bcaca,cias_full,370_virtual_avatar_matched_adversarial_identity,370,virtual_avatar,matched_adversarial_identity,0.125,0.0,,133,1
b292cd026c2bcaca,cias_full,370_wheeled_robot_matched_adversarial_identity,370,wheeled_robot,matched_adversarial_identity,0.125,0.0,,67,1
b292cd026c2bcaca,cias_full,371_drone_matched_adversarial_identity,371,drone,matched_adversarial_identity,0.125,0.0,,42,1
b292cd026c2bcaca,cias_full,371_ground_creature_matched_adversarial_identity,371,ground_creature,matched_adversarial_identity,0.125,0.0,,95,1
b292cd026c2bcaca,cias_full,371_virtual_avatar_matched_adversarial_identity,371,virtual_avatar,matched_adversarial_identity,0.125,0.0,,131,1
b292cd026c2bcaca,cias_full,371_wheeled_robot_matched_adversarial_identity,371,wheeled_robot,matched_adversarial_identity,0.125,0.0,,68,1
b292cd026c2bcaca,cias_full,372_drone_matched_adversarial_identity,372,drone,matched_adversarial_identity,0.18055555555555555,0.0,0.0,42,1
b292cd026c2bcaca,cias_full,372_ground_creature_matched_adversarial_identity,372,ground_creature,matched_adversarial_identity,0.125,0.0,,98,1
b292cd026c2bcaca,cias_full,372_virtual_avatar_matched_adversarial_identity,372,virtual_avatar,matched_adversarial_identity,0.125,0.0,,130,1
b292cd026c2bcaca,cias_full,372_wheeled_robot_matched_adversarial_identity,372,wheeled_robot,matched_adversarial_identity,0.125,0.0,,69,1
b292cd026c2bcaca,cias_full,373_drone_matched_adversarial_identity,373,drone,matched_adversarial_identity,0.19444444444444445,0.0,0.0,40,1
b292cd026c2bcaca,cias_full,373_ground_creature_matched_adversarial_identity,373,ground_creature,matched_adversarial_identity,0.125,0.0,,90,1
b292cd026c2bcaca,cias_full,373_virtual_avatar_matched_adversarial_identity,373,virtual_avatar,matched_adversarial_identity,0.125,0.0,,133,1
b292cd026c2bcaca,cias_full,373_wheeled_robot_matched_adversarial_identity,373,wheeled_robot,matched_adversarial_identity,0.125,0.0,,61,1
b292cd026c2bcaca,cias_full,374_drone_matched_adversarial_identity,374,drone,matched_adversarial_identity,0.125,0.0,,47,1
b292cd026c2bcaca,cias_full,374_ground_creature_matched_adversarial_identity,374,ground_creature,matched_adversarial_identity,0.125,0.0,,101,1
b292cd026c2bcaca,cias_full,374_virtual_avatar_matched_adversarial_identity,374,virtual_avatar,matched_adversarial_identity,0.125,0.0,,131,1
b292cd026c2bcaca,cias_full,374_wheeled_robot_matched_adversarial_identity,374,wheeled_robot,matched_adversarial_identity,0.125,0.0,,65,1
b292cd026c2bcaca,cias_full,375_drone_matched_adversarial_identity,375,drone,matched_adversarial_identity,0.6111111111111112,0.09722222222222222,0.7000000000000001,22,1
b292cd026c2bcaca,cias_full,375_ground_creature_matched_adversarial_identity,375,ground_creature,matched_adversarial_identity,0.125,0.0,,105,1
b292cd026c2bcaca,cias_full,375_virtual_avatar_matched_adversarial_identity,375,virtual_avatar,matched_adversarial_identity,0.125,0.0,,133,1
b292cd026c2bcaca,cias_full,375_wheeled_robot_matched_adversarial_identity,375,wheeled_robot,matched_adversarial_identity,0.125,0.0,,61,1
b292cd026c2bcaca,cias_full,376_drone_matched_adversarial_identity,376,drone,matched_adversarial_identity,0.16666666666666666,0.0,0.0,41,1
b292cd026c2bcaca,cias_full,376_ground_creature_matched_adversarial_identity,376,ground_creature,matched_adversarial_identity,0.125,0.0,,95,1
b292cd026c2bcaca,cias_full,376_virtual_avatar_matched_adversarial_identity,376,virtual_avatar,matched_adversarial_identity,0.125,0.0,,135,1
b292cd026c2bcaca,cias_full,376_wheeled_robot_matched_adversarial_identity,376,wheeled_robot,matched_adversarial_identity,0.125,0.0,,68,1
b292cd026c2bcaca,cias_full,377_drone_matched_adversarial_identity,377,drone,matched_adversarial_identity,0.20833333333333334,0.09722222222222222,0.7000000000000001,31,1
b292cd026c2bcaca,cias_full,377_ground_creature_matched_adversarial_identity,377,ground_creature,matched_adversarial_identity,0.125,0.0,,94,1
b292cd026c2bcaca,cias_full,377_virtual_avatar_matched_adversarial_identity,377,virtual_avatar,matched_adversarial_identity,0.125,0.0,,130,1
b292cd026c2bcaca,cias_full,377_wheeled_robot_matched_adversarial_identity,377,wheeled_robot,matched_adversarial_identity,0.125,0.0,,66,1
b292cd026c2bcaca,cias_full,378_drone_matched_adversarial_identity,378,drone,matched_adversarial_identity,0.125,0.0,,39,1
b292cd026c2bcaca,cias_full,378_ground_creature_matched_adversarial_identity,378,ground_creature,matched_adversarial_identity,0.125,0.0,,90,1
b292cd026c2bcaca,cias_full,378_virtual_avatar_matched_adversarial_identity,378,virtual_avatar,matched_adversarial_identity,0.125,0.0,,136,1
b292cd026c2bcaca,cias_full,378_wheeled_robot_matched_adversarial_identity,378,wheeled_robot,matched_adversarial_identity,0.19444444444444445,0.0,0.0,65,1
b292cd026c2bcaca,cias_full,379_drone_matched_adversarial_identity,379,drone,matched_adversarial_identity,0.6805555555555556,0.0,0.0,30,1
b292cd026c2bcaca,cias_full,379_ground_creature_matched_adversarial_identity,379,ground_creature,matched_adversarial_identity,0.125,0.0,,105,1
b292cd026c2bcaca,cias_full,379_virtual_avatar_matched_adversarial_identity,379,virtual_avatar,matched_adversarial_identity,0.125,0.0,,130,1
b292cd026c2bcaca,cias_full,379_wheeled_robot_matched_adversarial_identity,379,wheeled_robot,matched_adversarial_identity,0.125,0.0,,72,1
b292cd026c2bcaca,cias_full,380_drone_matched_adversarial_identity,380,drone,matched_adversarial_identity,0.125,0.06944444444444445,,36,1
b292cd026c2bcaca,cias_full,380_ground_creature_matched_adversarial_identity,380,ground_creature,matched_adversarial_identity,0.125,0.0,,96,1
b292cd026c2bcaca,cias_full,380_virtual_avatar_matched_adversarial_identity,380,virtual_avatar,matched_adversarial_identity,0.125,0.0,,130,1
b292cd026c2bcaca,cias_full,380_wheeled_robot_matched_adversarial_identity,380,wheeled_robot,matched_adversarial_identity,0.125,0.0,,71,1
b292cd026c2bcaca,cias_full,381_drone_matched_adversarial_identity,381,drone,matched_adversarial_identity,0.7916666666666666,0.0,0.0,27,1
b292cd026c2bcaca,cias_full,381_ground_creature_matched_adversarial_identity,381,ground_creature,matched_adversarial_identity,0.125,0.0,,99,1
b292cd026c2bcaca,cias_full,381_virtual_avatar_matched_adversarial_identity,381,virtual_avatar,matched_adversarial_identity,0.125,0.0,,130,1
b292cd026c2bcaca,cias_full,381_wheeled_robot_matched_adversarial_identity,381,wheeled_robot,matched_adversarial_identity,0.125,0.0,,68,1
b292cd026c2bcaca,cias_full,382_drone_matched_adversarial_identity,382,drone,matched_adversarial_identity,0.2777777777777778,0.0,0.0,43,1
b292cd026c2bcaca,cias_full,382_ground_creature_matched_adversarial_identity,382,ground_creature,matched_adversarial_identity,0.125,0.0,,100,1
b292cd026c2bcaca,cias_full,382_virtual_avatar_matched_adversarial_identity,382,virtual_avatar,matched_adversarial_identity,0.125,0.0,,132,1
b292cd026c2bcaca,cias_full,382_wheeled_robot_matched_adversarial_identity,382,wheeled_robot,matched_adversarial_identity,0.125,0.0,,70,1
b292cd026c2bcaca,cias_full,383_drone_matched_adversarial_identity,383,drone,matched_adversarial_identity,0.125,0.0,,38,1
b292cd026c2bcaca,cias_full,383_ground_creature_matched_adversarial_identity,383,ground_creature,matched_adversarial_identity,0.125,0.0,,92,1
b292cd026c2bcaca,cias_full,383_virtual_avatar_matched_adversarial_identity,383,virtual_avatar,matched_adversarial_identity,0.125,0.0,,132,1
b292cd026c2bcaca,cias_full,383_wheeled_robot_matched_adversarial_identity,383,wheeled_robot,matched_adversarial_identity,0.125,0.0,,69,1
b292cd026c2bcaca,cias_full,384_drone_matched_adversarial_identity,384,drone,matched_adversarial_identity,0.125,0.0,,44,1
b292cd026c2bcaca,cias_full,384_ground_creature_matched_adversarial_identity,384,ground_creature,matched_adversarial_identity,0.125,0.0,,98,1
b292cd026c2bcaca,cias_full,384_virtual_avatar_matched_adversarial_identity,384,virtual_avatar,matched_adversarial_identity,0.125,0.0,,134,1
b292cd026c2bcaca,cias_full,384_wheeled_robot_matched_adversarial_identity,384,wheeled_robot,matched_adversarial_identity,0.125,0.0,,64,1
b292cd026c2bcaca,cias_full,385_drone_matched_adversarial_identity,385,drone,matched_adversarial_identity,0.3055555555555556,0.0,0.0,41,1
b292cd026c2bcaca,cias_full,385_ground_creature_matched_adversarial_identity,385,ground_creature,matched_adversarial_identity,0.125,0.0,,92,1
b292cd026c2bcaca,cias_full,385_virtual_avatar_matched_adversarial_identity,385,virtual_avatar,matched_adversarial_identity,0.125,0.0,,132,1
b292cd026c2bcaca,cias_full,385_wheeled_robot_matched_adversarial_identity,385,wheeled_robot,matched_adversarial_identity,0.125,0.0,,64,1
b292cd026c2bcaca,cias_full,386_drone_matched_adversarial_identity,386,drone,matched_adversarial_identity,0.16666666666666666,0.0,0.0,43,1
b292cd026c2bcaca,cias_full,386_ground_creature_matched_adversarial_identity,386,ground_creature,matched_adversarial_identity,0.125,0.0,,96,1
b292cd026c2bcaca,cias_full,386_virtual_avatar_matched_adversarial_identity,386,virtual_avatar,matched_adversarial_identity,0.125,0.0,,131,1
b292cd026c2bcaca,cias_full,386_wheeled_robot_matched_adversarial_identity,386,wheeled_robot,matched_adversarial_identity,0.125,0.0,,67,1
b292cd026c2bcaca,cias_full,387_drone_matched_adversarial_identity,387,drone,matched_adversarial_identity,0.2777777777777778,0.0,0.0,32,1
b292cd026c2bcaca,cias_full,387_ground_creature_matched_adversarial_identity,387,ground_creature,matched_adversarial_identity,0.125,0.0,,95,1
b292cd026c2bcaca,cias_full,387_virtual_avatar_matched_adversarial_identity,387,virtual_avatar,matched_adversarial_identity,0.125,0.0,,129,1
b292cd026c2bcaca,cias_full,387_wheeled_robot_matched_adversarial_identity,387,wheeled_robot,matched_adversarial_identity,0.125,0.0,,70,1
b292cd026c2bcaca,cias_full,388_drone_matched_adversarial_identity,388,drone,matched_adversarial_identity,0.375,0.0,0.0,40,1
b292cd026c2bcaca,cias_full,388_ground_creature_matched_adversarial_identity,388,ground_creature,matched_adversarial_identity,0.125,0.0,,98,1
b292cd026c2bcaca,cias_full,388_virtual_avatar_matched_adversarial_identity,388,virtual_avatar,matched_adversarial_identity,0.125,0.0,,133,1
b292cd026c2bcaca,cias_full,388_wheeled_robot_matched_adversarial_identity,388,wheeled_robot,matched_adversarial_identity,0.125,0.0,,67,1
b292cd026c2bcaca,cias_full,389_drone_matched_adversarial_identity,389,drone,matched_adversarial_identity,0.125,0.0,,46,1
b292cd026c2bcaca,cias_full,389_ground_creature_matched_adversarial_identity,389,ground_creature,matched_adversarial_identity,0.125,0.0,,94,1
b292cd026c2bcaca,cias_full,389_virtual_avatar_matched_adversarial_identity,389,virtual_avatar,matched_adversarial_identity,0.125,0.0,,132,1
b292cd026c2bcaca,cias_full,389_wheeled_robot_matched_adversarial_identity,389,wheeled_robot,matched_adversarial_identity,0.125,0.0,,68,1
b292cd026c2bcaca,cias_full,390_drone_matched_adversarial_identity,390,drone,matched_adversarial_identity,0.19444444444444445,0.0,0.0,33,1
b292cd026c2bcaca,cias_full,390_ground_creature_matched_adversarial_identity,390,ground_creature,matched_adversarial_identity,0.125,0.0,,89,1
b292cd026c2bcaca,cias_full,390_virtual_avatar_matched_adversarial_identity,390,virtual_avatar,matched_adversarial_identity,0.125,0.0,,131,1
b292cd026c2bcaca,cias_full,390_wheeled_robot_matched_adversarial_identity,390,wheeled_robot,matched_adversarial_identity,0.125,0.0,,65,1
b292cd026c2bcaca,cias_no_persistent_self,361_drone_matched_adversarial_identity,361,drone,matched_adversarial_identity,0.0,0.6666666666666666,,4,0
b292cd026c2bcaca,cias_no_persistent_self,361_ground_creature_matched_adversarial_identity,361,ground_creature,matched_adversarial_identity,0.0,0.6666666666666666,,4,0
b292cd026c2bcaca,cias_no_persistent_self,361_virtual_avatar_matched_adversarial_identity,361,virtual_avatar,matched_adversarial_identity,0.0,0.6666666666666666,,4,0
b292cd026c2bcaca,cias_no_persistent_self,361_wheeled_robot_matched_adversarial_identity,361,wheeled_robot,matched_adversarial_identity,0.0,0.6666666666666666,,4,0
b292cd026c2bcaca,cias_no_persistent_self,362_drone_matched_adversarial_identity,362,drone,matched_adversarial_identity,0.0,0.6666666666666666,,4,0
b292cd026c2bcaca,cias_no_persistent_self,362_ground_creature_matched_adversarial_identity,362,ground_creature,matched_adversarial_identity,0.0,0.6666666666666666,,4,0
b292cd026c2bcaca,cias_no_persistent_self,362_virtual_avatar_matched_adversarial_identity,362,virtual_avatar,matched_adversarial_identity,0.0,0.6666666666666666,,4,0
b292cd026c2bcaca,cias_no_persistent_self,362_wheeled_robot_matched_adversarial_identity,362,wheeled_robot,matched_adversarial_identity,0.0,0.6666666666666666,,4,0
b292cd026c2bcaca,cias_no_persistent_self,363_drone_matched_adversarial_identity,363,drone,matched_adversarial_identity,0.0,0.6666666666666666,,4,0
b292cd026c2bcaca,cias_no_persistent_self,363_ground_creature_matched_adversarial_identity,363,ground_creature,matched_adversarial_identity,0.0,0.6666666666666666,,4,0
b292cd026c2bcaca,cias_no_persistent_self,363_virtual_avatar_matched_adversarial_identity,363,virtual_avatar,matched_adversarial_identity,0.0,0.6666666666666666,,4,0
b292cd026c2bcaca,cias_no_persistent_self,363_wheeled_robot_matched_adversarial_identity,363,wheeled_robot,matched_adversarial_identity,0.0,0.6666666666666666,,4,0
b292cd026c2bcaca,cias_no_persistent_self,364_drone_matched_adversarial_identity,364,drone,matched_adversarial_identity,0.0,0.6666666666666666,,4,0
b292cd026c2bcaca,cias_no_persistent_self,364_ground_creature_matched_adversarial_identity,364,ground_creature,matched_adversarial_identity,0.0,0.6666666666666666,,4,0
b292cd026c2bcaca,cias_no_persistent_self,364_virtual_avatar_matched_adversarial_identity,364,virtual_avatar,matched_adversarial_identity,0.0,0.6666666666666666,,4,0
b292cd026c2bcaca,cias_no_persistent_self,364_wheeled_robot_matched_adversarial_identity,364,wheeled_robot,matched_adversarial_identity,0.0,0.6666666666666666,,4,0
b292cd026c2bcaca,cias_no_persistent_self,365_drone_matched_adversarial_identity,365,drone,matched_adversarial_identity,0.0,0.6666666666666666,,4,0
b292cd026c2bcaca,cias_no_persistent_self,365_ground_creature_matched_adversarial_identity,365,ground_creature,matched_adversarial_identity,0.0,0.6666666666666666,,4,0
b292cd026c2bcaca,cias_no_persistent_self,365_virtual_avatar_matched_adversarial_identity,365,virtual_avatar,matched_adversarial_identity,0.0,0.6666666666666666,,4,0
b292cd026c2bcaca,cias_no_persistent_self,365_wheeled_robot_matched_adversarial_identity,365,wheeled_robot,matched_adversarial_identity,0.0,0.6666666666666666,,4,0
b292cd026c2bcaca,cias_no_persistent_self,366_drone_matched_adversarial_identity,366,drone,matched_adversarial_identity,0.0,0.6666666666666666,,4,0
b292cd026c2bcaca,cias_no_persistent_self,366_ground_creature_matched_adversarial_identity,366,ground_creature,matched_adversarial_identity,0.0,0.6666666666666666,,4,0
b292cd026c2bcaca,cias_no_persistent_self,366_virtual_avatar_matched_adversarial_identity,366,virtual_avatar,matched_adversarial_identity,1.0,0.0,0.0,3,1
b292cd026c2bcaca,cias_no_persistent_self,366_wheeled_robot_matched_adversarial_identity,366,wheeled_robot,matched_adversarial_identity,0.0,0.6666666666666666,,4,0
b292cd026c2bcaca,cias_no_persistent_self,367_drone_matched_adversarial_identity,367,drone,matched_adversarial_identity,0.0,0.6666666666666666,,4,0
b292cd026c2bcaca,cias_no_persistent_self,367_ground_creature_matched_adversarial_identity,367,ground_creature,matched_adversarial_identity,0.0,0.6666666666666666,,4,0
b292cd026c2bcaca,cias_no_persistent_self,367_virtual_avatar_matched_adversarial_identity,367,virtual_avatar,matched_adversarial_identity,1.0,0.0,0.0,3,1
b292cd026c2bcaca,cias_no_persistent_self,367_wheeled_robot_matched_adversarial_identity,367,wheeled_robot,matched_adversarial_identity,0.0,0.6666666666666666,,4,0
b292cd026c2bcaca,cias_no_persistent_self,368_drone_matched_adversarial_identity,368,drone,matched_adversarial_identity,0.0,0.6666666666666666,,4,0
b292cd026c2bcaca,cias_no_persistent_self,368_ground_creature_matched_adversarial_identity,368,ground_creature,matched_adversarial_identity,1.0,0.0,0.0,3,1
b292cd026c2bcaca,cias_no_persistent_self,368_virtual_avatar_matched_adversarial_identity,368,virtual_avatar,matched_adversarial_identity,1.0,0.0,0.0,3,1
b292cd026c2bcaca,cias_no_persistent_self,368_wheeled_robot_matched_adversarial_identity,368,wheeled_robot,matched_adversarial_identity,1.0,0.0,0.0,3,1
b292cd026c2bcaca,cias_no_persistent_self,369_drone_matched_adversarial_identity,369,drone,matched_adversarial_identity,0.0,0.6666666666666666,,4,0
b292cd026c2bcaca,cias_no_persistent_self,369_ground_creature_matched_adversarial_identity,369,ground_creature,matched_adversarial_identity,0.0,0.6666666666666666,,4,0
b292cd026c2bcaca,cias_no_persistent_self,369_virtual_avatar_matched_adversarial_identity,369,virtual_avatar,matched_adversarial_identity,1.0,0.0,0.0,3,1
b292cd026c2bcaca,cias_no_persistent_self,369_wheeled_robot_matched_adversarial_identity,369,wheeled_robot,matched_adversarial_identity,0.0,0.6666666666666666,,4,0
b292cd026c2bcaca,cias_no_persistent_self,370_drone_matched_adversarial_identity,370,drone,matched_adversarial_identity,0.0,0.6666666666666666,,4,0
b292cd026c2bcaca,cias_no_persistent_self,370_ground_creature_matched_adversarial_identity,370,ground_creature,matched_adversarial_identity,0.0,0.6666666666666666,,4,0
b292cd026c2bcaca,cias_no_persistent_self,370_virtual_avatar_matched_adversarial_identity,370,virtual_avatar,matched_adversarial_identity,1.0,0.0,0.0,3,1
b292cd026c2bcaca,cias_no_persistent_self,370_wheeled_robot_matched_adversarial_identity,370,wheeled_robot,matched_adversarial_identity,0.0,0.6666666666666666,,4,0
b292cd026c2bcaca,cias_no_persistent_self,371_drone_matched_adversarial_identity,371,drone,matched_adversarial_identity,0.0,0.6666666666666666,,4,0
b292cd026c2bcaca,cias_no_persistent_self,371_ground_creature_matched_adversarial_identity,371,ground_creature,matched_adversarial_identity,1.0,0.0,0.0,3,1
b292cd026c2bcaca,cias_no_persistent_self,371_virtual_avatar_matched_adversarial_identity,371,virtual_avatar,matched_adversarial_identity,1.0,0.0,0.0,3,1
b292cd026c2bcaca,cias_no_persistent_self,371_wheeled_robot_matched_adversarial_identity,371,wheeled_robot,matched_adversarial_identity,1.0,0.0,0.0,3,1
b292cd026c2bcaca,cias_no_persistent_self,372_drone_matched_adversarial_identity,372,drone,matched_adversarial_identity,0.0,0.6666666666666666,,4,0
b292cd026c2bcaca,cias_no_persistent_self,372_ground_creature_matched_adversarial_identity,372,ground_creature,matched_adversarial_identity,0.0,0.6666666666666666,,4,0
b292cd026c2bcaca,cias_no_persistent_self,372_virtual_avatar_matched_adversarial_identity,372,virtual_avatar,matched_adversarial_identity,1.0,0.0,0.0,3,1
b292cd026c2bcaca,cias_no_persistent_self,372_wheeled_robot_matched_adversarial_identity,372,wheeled_robot,matched_adversarial_identity,0.0,0.6666666666666666,,4,0
b292cd026c2bcaca,cias_no_persistent_self,373_drone_matched_adversarial_identity,373,drone,matched_adversarial_identity,0.0,0.6666666666666666,,4,0
b292cd026c2bcaca,cias_no_persistent_self,373_ground_creature_matched_adversarial_identity,373,ground_creature,matched_adversarial_identity,1.0,0.0,0.0,3,1
b292cd026c2bcaca,cias_no_persistent_self,373_virtual_avatar_matched_adversarial_identity,373,virtual_avatar,matched_adversarial_identity,1.0,0.0,0.0,3,1
b292cd026c2bcaca,cias_no_persistent_self,373_wheeled_robot_matched_adversarial_identity,373,wheeled_robot,matched_adversarial_identity,0.0,0.6666666666666666,,4,0
b292cd026c2bcaca,cias_no_persistent_self,374_drone_matched_adversarial_identity,374,drone,matched_adversarial_identity,0.0,0.6666666666666666,,4,0
b292cd026c2bcaca,cias_no_persistent_self,374_ground_creature_matched_adversarial_identity,374,ground_creature,matched_adversarial_identity,0.0,0.6666666666666666,,4,0
b292cd026c2bcaca,cias_no_persistent_self,374_virtual_avatar_matched_adversarial_identity,374,virtual_avatar,matched_adversarial_identity,1.0,0.0,0.0,3,1
b292cd026c2bcaca,cias_no_persistent_self,374_wheeled_robot_matched_adversarial_identity,374,wheeled_robot,matched_adversarial_identity,0.0,0.6666666666666666,,4,0
b292cd026c2bcaca,cias_no_persistent_self,375_drone_matched_adversarial_identity,375,drone,matched_adversarial_identity,0.0,0.6666666666666666,,4,0
b292cd026c2bcaca,cias_no_persistent_self,375_ground_creature_matched_adversarial_identity,375,ground_creature,matched_adversarial_identity,0.0,0.6666666666666666,,4,0
b292cd026c2bcaca,cias_no_persistent_self,375_virtual_avatar_matched_adversarial_identity,375,virtual_avatar,matched_adversarial_identity,0.0,0.6666666666666666,,4,0
b292cd026c2bcaca,cias_no_persistent_self,375_wheeled_robot_matched_adversarial_identity,375,wheeled_robot,matched_adversarial_identity,0.0,0.6666666666666666,,4,0
b292cd026c2bcaca,cias_no_persistent_self,376_drone_matched_adversarial_identity,376,drone,matched_adversarial_identity,0.0,0.6666666666666666,,4,0
b292cd026c2bcaca,cias_no_persistent_self,376_ground_creature_matched_adversarial_identity,376,ground_creature,matched_adversarial_identity,0.0,0.6666666666666666,,4,0
b292cd026c2bcaca,cias_no_persistent_self,376_virtual_avatar_matched_adversarial_identity,376,virtual_avatar,matched_adversarial_identity,0.0,0.6666666666666666,,4,0
b292cd026c2bcaca,cias_no_persistent_self,376_wheeled_robot_matched_adversarial_identity,376,wheeled_robot,matched_adversarial_identity,0.0,0.6666666666666666,,4,0
b292cd026c2bcaca,cias_no_persistent_self,377_drone_matched_adversarial_identity,377,drone,matched_adversarial_identity,0.0,0.6666666666666666,,4,0
b292cd026c2bcaca,cias_no_persistent_self,377_ground_creature_matched_adversarial_identity,377,ground_creature,matched_adversarial_identity,0.0,0.6666666666666666,,4,0
b292cd026c2bcaca,cias_no_persistent_self,377_virtual_avatar_matched_adversarial_identity,377,virtual_avatar,matched_adversarial_identity,0.0,0.6666666666666666,,4,0
b292cd026c2bcaca,cias_no_persistent_self,377_wheeled_robot_matched_adversarial_identity,377,wheeled_robot,matched_adversarial_identity,0.0,0.6666666666666666,,4,0
b292cd026c2bcaca,cias_no_persistent_self,378_drone_matched_adversarial_identity,378,drone,matched_adversarial_identity,0.0,0.6666666666666666,,4,0
b292cd026c2bcaca,cias_no_persistent_self,378_ground_creature_matched_adversarial_identity,378,ground_creature,matched_adversarial_identity,0.0,0.6666666666666666,,4,0
b292cd026c2bcaca,cias_no_persistent_self,378_virtual_avatar_matched_adversarial_identity,378,virtual_avatar,matched_adversarial_identity,0.0,0.6666666666666666,,4,0
b292cd026c2bcaca,cias_no_persistent_self,378_wheeled_robot_matched_adversarial_identity,378,wheeled_robot,matched_adversarial_identity,0.0,0.6666666666666666,,4,0
b292cd026c2bcaca,cias_no_persistent_self,379_drone_matched_adversarial_identity,379,drone,matched_adversarial_identity,0.0,0.6666666666666666,,4,0
b292cd026c2bcaca,cias_no_persistent_self,379_ground_creature_matched_adversarial_identity,379,ground_creature,matched_adversarial_identity,0.0,0.6666666666666666,,4,0
b292cd026c2bcaca,cias_no_persistent_self,379_virtual_avatar_matched_adversarial_identity,379,virtual_avatar,matched_adversarial_identity,0.0,0.6666666666666666,,4,0
b292cd026c2bcaca,cias_no_persistent_self,379_wheeled_robot_matched_adversarial_identity,379,wheeled_robot,matched_adversarial_identity,0.0,0.6666666666666666,,4,0
b292cd026c2bcaca,cias_no_persistent_self,380_drone_matched_adversarial_identity,380,drone,matched_adversarial_identity,0.0,0.6666666666666666,,4,0
b292cd026c2bcaca,cias_no_persistent_self,380_ground_creature_matched_adversarial_identity,380,ground_creature,matched_adversarial_identity,0.0,0.6666666666666666,,4,0
b292cd026c2bcaca,cias_no_persistent_self,380_virtual_avatar_matched_adversarial_identity,380,virtual_avatar,matched_adversarial_identity,0.0,0.6666666666666666,,4,0
b292cd026c2bcaca,cias_no_persistent_self,380_wheeled_robot_matched_adversarial_identity,380,wheeled_robot,matched_adversarial_identity,0.0,0.6666666666666666,,4,0
b292cd026c2bcaca,cias_no_persistent_self,381_drone_matched_adversarial_identity,381,drone,matched_adversarial_identity,0.0,0.6666666666666666,,4,0
b292cd026c2bcaca,cias_no_persistent_self,381_ground_creature_matched_adversarial_identity,381,ground_creature,matched_adversarial_identity,0.0,0.6666666666666666,,4,0
b292cd026c2bcaca,cias_no_persistent_self,381_virtual_avatar_matched_adversarial_identity,381,virtual_avatar,matched_adversarial_identity,0.0,0.6666666666666666,,4,0
b292cd026c2bcaca,cias_no_persistent_self,381_wheeled_robot_matched_adversarial_identity,381,wheeled_robot,matched_adversarial_identity,0.0,0.6666666666666666,,4,0
b292cd026c2bcaca,cias_no_persistent_self,382_drone_matched_adversarial_identity,382,drone,matched_adversarial_identity,0.0,0.6666666666666666,,4,0
b292cd026c2bcaca,cias_no_persistent_self,382_ground_creature_matched_adversarial_identity,382,ground_creature,matched_adversarial_identity,0.0,0.6666666666666666,,4,0
b292cd026c2bcaca,cias_no_persistent_self,382_virtual_avatar_matched_adversarial_identity,382,virtual_avatar,matched_adversarial_identity,0.0,0.6666666666666666,,4,0
b292cd026c2bcaca,cias_no_persistent_self,382_wheeled_robot_matched_adversarial_identity,382,wheeled_robot,matched_adversarial_identity,0.0,0.6666666666666666,,4,0
b292cd026c2bcaca,cias_no_persistent_self,383_drone_matched_adversarial_identity,383,drone,matched_adversarial_identity,0.0,0.6666666666666666,,4,0
b292cd026c2bcaca,cias_no_persistent_self,383_ground_creature_matched_adversarial_identity,383,ground_creature,matched_adversarial_identity,0.0,0.6666666666666666,,4,0
b292cd026c2bcaca,cias_no_persistent_self,383_virtual_avatar_matched_adversarial_identity,383,virtual_avatar,matched_adversarial_identity,0.0,0.6666666666666666,,4,0
b292cd026c2bcaca,cias_no_persistent_self,383_wheeled_robot_matched_adversarial_identity,383,wheeled_robot,matched_adversarial_identity,0.0,0.6666666666666666,,4,0
b292cd026c2bcaca,cias_no_persistent_self,384_drone_matched_adversarial_identity,384,drone,matched_adversarial_identity,0.0,0.6666666666666666,,4,0
b292cd026c2bcaca,cias_no_persistent_self,384_ground_creature_matched_adversarial_identity,384,ground_creature,matched_adversarial_identity,0.0,0.6666666666666666,,4,0
b292cd026c2bcaca,cias_no_persistent_self,384_virtual_avatar_matched_adversarial_identity,384,virtual_avatar,matched_adversarial_identity,1.0,0.0,0.0,3,1
b292cd026c2bcaca,cias_no_persistent_self,384_wheeled_robot_matched_adversarial_identity,384,wheeled_robot,matched_adversarial_identity,0.0,0.6666666666666666,,4,0
b292cd026c2bcaca,cias_no_persistent_self,385_drone_matched_adversarial_identity,385,drone,matched_adversarial_identity,0.0,0.6666666666666666,,4,0
b292cd026c2bcaca,cias_no_persistent_self,385_ground_creature_matched_adversarial_identity,385,ground_creature,matched_adversarial_identity,0.0,0.6666666666666666,,4,0
b292cd026c2bcaca,cias_no_persistent_self,385_virtual_avatar_matched_adversarial_identity,385,virtual_avatar,matched_adversarial_identity,1.0,0.0,0.0,3,1
b292cd026c2bcaca,cias_no_persistent_self,385_wheeled_robot_matched_adversarial_identity,385,wheeled_robot,matched_adversarial_identity,0.0,0.6666666666666666,,4,0
b292cd026c2bcaca,cias_no_persistent_self,386_drone_matched_adversarial_identity,386,drone,matched_adversarial_identity,0.0,0.6666666666666666,,4,0
b292cd026c2bcaca,cias_no_persistent_self,386_ground_creature_matched_adversarial_identity,386,ground_creature,matched_adversarial_identity,0.0,0.6666666666666666,,4,0
b292cd026c2bcaca,cias_no_persistent_self,386_virtual_avatar_matched_adversarial_identity,386,virtual_avatar,matched_adversarial_identity,1.0,0.0,0.0,3,1
b292cd026c2bcaca,cias_no_persistent_self,386_wheeled_robot_matched_adversarial_identity,386,wheeled_robot,matched_adversarial_identity,0.0,0.6666666666666666,,4,0
b292cd026c2bcaca,cias_no_persistent_self,387_drone_matched_adversarial_identity,387,drone,matched_adversarial_identity,0.0,0.6666666666666666,,4,0
b292cd026c2bcaca,cias_no_persistent_self,387_ground_creature_matched_adversarial_identity,387,ground_creature,matched_adversarial_identity,0.0,0.6666666666666666,,4,0
b292cd026c2bcaca,cias_no_persistent_self,387_virtual_avatar_matched_adversarial_identity,387,virtual_avatar,matched_adversarial_identity,1.0,0.0,0.0,3,1
b292cd026c2bcaca,cias_no_persistent_self,387_wheeled_robot_matched_adversarial_identity,387,wheeled_robot,matched_adversarial_identity,0.0,0.6666666666666666,,4,0
b292cd026c2bcaca,cias_no_persistent_self,388_drone_matched_adversarial_identity,388,drone,matched_adversarial_identity,0.0,0.6666666666666666,,4,0
b292cd026c2bcaca,cias_no_persistent_self,388_ground_creature_matched_adversarial_identity,388,ground_creature,matched_adversarial_identity,0.0,0.6666666666666666,,4,0
b292cd026c2bcaca,cias_no_persistent_self,388_virtual_avatar_matched_adversarial_identity,388,virtual_avatar,matched_adversarial_identity,1.0,0.0,0.0,3,1
b292cd026c2bcaca,cias_no_persistent_self,388_wheeled_robot_matched_adversarial_identity,388,wheeled_robot,matched_adversarial_identity,0.0,0.6666666666666666,,4,0
b292cd026c2bcaca,cias_no_persistent_self,389_drone_matched_adversarial_identity,389,drone,matched_adversarial_identity,0.0,0.6666666666666666,,4,0
b292cd026c2bcaca,cias_no_persistent_self,389_ground_creature_matched_adversarial_identity,389,ground_creature,matched_adversarial_identity,1.0,0.0,0.0,3,1
b292cd026c2bcaca,cias_no_persistent_self,389_virtual_avatar_matched_adversarial_identity,389,virtual_avatar,matched_adversarial_identity,1.0,0.0,0.0,3,1
b292cd026c2bcaca,cias_no_persistent_self,389_wheeled_robot_matched_adversarial_identity,389,wheeled_robot,matched_adversarial_identity,0.0,0.6666666666666666,,4,0
b292cd026c2bcaca,cias_no_persistent_self,390_drone_matched_adversarial_identity,390,drone,matched_adversarial_identity,0.0,0.6666666666666666,,4,0
b292cd026c2bcaca,cias_no_persistent_self,390_ground_creature_matched_adversarial_identity,390,ground_creature,matched_adversarial_identity,0.0,0.6666666666666666,,4,0
b292cd026c2bcaca,cias_no_persistent_self,390_virtual_avatar_matched_adversarial_identity,390,virtual_avatar,matched_adversarial_identity,1.0,0.0,0.0,3,1
b292cd026c2bcaca,cias_no_persistent_self,390_wheeled_robot_matched_adversarial_identity,390,wheeled_robot,matched_adversarial_identity,0.0,0.6666666666666666,,4,0
b620e4ea0509f59a,cias_full,361_drone_matched_adversarial_identity,361,drone,matched_adversarial_identity,0.9305555555555556,0.06944444444444445,0.5,8,1
b620e4ea0509f59a,cias_full,361_ground_creature_matched_adversarial_identity,361,ground_creature,matched_adversarial_identity,1.0,0.0,0.0,4,1
b620e4ea0509f59a,cias_full,361_virtual_avatar_matched_adversarial_identity,361,virtual_avatar,matched_adversarial_identity,1.0,0.0,0.0,4,1
b620e4ea0509f59a,cias_full,361_wheeled_robot_matched_adversarial_identity,361,wheeled_robot,matched_adversarial_identity,1.0,0.0,0.0,4,1
b620e4ea0509f59a,cias_full,362_drone_matched_adversarial_identity,362,drone,matched_adversarial_identity,0.9027777777777778,0.09722222222222222,0.7000000000000001,14,1
b620e4ea0509f59a,cias_full,362_ground_creature_matched_adversarial_identity,362,ground_creature,matched_adversarial_identity,1.0,0.0,0.0,4,1
b620e4ea0509f59a,cias_full,362_virtual_avatar_matched_adversarial_identity,362,virtual_avatar,matched_adversarial_identity,1.0,0.0,0.0,4,1
b620e4ea0509f59a,cias_full,362_wheeled_robot_matched_adversarial_identity,362,wheeled_robot,matched_adversarial_identity,1.0,0.0,0.0,4,1
b620e4ea0509f59a,cias_full,363_drone_matched_adversarial_identity,363,drone,matched_adversarial_identity,0.625,0.09722222222222222,0.7000000000000001,20,1
b620e4ea0509f59a,cias_full,363_ground_creature_matched_adversarial_identity,363,ground_creature,matched_adversarial_identity,1.0,0.0,0.0,4,1
b620e4ea0509f59a,cias_full,363_virtual_avatar_matched_adversarial_identity,363,virtual_avatar,matched_adversarial_identity,1.0,0.0,0.0,4,1
b620e4ea0509f59a,cias_full,363_wheeled_robot_matched_adversarial_identity,363,wheeled_robot,matched_adversarial_identity,0.9305555555555556,0.06944444444444445,0.5,6,1
b620e4ea0509f59a,cias_full,364_drone_matched_adversarial_identity,364,drone,matched_adversarial_identity,0.9027777777777778,0.09722222222222222,0.7000000000000001,14,1
b620e4ea0509f59a,cias_full,364_ground_creature_matched_adversarial_identity,364,ground_creature,matched_adversarial_identity,1.0,0.0,0.0,4,1
b620e4ea0509f59a,cias_full,364_virtual_avatar_matched_adversarial_identity,364,virtual_avatar,matched_adversarial_identity,1.0,0.0,0.0,2,1
b620e4ea0509f59a,cias_full,364_wheeled_robot_matched_adversarial_identity,364,wheeled_robot,matched_adversarial_identity,1.0,0.0,0.0,4,1
b620e4ea0509f59a,cias_full,365_drone_matched_adversarial_identity,365,drone,matched_adversarial_identity,0.4166666666666667,0.2916666666666667,2.3000000000000003,20,1
b620e4ea0509f59a,cias_full,365_ground_creature_matched_adversarial_identity,365,ground_creature,matched_adversarial_identity,1.0,0.0,0.0,4,1
b620e4ea0509f59a,cias_full,365_virtual_avatar_matched_adversarial_identity,365,virtual_avatar,matched_adversarial_identity,1.0,0.0,0.0,4,1
b620e4ea0509f59a,cias_full,365_wheeled_robot_matched_adversarial_identity,365,wheeled_robot,matched_adversarial_identity,1.0,0.0,0.0,4,1
b620e4ea0509f59a,cias_full,366_drone_matched_adversarial_identity,366,drone,matched_adversarial_identity,0.6666666666666666,0.08333333333333333,0.6000000000000001,18,1
b620e4ea0509f59a,cias_full,366_ground_creature_matched_adversarial_identity,366,ground_creature,matched_adversarial_identity,1.0,0.0,0.0,4,1
b620e4ea0509f59a,cias_full,366_virtual_avatar_matched_adversarial_identity,366,virtual_avatar,matched_adversarial_identity,1.0,0.0,0.0,4,1
b620e4ea0509f59a,cias_full,366_wheeled_robot_matched_adversarial_identity,366,wheeled_robot,matched_adversarial_identity,0.9305555555555556,0.06944444444444445,0.5,8,1
b620e4ea0509f59a,cias_full,367_drone_matched_adversarial_identity,367,drone,matched_adversarial_identity,0.6111111111111112,0.09722222222222222,0.7000000000000001,18,1
b620e4ea0509f59a,cias_full,367_ground_creature_matched_adversarial_identity,367,ground_creature,matched_adversarial_identity,1.0,0.0,0.0,4,1
b620e4ea0509f59a,cias_full,367_virtual_avatar_matched_adversarial_identity,367,virtual_avatar,matched_adversarial_identity,1.0,0.0,0.0,4,1
b620e4ea0509f59a,cias_full,367_wheeled_robot_matched_adversarial_identity,367,wheeled_robot,matched_adversarial_identity,1.0,0.0,0.0,4,1
b620e4ea0509f59a,cias_full,368_drone_matched_adversarial_identity,368,drone,matched_adversarial_identity,0.9027777777777778,0.09722222222222222,0.7000000000000001,14,1
b620e4ea0509f59a,cias_full,368_ground_creature_matched_adversarial_identity,368,ground_creature,matched_adversarial_identity,1.0,0.0,0.0,4,1
b620e4ea0509f59a,cias_full,368_virtual_avatar_matched_adversarial_identity,368,virtual_avatar,matched_adversarial_identity,1.0,0.0,0.0,4,1
b620e4ea0509f59a,cias_full,368_wheeled_robot_matched_adversarial_identity,368,wheeled_robot,matched_adversarial_identity,0.9166666666666666,0.08333333333333333,0.6000000000000001,10,1
b620e4ea0509f59a,cias_full,369_drone_matched_adversarial_identity,369,drone,matched_adversarial_identity,0.625,0.09722222222222222,0.7000000000000001,20,1
b620e4ea0509f59a,cias_full,369_ground_creature_matched_adversarial_identity,369,ground_creature,matched_adversarial_identity,1.0,0.0,0.0,2,1
b620e4ea0509f59a,cias_full,369_virtual_avatar_matched_adversarial_identity,369,virtual_avatar,matched_adversarial_identity,1.0,0.0,0.0,4,1
b620e4ea0509f59a,cias_full,369_wheeled_robot_matched_adversarial_identity,369,wheeled_robot,matched_adversarial_identity,1.0,0.0,0.0,4,1
b620e4ea0509f59a,cias_full,370_drone_matched_adversarial_identity,370,drone,matched_adversarial_identity,0.6388888888888888,0.09722222222222222,0.7000000000000001,22,1
b620e4ea0509f59a,cias_full,370_ground_creature_matched_adversarial_identity,370,ground_creature,matched_adversarial_identity,1.0,0.0,0.0,4,1
b620e4ea0509f59a,cias_full,370_virtual_avatar_matched_adversarial_identity,370,virtual_avatar,matched_adversarial_identity,1.0,0.0,0.0,4,1
b620e4ea0509f59a,cias_full,370_wheeled_robot_matched_adversarial_identity,370,wheeled_robot,matched_adversarial_identity,1.0,0.0,0.0,4,1
b620e4ea0509f59a,cias_full,371_drone_matched_adversarial_identity,371,drone,matched_adversarial_identity,0.7222222222222222,0.0,0.0,12,1
b620e4ea0509f59a,cias_full,371_ground_creature_matched_adversarial_identity,371,ground_creature,matched_adversarial_identity,1.0,0.0,0.0,2,1
b620e4ea0509f59a,cias_full,371_virtual_avatar_matched_adversarial_identity,371,virtual_avatar,matched_adversarial_identity,1.0,0.0,0.0,4,1
b620e4ea0509f59a,cias_full,371_wheeled_robot_matched_adversarial_identity,371,wheeled_robot,matched_adversarial_identity,0.9444444444444444,0.05555555555555555,0.4,8,1
b620e4ea0509f59a,cias_full,372_drone_matched_adversarial_identity,372,drone,matched_adversarial_identity,1.0,0.0,0.0,10,1
b620e4ea0509f59a,cias_full,372_ground_creature_matched_adversarial_identity,372,ground_creature,matched_adversarial_identity,1.0,0.0,0.0,4,1
b620e4ea0509f59a,cias_full,372_virtual_avatar_matched_adversarial_identity,372,virtual_avatar,matched_adversarial_identity,1.0,0.0,0.0,4,1
b620e4ea0509f59a,cias_full,372_wheeled_robot_matched_adversarial_identity,372,wheeled_robot,matched_adversarial_identity,1.0,0.0,0.0,4,1
b620e4ea0509f59a,cias_full,373_drone_matched_adversarial_identity,373,drone,matched_adversarial_identity,0.6666666666666666,0.06944444444444445,0.5,22,1
b620e4ea0509f59a,cias_full,373_ground_creature_matched_adversarial_identity,373,ground_creature,matched_adversarial_identity,1.0,0.0,0.0,4,1
b620e4ea0509f59a,cias_full,373_virtual_avatar_matched_adversarial_identity,373,virtual_avatar,matched_adversarial_identity,1.0,0.0,0.0,4,1
b620e4ea0509f59a,cias_full,373_wheeled_robot_matched_adversarial_identity,373,wheeled_robot,matched_adversarial_identity,1.0,0.0,0.0,4,1
b620e4ea0509f59a,cias_full,374_drone_matched_adversarial_identity,374,drone,matched_adversarial_identity,0.75,0.0,0.0,22,1
b620e4ea0509f59a,cias_full,374_ground_creature_matched_adversarial_identity,374,ground_creature,matched_adversarial_identity,1.0,0.0,0.0,4,1
b620e4ea0509f59a,cias_full,374_virtual_avatar_matched_adversarial_identity,374,virtual_avatar,matched_adversarial_identity,1.0,0.0,0.0,4,1
b620e4ea0509f59a,cias_full,374_wheeled_robot_matched_adversarial_identity,374,wheeled_robot,matched_adversarial_identity,0.9166666666666666,0.08333333333333333,0.6000000000000001,8,1
b620e4ea0509f59a,cias_full,375_drone_matched_adversarial_identity,375,drone,matched_adversarial_identity,0.5277777777777778,0.19444444444444445,1.5,16,1
b620e4ea0509f59a,cias_full,375_ground_creature_matched_adversarial_identity,375,ground_creature,matched_adversarial_identity,1.0,0.0,0.0,4,1
b620e4ea0509f59a,cias_full,375_virtual_avatar_matched_adversarial_identity,375,virtual_avatar,matched_adversarial_identity,1.0,0.0,0.0,4,1
b620e4ea0509f59a,cias_full,375_wheeled_robot_matched_adversarial_identity,375,wheeled_robot,matched_adversarial_identity,0.9305555555555556,0.06944444444444445,0.5,8,1
b620e4ea0509f59a,cias_full,376_drone_matched_adversarial_identity,376,drone,matched_adversarial_identity,0.6527777777777778,0.06944444444444445,0.5,18,1
b620e4ea0509f59a,cias_full,376_ground_creature_matched_adversarial_identity,376,ground_creature,matched_adversarial_identity,1.0,0.0,0.0,4,1
b620e4ea0509f59a,cias_full,376_virtual_avatar_matched_adversarial_identity,376,virtual_avatar,matched_adversarial_identity,1.0,0.0,0.0,4,1
b620e4ea0509f59a,cias_full,376_wheeled_robot_matched_adversarial_identity,376,wheeled_robot,matched_adversarial_identity,0.9305555555555556,0.06944444444444445,0.5,10,1
b620e4ea0509f59a,cias_full,377_drone_matched_adversarial_identity,377,drone,matched_adversarial_identity,0.6388888888888888,0.09722222222222222,0.7000000000000001,20,1
b620e4ea0509f59a,cias_full,377_ground_creature_matched_adversarial_identity,377,ground_creature,matched_adversarial_identity,1.0,0.0,0.0,4,1
b620e4ea0509f59a,cias_full,377_virtual_avatar_matched_adversarial_identity,377,virtual_avatar,matched_adversarial_identity,1.0,0.0,0.0,4,1
b620e4ea0509f59a,cias_full,377_wheeled_robot_matched_adversarial_identity,377,wheeled_robot,matched_adversarial_identity,1.0,0.0,0.0,4,1
b620e4ea0509f59a,cias_full,378_drone_matched_adversarial_identity,378,drone,matched_adversarial_identity,0.6388888888888888,0.09722222222222222,0.7000000000000001,14,1
b620e4ea0509f59a,cias_full,378_ground_creature_matched_adversarial_identity,378,ground_creature,matched_adversarial_identity,1.0,0.0,0.0,4,1
b620e4ea0509f59a,cias_full,378_virtual_avatar_matched_adversarial_identity,378,virtual_avatar,matched_adversarial_identity,1.0,0.0,0.0,4,1
b620e4ea0509f59a,cias_full,378_wheeled_robot_matched_adversarial_identity,378,wheeled_robot,matched_adversarial_identity,1.0,0.0,0.0,4,1
b620e4ea0509f59a,cias_full,379_drone_matched_adversarial_identity,379,drone,matched_adversarial_identity,1.0,0.0,0.0,22,1
b620e4ea0509f59a,cias_full,379_ground_creature_matched_adversarial_identity,379,ground_creature,matched_adversarial_identity,1.0,0.0,0.0,4,1
b620e4ea0509f59a,cias_full,379_virtual_avatar_matched_adversarial_identity,379,virtual_avatar,matched_adversarial_identity,1.0,0.0,0.0,4,1
b620e4ea0509f59a,cias_full,379_wheeled_robot_matched_adversarial_identity,379,wheeled_robot,matched_adversarial_identity,1.0,0.0,0.0,4,1
b620e4ea0509f59a,cias_full,380_drone_matched_adversarial_identity,380,drone,matched_adversarial_identity,0.6805555555555556,0.06944444444444445,0.5,14,1
b620e4ea0509f59a,cias_full,380_ground_creature_matched_adversarial_identity,380,ground_creature,matched_adversarial_identity,1.0,0.0,0.0,4,1
b620e4ea0509f59a,cias_full,380_virtual_avatar_matched_adversarial_identity,380,virtual_avatar,matched_adversarial_identity,1.0,0.0,0.0,4,1
b620e4ea0509f59a,cias_full,380_wheeled_robot_matched_adversarial_identity,380,wheeled_robot,matched_adversarial_identity,1.0,0.0,0.0,4,1
b620e4ea0509f59a,cias_full,381_drone_matched_adversarial_identity,381,drone,matched_adversarial_identity,1.0,0.0,0.0,10,1
b620e4ea0509f59a,cias_full,381_ground_creature_matched_adversarial_identity,381,ground_creature,matched_adversarial_identity,1.0,0.0,0.0,4,1
b620e4ea0509f59a,cias_full,381_virtual_avatar_matched_adversarial_identity,381,virtual_avatar,matched_adversarial_identity,1.0,0.0,0.0,4,1
b620e4ea0509f59a,cias_full,381_wheeled_robot_matched_adversarial_identity,381,wheeled_robot,matched_adversarial_identity,1.0,0.0,0.0,6,1
b620e4ea0509f59a,cias_full,382_drone_matched_adversarial_identity,382,drone,matched_adversarial_identity,1.0,0.0,0.0,16,1
b620e4ea0509f59a,cias_full,382_ground_creature_matched_adversarial_identity,382,ground_creature,matched_adversarial_identity,1.0,0.0,0.0,4,1
b620e4ea0509f59a,cias_full,382_virtual_avatar_matched_adversarial_identity,382,virtual_avatar,matched_adversarial_identity,1.0,0.0,0.0,4,1
b620e4ea0509f59a,cias_full,382_wheeled_robot_matched_adversarial_identity,382,wheeled_robot,matched_adversarial_identity,1.0,0.0,0.0,6,1
b620e4ea0509f59a,cias_full,383_drone_matched_adversarial_identity,383,drone,matched_adversarial_identity,0.9027777777777778,0.09722222222222222,0.7000000000000001,10,1
b620e4ea0509f59a,cias_full,383_ground_creature_matched_adversarial_identity,383,ground_creature,matched_adversarial_identity,1.0,0.0,0.0,4,1
b620e4ea0509f59a,cias_full,383_virtual_avatar_matched_adversarial_identity,383,virtual_avatar,matched_adversarial_identity,1.0,0.0,0.0,4,1
b620e4ea0509f59a,cias_full,383_wheeled_robot_matched_adversarial_identity,383,wheeled_robot,matched_adversarial_identity,1.0,0.0,0.0,4,1
b620e4ea0509f59a,cias_full,384_drone_matched_adversarial_identity,384,drone,matched_adversarial_identity,1.0,0.0,0.0,8,1
b620e4ea0509f59a,cias_full,384_ground_creature_matched_adversarial_identity,384,ground_creature,matched_adversarial_identity,1.0,0.0,0.0,4,1
b620e4ea0509f59a,cias_full,384_virtual_avatar_matched_adversarial_identity,384,virtual_avatar,matched_adversarial_identity,1.0,0.0,0.0,2,1
b620e4ea0509f59a,cias_full,384_wheeled_robot_matched_adversarial_identity,384,wheeled_robot,matched_adversarial_identity,1.0,0.0,0.0,4,1
b620e4ea0509f59a,cias_full,385_drone_matched_adversarial_identity,385,drone,matched_adversarial_identity,0.9027777777777778,0.09722222222222222,0.7000000000000001,10,1
b620e4ea0509f59a,cias_full,385_ground_creature_matched_adversarial_identity,385,ground_creature,matched_adversarial_identity,1.0,0.0,0.0,4,1
b620e4ea0509f59a,cias_full,385_virtual_avatar_matched_adversarial_identity,385,virtual_avatar,matched_adversarial_identity,1.0,0.0,0.0,4,1
b620e4ea0509f59a,cias_full,385_wheeled_robot_matched_adversarial_identity,385,wheeled_robot,matched_adversarial_identity,1.0,0.0,0.0,4,1
b620e4ea0509f59a,cias_full,386_drone_matched_adversarial_identity,386,drone,matched_adversarial_identity,0.9305555555555556,0.06944444444444445,0.5,14,1
b620e4ea0509f59a,cias_full,386_ground_creature_matched_adversarial_identity,386,ground_creature,matched_adversarial_identity,1.0,0.0,0.0,4,1
b620e4ea0509f59a,cias_full,386_virtual_avatar_matched_adversarial_identity,386,virtual_avatar,matched_adversarial_identity,1.0,0.0,0.0,4,1
b620e4ea0509f59a,cias_full,386_wheeled_robot_matched_adversarial_identity,386,wheeled_robot,matched_adversarial_identity,1.0,0.0,0.0,4,1
b620e4ea0509f59a,cias_full,387_drone_matched_adversarial_identity,387,drone,matched_adversarial_identity,1.0,0.0,0.0,14,1
b620e4ea0509f59a,cias_full,387_ground_creature_matched_adversarial_identity,387,ground_creature,matched_adversarial_identity,1.0,0.0,0.0,4,1
b620e4ea0509f59a,cias_full,387_virtual_avatar_matched_adversarial_identity,387,virtual_avatar,matched_adversarial_identity,1.0,0.0,0.0,4,1
b620e4ea0509f59a,cias_full,387_wheeled_robot_matched_adversarial_identity,387,wheeled_robot,matched_adversarial_identity,1.0,0.0,0.0,4,1
b620e4ea0509f59a,cias_full,388_drone_matched_adversarial_identity,388,drone,matched_adversarial_identity,0.75,0.0,0.0,22,1
b620e4ea0509f59a,cias_full,388_ground_creature_matched_adversarial_identity,388,ground_creature,matched_adversarial_identity,1.0,0.0,0.0,4,1
b620e4ea0509f59a,cias_full,388_virtual_avatar_matched_adversarial_identity,388,virtual_avatar,matched_adversarial_identity,1.0,0.0,0.0,4,1
b620e4ea0509f59a,cias_full,388_wheeled_robot_matched_adversarial_identity,388,wheeled_robot,matched_adversarial_identity,1.0,0.0,0.0,4,1
b620e4ea0509f59a,cias_full,389_drone_matched_adversarial_identity,389,drone,matched_adversarial_identity,0.7361111111111112,0.0,0.0,16,1
b620e4ea0509f59a,cias_full,389_ground_creature_matched_adversarial_identity,389,ground_creature,matched_adversarial_identity,1.0,0.0,0.0,4,1
b620e4ea0509f59a,cias_full,389_virtual_avatar_matched_adversarial_identity,389,virtual_avatar,matched_adversarial_identity,1.0,0.0,0.0,4,1
b620e4ea0509f59a,cias_full,389_wheeled_robot_matched_adversarial_identity,389,wheeled_robot,matched_adversarial_identity,1.0,0.0,0.0,4,1
b620e4ea0509f59a,cias_full,390_drone_matched_adversarial_identity,390,drone,matched_adversarial_identity,1.0,0.0,0.0,4,1
b620e4ea0509f59a,cias_full,390_ground_creature_matched_adversarial_identity,390,ground_creature,matched_adversarial_identity,1.0,0.0,0.0,4,1
b620e4ea0509f59a,cias_full,390_virtual_avatar_matched_adversarial_identity,390,virtual_avatar,matched_adversarial_identity,1.0,0.0,0.0,4,1
b620e4ea0509f59a,cias_full,390_wheeled_robot_matched_adversarial_identity,390,wheeled_robot,matched_adversarial_identity,1.0,0.0,0.0,4,1
b620e4ea0509f59a,cias_no_persistent_self,361_drone_matched_adversarial_identity,361,drone,matched_adversarial_identity,0.0,0.6666666666666666,,4,0
b620e4ea0509f59a,cias_no_persistent_self,361_ground_creature_matched_adversarial_identity,361,ground_creature,matched_adversarial_identity,0.0,0.6666666666666666,,4,0
b620e4ea0509f59a,cias_no_persistent_self,361_virtual_avatar_matched_adversarial_identity,361,virtual_avatar,matched_adversarial_identity,0.0,0.6666666666666666,,4,0
b620e4ea0509f59a,cias_no_persistent_self,361_wheeled_robot_matched_adversarial_identity,361,wheeled_robot,matched_adversarial_identity,0.0,0.6666666666666666,,4,0
b620e4ea0509f59a,cias_no_persistent_self,362_drone_matched_adversarial_identity,362,drone,matched_adversarial_identity,0.0,0.6666666666666666,,4,0
b620e4ea0509f59a,cias_no_persistent_self,362_ground_creature_matched_adversarial_identity,362,ground_creature,matched_adversarial_identity,0.0,0.6666666666666666,,4,0
b620e4ea0509f59a,cias_no_persistent_self,362_virtual_avatar_matched_adversarial_identity,362,virtual_avatar,matched_adversarial_identity,0.0,0.6666666666666666,,4,0
b620e4ea0509f59a,cias_no_persistent_self,362_wheeled_robot_matched_adversarial_identity,362,wheeled_robot,matched_adversarial_identity,0.0,0.6666666666666666,,4,0
b620e4ea0509f59a,cias_no_persistent_self,363_drone_matched_adversarial_identity,363,drone,matched_adversarial_identity,0.0,0.6666666666666666,,4,0
b620e4ea0509f59a,cias_no_persistent_self,363_ground_creature_matched_adversarial_identity,363,ground_creature,matched_adversarial_identity,0.0,0.6666666666666666,,4,0
b620e4ea0509f59a,cias_no_persistent_self,363_virtual_avatar_matched_adversarial_identity,363,virtual_avatar,matched_adversarial_identity,0.0,0.6666666666666666,,4,0
b620e4ea0509f59a,cias_no_persistent_self,363_wheeled_robot_matched_adversarial_identity,363,wheeled_robot,matched_adversarial_identity,0.0,0.6666666666666666,,4,0
b620e4ea0509f59a,cias_no_persistent_self,364_drone_matched_adversarial_identity,364,drone,matched_adversarial_identity,0.0,0.6666666666666666,,4,0
b620e4ea0509f59a,cias_no_persistent_self,364_ground_creature_matched_adversarial_identity,364,ground_creature,matched_adversarial_identity,0.0,0.6666666666666666,,4,0
b620e4ea0509f59a,cias_no_persistent_self,364_virtual_avatar_matched_adversarial_identity,364,virtual_avatar,matched_adversarial_identity,0.0,0.6666666666666666,,4,0
b620e4ea0509f59a,cias_no_persistent_self,364_wheeled_robot_matched_adversarial_identity,364,wheeled_robot,matched_adversarial_identity,0.0,0.6666666666666666,,4,0
b620e4ea0509f59a,cias_no_persistent_self,365_drone_matched_adversarial_identity,365,drone,matched_adversarial_identity,0.0,0.6666666666666666,,4,0
b620e4ea0509f59a,cias_no_persistent_self,365_ground_creature_matched_adversarial_identity,365,ground_creature,matched_adversarial_identity,0.0,0.6666666666666666,,4,0
b620e4ea0509f59a,cias_no_persistent_self,365_virtual_avatar_matched_adversarial_identity,365,virtual_avatar,matched_adversarial_identity,0.0,0.6666666666666666,,4,0
b620e4ea0509f59a,cias_no_persistent_self,365_wheeled_robot_matched_adversarial_identity,365,wheeled_robot,matched_adversarial_identity,0.0,0.6666666666666666,,4,0
b620e4ea0509f59a,cias_no_persistent_self,366_drone_matched_adversarial_identity,366,drone,matched_adversarial_identity,0.0,0.6666666666666666,,4,0
b620e4ea0509f59a,cias_no_persistent_self,366_ground_creature_matched_adversarial_identity,366,ground_creature,matched_adversarial_identity,0.0,0.6666666666666666,,4,0
b620e4ea0509f59a,cias_no_persistent_self,366_virtual_avatar_matched_adversarial_identity,366,virtual_avatar,matched_adversarial_identity,1.0,0.0,0.0,3,1
b620e4ea0509f59a,cias_no_persistent_self,366_wheeled_robot_matched_adversarial_identity,366,wheeled_robot,matched_adversarial_identity,0.0,0.6666666666666666,,4,0
b620e4ea0509f59a,cias_no_persistent_self,367_drone_matched_adversarial_identity,367,drone,matched_adversarial_identity,0.0,0.6666666666666666,,4,0
b620e4ea0509f59a,cias_no_persistent_self,367_ground_creature_matched_adversarial_identity,367,ground_creature,matched_adversarial_identity,0.0,0.6666666666666666,,4,0
b620e4ea0509f59a,cias_no_persistent_self,367_virtual_avatar_matched_adversarial_identity,367,virtual_avatar,matched_adversarial_identity,1.0,0.0,0.0,3,1
b620e4ea0509f59a,cias_no_persistent_self,367_wheeled_robot_matched_adversarial_identity,367,wheeled_robot,matched_adversarial_identity,0.0,0.6666666666666666,,4,0
b620e4ea0509f59a,cias_no_persistent_self,368_drone_matched_adversarial_identity,368,drone,matched_adversarial_identity,0.0,0.6666666666666666,,4,0
b620e4ea0509f59a,cias_no_persistent_self,368_ground_creature_matched_adversarial_identity,368,ground_creature,matched_adversarial_identity,1.0,0.0,0.0,3,1
b620e4ea0509f59a,cias_no_persistent_self,368_virtual_avatar_matched_adversarial_identity,368,virtual_avatar,matched_adversarial_identity,1.0,0.0,0.0,3,1
b620e4ea0509f59a,cias_no_persistent_self,368_wheeled_robot_matched_adversarial_identity,368,wheeled_robot,matched_adversarial_identity,1.0,0.0,0.0,3,1
b620e4ea0509f59a,cias_no_persistent_self,369_drone_matched_adversarial_identity,369,drone,matched_adversarial_identity,0.0,0.6666666666666666,,4,0
b620e4ea0509f59a,cias_no_persistent_self,369_ground_creature_matched_adversarial_identity,369,ground_creature,matched_adversarial_identity,0.0,0.6666666666666666,,4,0
b620e4ea0509f59a,cias_no_persistent_self,369_virtual_avatar_matched_adversarial_identity,369,virtual_avatar,matched_adversarial_identity,1.0,0.0,0.0,3,1
b620e4ea0509f59a,cias_no_persistent_self,369_wheeled_robot_matched_adversarial_identity,369,wheeled_robot,matched_adversarial_identity,0.0,0.6666666666666666,,4,0
b620e4ea0509f59a,cias_no_persistent_self,370_drone_matched_adversarial_identity,370,drone,matched_adversarial_identity,0.0,0.6666666666666666,,4,0
b620e4ea0509f59a,cias_no_persistent_self,370_ground_creature_matched_adversarial_identity,370,ground_creature,matched_adversarial_identity,0.0,0.6666666666666666,,4,0
b620e4ea0509f59a,cias_no_persistent_self,370_virtual_avatar_matched_adversarial_identity,370,virtual_avatar,matched_adversarial_identity,1.0,0.0,0.0,3,1
b620e4ea0509f59a,cias_no_persistent_self,370_wheeled_robot_matched_adversarial_identity,370,wheeled_robot,matched_adversarial_identity,0.0,0.6666666666666666,,4,0
b620e4ea0509f59a,cias_no_persistent_self,371_drone_matched_adversarial_identity,371,drone,matched_adversarial_identity,0.0,0.6666666666666666,,4,0
b620e4ea0509f59a,cias_no_persistent_self,371_ground_creature_matched_adversarial_identity,371,ground_creature,matched_adversarial_identity,1.0,0.0,0.0,3,1
b620e4ea0509f59a,cias_no_persistent_self,371_virtual_avatar_matched_adversarial_identity,371,virtual_avatar,matched_adversarial_identity,1.0,0.0,0.0,3,1
b620e4ea0509f59a,cias_no_persistent_self,371_wheeled_robot_matched_adversarial_identity,371,wheeled_robot,matched_adversarial_identity,1.0,0.0,0.0,3,1
b620e4ea0509f59a,cias_no_persistent_self,372_drone_matched_adversarial_identity,372,drone,matched_adversarial_identity,0.0,0.6666666666666666,,4,0
b620e4ea0509f59a,cias_no_persistent_self,372_ground_creature_matched_adversarial_identity,372,ground_creature,matched_adversarial_identity,0.0,0.6666666666666666,,4,0
b620e4ea0509f59a,cias_no_persistent_self,372_virtual_avatar_matched_adversarial_identity,372,virtual_avatar,matched_adversarial_identity,1.0,0.0,0.0,3,1
b620e4ea0509f59a,cias_no_persistent_self,372_wheeled_robot_matched_adversarial_identity,372,wheeled_robot,matched_adversarial_identity,0.0,0.6666666666666666,,4,0
b620e4ea0509f59a,cias_no_persistent_self,373_drone_matched_adversarial_identity,373,drone,matched_adversarial_identity,0.0,0.6666666666666666,,4,0
b620e4ea0509f59a,cias_no_persistent_self,373_ground_creature_matched_adversarial_identity,373,ground_creature,matched_adversarial_identity,1.0,0.0,0.0,3,1
b620e4ea0509f59a,cias_no_persistent_self,373_virtual_avatar_matched_adversarial_identity,373,virtual_avatar,matched_adversarial_identity,1.0,0.0,0.0,3,1
b620e4ea0509f59a,cias_no_persistent_self,373_wheeled_robot_matched_adversarial_identity,373,wheeled_robot,matched_adversarial_identity,0.0,0.6666666666666666,,4,0
b620e4ea0509f59a,cias_no_persistent_self,374_drone_matched_adversarial_identity,374,drone,matched_adversarial_identity,0.0,0.6666666666666666,,4,0
b620e4ea0509f59a,cias_no_persistent_self,374_ground_creature_matched_adversarial_identity,374,ground_creature,matched_adversarial_identity,0.0,0.6666666666666666,,4,0
b620e4ea0509f59a,cias_no_persistent_self,374_virtual_avatar_matched_adversarial_identity,374,virtual_avatar,matched_adversarial_identity,1.0,0.0,0.0,3,1
b620e4ea0509f59a,cias_no_persistent_self,374_wheeled_robot_matched_adversarial_identity,374,wheeled_robot,matched_adversarial_identity,0.0,0.6666666666666666,,4,0
b620e4ea0509f59a,cias_no_persistent_self,375_drone_matched_adversarial_identity,375,drone,matched_adversarial_identity,0.0,0.6666666666666666,,4,0
b620e4ea0509f59a,cias_no_persistent_self,375_ground_creature_matched_adversarial_identity,375,ground_creature,matched_adversarial_identity,0.0,0.6666666666666666,,4,0
b620e4ea0509f59a,cias_no_persistent_self,375_virtual_avatar_matched_adversarial_identity,375,virtual_avatar,matched_adversarial_identity,0.0,0.6666666666666666,,4,0
b620e4ea0509f59a,cias_no_persistent_self,375_wheeled_robot_matched_adversarial_identity,375,wheeled_robot,matched_adversarial_identity,0.0,0.6666666666666666,,4,0
b620e4ea0509f59a,cias_no_persistent_self,376_drone_matched_adversarial_identity,376,drone,matched_adversarial_identity,0.0,0.6666666666666666,,4,0
b620e4ea0509f59a,cias_no_persistent_self,376_ground_creature_matched_adversarial_identity,376,ground_creature,matched_adversarial_identity,0.0,0.6666666666666666,,4,0
b620e4ea0509f59a,cias_no_persistent_self,376_virtual_avatar_matched_adversarial_identity,376,virtual_avatar,matched_adversarial_identity,0.0,0.6666666666666666,,4,0
b620e4ea0509f59a,cias_no_persistent_self,376_wheeled_robot_matched_adversarial_identity,376,wheeled_robot,matched_adversarial_identity,0.0,0.6666666666666666,,4,0
b620e4ea0509f59a,cias_no_persistent_self,377_drone_matched_adversarial_identity,377,drone,matched_adversarial_identity,0.0,0.6666666666666666,,4,0
b620e4ea0509f59a,cias_no_persistent_self,377_ground_creature_matched_adversarial_identity,377,ground_creature,matched_adversarial_identity,0.0,0.6666666666666666,,4,0
b620e4ea0509f59a,cias_no_persistent_self,377_virtual_avatar_matched_adversarial_identity,377,virtual_avatar,matched_adversarial_identity,0.0,0.6666666666666666,,4,0
b620e4ea0509f59a,cias_no_persistent_self,377_wheeled_robot_matched_adversarial_identity,377,wheeled_robot,matched_adversarial_identity,0.0,0.6666666666666666,,4,0
b620e4ea0509f59a,cias_no_persistent_self,378_drone_matched_adversarial_identity,378,drone,matched_adversarial_identity,0.0,0.6666666666666666,,4,0
b620e4ea0509f59a,cias_no_persistent_self,378_ground_creature_matched_adversarial_identity,378,ground_creature,matched_adversarial_identity,0.0,0.6666666666666666,,4,0
b620e4ea0509f59a,cias_no_persistent_self,378_virtual_avatar_matched_adversarial_identity,378,virtual_avatar,matched_adversarial_identity,0.0,0.6666666666666666,,4,0
b620e4ea0509f59a,cias_no_persistent_self,378_wheeled_robot_matched_adversarial_identity,378,wheeled_robot,matched_adversarial_identity,0.0,0.6666666666666666,,4,0
b620e4ea0509f59a,cias_no_persistent_self,379_drone_matched_adversarial_identity,379,drone,matched_adversarial_identity,0.0,0.6666666666666666,,4,0
b620e4ea0509f59a,cias_no_persistent_self,379_ground_creature_matched_adversarial_identity,379,ground_creature,matched_adversarial_identity,0.0,0.6666666666666666,,4,0
b620e4ea0509f59a,cias_no_persistent_self,379_virtual_avatar_matched_adversarial_identity,379,virtual_avatar,matched_adversarial_identity,0.0,0.6666666666666666,,4,0
b620e4ea0509f59a,cias_no_persistent_self,379_wheeled_robot_matched_adversarial_identity,379,wheeled_robot,matched_adversarial_identity,0.0,0.6666666666666666,,4,0
b620e4ea0509f59a,cias_no_persistent_self,380_drone_matched_adversarial_identity,380,drone,matched_adversarial_identity,0.0,0.6666666666666666,,4,0
b620e4ea0509f59a,cias_no_persistent_self,380_ground_creature_matched_adversarial_identity,380,ground_creature,matched_adversarial_identity,0.0,0.6666666666666666,,4,0
b620e4ea0509f59a,cias_no_persistent_self,380_virtual_avatar_matched_adversarial_identity,380,virtual_avatar,matched_adversarial_identity,0.0,0.6666666666666666,,4,0
b620e4ea0509f59a,cias_no_persistent_self,380_wheeled_robot_matched_adversarial_identity,380,wheeled_robot,matched_adversarial_identity,0.0,0.6666666666666666,,4,0
b620e4ea0509f59a,cias_no_persistent_self,381_drone_matched_adversarial_identity,381,drone,matched_adversarial_identity,0.0,0.6666666666666666,,4,0
b620e4ea0509f59a,cias_no_persistent_self,381_ground_creature_matched_adversarial_identity,381,ground_creature,matched_adversarial_identity,0.0,0.6666666666666666,,4,0
b620e4ea0509f59a,cias_no_persistent_self,381_virtual_avatar_matched_adversarial_identity,381,virtual_avatar,matched_adversarial_identity,0.0,0.6666666666666666,,4,0
b620e4ea0509f59a,cias_no_persistent_self,381_wheeled_robot_matched_adversarial_identity,381,wheeled_robot,matched_adversarial_identity,0.0,0.6666666666666666,,4,0
b620e4ea0509f59a,cias_no_persistent_self,382_drone_matched_adversarial_identity,382,drone,matched_adversarial_identity,0.0,0.6666666666666666,,4,0
b620e4ea0509f59a,cias_no_persistent_self,382_ground_creature_matched_adversarial_identity,382,ground_creature,matched_adversarial_identity,0.0,0.6666666666666666,,4,0
b620e4ea0509f59a,cias_no_persistent_self,382_virtual_avatar_matched_adversarial_identity,382,virtual_avatar,matched_adversarial_identity,0.0,0.6666666666666666,,4,0
b620e4ea0509f59a,cias_no_persistent_self,382_wheeled_robot_matched_adversarial_identity,382,wheeled_robot,matched_adversarial_identity,0.0,0.6666666666666666,,4,0
b620e4ea0509f59a,cias_no_persistent_self,383_drone_matched_adversarial_identity,383,drone,matched_adversarial_identity,0.0,0.6666666666666666,,4,0
b620e4ea0509f59a,cias_no_persistent_self,383_ground_creature_matched_adversarial_identity,383,ground_creature,matched_adversarial_identity,0.0,0.6666666666666666,,4,0
b620e4ea0509f59a,cias_no_persistent_self,383_virtual_avatar_matched_adversarial_identity,383,virtual_avatar,matched_adversarial_identity,0.0,0.6666666666666666,,4,0
b620e4ea0509f59a,cias_no_persistent_self,383_wheeled_robot_matched_adversarial_identity,383,wheeled_robot,matched_adversarial_identity,0.0,0.6666666666666666,,4,0
b620e4ea0509f59a,cias_no_persistent_self,384_drone_matched_adversarial_identity,384,drone,matched_adversarial_identity,0.0,0.6666666666666666,,4,0
b620e4ea0509f59a,cias_no_persistent_self,384_ground_creature_matched_adversarial_identity,384,ground_creature,matched_adversarial_identity,0.0,0.6666666666666666,,4,0
b620e4ea0509f59a,cias_no_persistent_self,384_virtual_avatar_matched_adversarial_identity,384,virtual_avatar,matched_adversarial_identity,1.0,0.0,0.0,3,1
b620e4ea0509f59a,cias_no_persistent_self,384_wheeled_robot_matched_adversarial_identity,384,wheeled_robot,matched_adversarial_identity,0.0,0.6666666666666666,,4,0
b620e4ea0509f59a,cias_no_persistent_self,385_drone_matched_adversarial_identity,385,drone,matched_adversarial_identity,0.0,0.6666666666666666,,4,0
b620e4ea0509f59a,cias_no_persistent_self,385_ground_creature_matched_adversarial_identity,385,ground_creature,matched_adversarial_identity,0.0,0.6666666666666666,,4,0
b620e4ea0509f59a,cias_no_persistent_self,385_virtual_avatar_matched_adversarial_identity,385,virtual_avatar,matched_adversarial_identity,1.0,0.0,0.0,3,1
b620e4ea0509f59a,cias_no_persistent_self,385_wheeled_robot_matched_adversarial_identity,385,wheeled_robot,matched_adversarial_identity,0.0,0.6666666666666666,,4,0
b620e4ea0509f59a,cias_no_persistent_self,386_drone_matched_adversarial_identity,386,drone,matched_adversarial_identity,0.0,0.6666666666666666,,4,0
b620e4ea0509f59a,cias_no_persistent_self,386_ground_creature_matched_adversarial_identity,386,ground_creature,matched_adversarial_identity,0.0,0.6666666666666666,,4,0
b620e4ea0509f59a,cias_no_persistent_self,386_virtual_avatar_matched_adversarial_identity,386,virtual_avatar,matched_adversarial_identity,1.0,0.0,0.0,3,1
b620e4ea0509f59a,cias_no_persistent_self,386_wheeled_robot_matched_adversarial_identity,386,wheeled_robot,matched_adversarial_identity,0.0,0.6666666666666666,,4,0
b620e4ea0509f59a,cias_no_persistent_self,387_drone_matched_adversarial_identity,387,drone,matched_adversarial_identity,0.0,0.6666666666666666,,4,0
b620e4ea0509f59a,cias_no_persistent_self,387_ground_creature_matched_adversarial_identity,387,ground_creature,matched_adversarial_identity,0.0,0.6666666666666666,,4,0
b620e4ea0509f59a,cias_no_persistent_self,387_virtual_avatar_matched_adversarial_identity,387,virtual_avatar,matched_adversarial_identity,1.0,0.0,0.0,3,1
b620e4ea0509f59a,cias_no_persistent_self,387_wheeled_robot_matched_adversarial_identity,387,wheeled_robot,matched_adversarial_identity,0.0,0.6666666666666666,,4,0
b620e4ea0509f59a,cias_no_persistent_self,388_drone_matched_adversarial_identity,388,drone,matched_adversarial_identity,0.0,0.6666666666666666,,4,0
b620e4ea0509f59a,cias_no_persistent_self,388_ground_creature_matched_adversarial_identity,388,ground_creature,matched_adversarial_identity,0.0,0.6666666666666666,,4,0
b620e4ea0509f59a,cias_no_persistent_self,388_virtual_avatar_matched_adversarial_identity,388,virtual_avatar,matched_adversarial_identity,1.0,0.0,0.0,3,1
b620e4ea0509f59a,cias_no_persistent_self,388_wheeled_robot_matched_adversarial_identity,388,wheeled_robot,matched_adversarial_identity,0.0,0.6666666666666666,,4,0
b620e4ea0509f59a,cias_no_persistent_self,389_drone_matched_adversarial_identity,389,drone,matched_adversarial_identity,0.0,0.6666666666666666,,4,0
b620e4ea0509f59a,cias_no_persistent_self,389_ground_creature_matched_adversarial_identity,389,ground_creature,matched_adversarial_identity,1.0,0.0,0.0,3,1
b620e4ea0509f59a,cias_no_persistent_self,389_virtual_avatar_matched_adversarial_identity,389,virtual_avatar,matched_adversarial_identity,1.0,0.0,0.0,3,1
b620e4ea0509f59a,cias_no_persistent_self,389_wheeled_robot_matched_adversarial_identity,389,wheeled_robot,matched_adversarial_identity,0.0,0.6666666666666666,,4,0
b620e4ea0509f59a,cias_no_persistent_self,390_drone_matched_adversarial_identity,390,drone,matched_adversarial_identity,0.0,0.6666666666666666,,4,0
b620e4ea0509f59a,cias_no_persistent_self,390_ground_creature_matched_adversarial_identity,390,ground_creature,matched_adversarial_identity,0.0,0.6666666666666666,,4,0
b620e4ea0509f59a,cias_no_persistent_self,390_virtual_avatar_matched_adversarial_identity,390,virtual_avatar,matched_adversarial_identity,1.0,0.0,0.0,3,1
b620e4ea0509f59a,cias_no_persistent_self,390_wheeled_robot_matched_adversarial_identity,390,wheeled_robot,matched_adversarial_identity,0.0,0.6666666666666666,,4,0
c53a10ada1c2be83,cias_full,361_drone_matched_adversarial_identity,361,drone,matched_adversarial_identity,0.9305555555555556,0.06944444444444445,0.5,14,1
c53a10ada1c2be83,cias_full,361_ground_creature_matched_adversarial_identity,361,ground_creature,matched_adversarial_identity,1.0,0.0,0.0,4,1
c53a10ada1c2be83,cias_full,361_virtual_avatar_matched_adversarial_identity,361,virtual_avatar,matched_adversarial_identity,1.0,0.0,0.0,2,1
c53a10ada1c2be83,cias_full,361_wheeled_robot_matched_adversarial_identity,361,wheeled_robot,matched_adversarial_identity,1.0,0.0,0.0,4,1
c53a10ada1c2be83,cias_full,362_drone_matched_adversarial_identity,362,drone,matched_adversarial_identity,1.0,0.0,0.0,12,1
c53a10ada1c2be83,cias_full,362_ground_creature_matched_adversarial_identity,362,ground_creature,matched_adversarial_identity,0.9861111111111112,0.013888888888888888,0.1,6,1
c53a10ada1c2be83,cias_full,362_virtual_avatar_matched_adversarial_identity,362,virtual_avatar,matched_adversarial_identity,1.0,0.0,0.0,2,1
c53a10ada1c2be83,cias_full,362_wheeled_robot_matched_adversarial_identity,362,wheeled_robot,matched_adversarial_identity,1.0,0.0,0.0,4,1
c53a10ada1c2be83,cias_full,363_drone_matched_adversarial_identity,363,drone,matched_adversarial_identity,1.0,0.0,0.0,14,1
c53a10ada1c2be83,cias_full,363_ground_creature_matched_adversarial_identity,363,ground_creature,matched_adversarial_identity,1.0,0.0,0.0,4,1
c53a10ada1c2be83,cias_full,363_virtual_avatar_matched_adversarial_identity,363,virtual_avatar,matched_adversarial_identity,1.0,0.0,0.0,2,1
c53a10ada1c2be83,cias_full,363_wheeled_robot_matched_adversarial_identity,363,wheeled_robot,matched_adversarial_identity,0.9305555555555556,0.06944444444444445,0.5,6,1
c53a10ada1c2be83,cias_full,364_drone_matched_adversarial_identity,364,drone,matched_adversarial_identity,0.9027777777777778,0.09722222222222222,0.7000000000000001,12,1
c53a10ada1c2be83,cias_full,364_ground_creature_matched_adversarial_identity,364,ground_creature,matched_adversarial_identity,1.0,0.0,0.0,4,1
c53a10ada1c2be83,cias_full,364_virtual_avatar_matched_adversarial_identity,364,virtual_avatar,matched_adversarial_identity,1.0,0.0,0.0,2,1
c53a10ada1c2be83,cias_full,364_wheeled_robot_matched_adversarial_identity,364,wheeled_robot,matched_adversarial_identity,1.0,0.0,0.0,4,1
c53a10ada1c2be83,cias_full,365_drone_matched_adversarial_identity,365,drone,matched_adversarial_identity,0.6805555555555556,0.09722222222222222,0.7000000000000001,24,1
c53a10ada1c2be83,cias_full,365_ground_creature_matched_adversarial_identity,365,ground_creature,matched_adversarial_identity,1.0,0.0,0.0,2,1
c53a10ada1c2be83,cias_full,365_virtual_avatar_matched_adversarial_identity,365,virtual_avatar,matched_adversarial_identity,1.0,0.0,0.0,4,1
c53a10ada1c2be83,cias_full,365_wheeled_robot_matched_adversarial_identity,365,wheeled_robot,matched_adversarial_identity,1.0,0.0,0.0,4,1
c53a10ada1c2be83,cias_full,366_drone_matched_adversarial_identity,366,drone,matched_adversarial_identity,1.0,0.0,0.0,10,1
c53a10ada1c2be83,cias_full,366_ground_creature_matched_adversarial_identity,366,ground_creature,matched_adversarial_identity,1.0,0.0,0.0,4,1
c53a10ada1c2be83,cias_full,366_virtual_avatar_matched_adversarial_identity,366,virtual_avatar,matched_adversarial_identity,1.0,0.0,0.0,0,1
c53a10ada1c2be83,cias_full,366_wheeled_robot_matched_adversarial_identity,366,wheeled_robot,matched_adversarial_identity,0.9861111111111112,0.013888888888888888,0.1,8,1
c53a10ada1c2be83,cias_full,367_drone_matched_adversarial_identity,367,drone,matched_adversarial_identity,0.625,0.09722222222222222,0.7000000000000001,18,1
c53a10ada1c2be83,cias_full,367_ground_creature_matched_adversarial_identity,367,ground_creature,matched_adversarial_identity,1.0,0.0,0.0,4,1
c53a10ada1c2be83,cias_full,367_virtual_avatar_matched_adversarial_identity,367,virtual_avatar,matched_adversarial_identity,1.0,0.0,0.0,4,1
c53a10ada1c2be83,cias_full,367_wheeled_robot_matched_adversarial_identity,367,wheeled_robot,matched_adversarial_identity,1.0,0.0,0.0,4,1
c53a10ada1c2be83,cias_full,368_drone_matched_adversarial_identity,368,drone,matched_adversarial_identity,0.9305555555555556,0.06944444444444445,0.5,14,1
c53a10ada1c2be83,cias_full,368_ground_creature_matched_adversarial_identity,368,ground_creature,matched_adversarial_identity,1.0,0.0,0.0,4,1
c53a10ada1c2be83,cias_full,368_virtual_avatar_matched_adversarial_identity,368,virtual_avatar,matched_adversarial_identity,1.0,0.0,0.0,4,1
c53a10ada1c2be83,cias_full,368_wheeled_robot_matched_adversarial_identity,368,wheeled_robot,matched_adversarial_identity,1.0,0.0,0.0,4,1
c53a10ada1c2be83,cias_full,369_drone_matched_adversarial_identity,369,drone,matched_adversarial_identity,0.9027777777777778,0.09722222222222222,0.7000000000000001,14,1
c53a10ada1c2be83,cias_full,369_ground_creature_matched_adversarial_identity,369,ground_creature,matched_adversarial_identity,1.0,0.0,0.0,4,1
c53a10ada1c2be83,cias_full,369_virtual_avatar_matched_adversarial_identity,369,virtual_avatar,matched_adversarial_identity,1.0,0.0,0.0,4,1
c53a10ada1c2be83,cias_full,369_wheeled_robot_matched_adversarial_identity,369,wheeled_robot,matched_adversarial_identity,0.9305555555555556,0.06944444444444445,0.5,10,1
c53a10ada1c2be83,cias_full,370_drone_matched_adversarial_identity,370,drone,matched_adversarial_identity,0.3472222222222222,0.3888888888888889,3.1,26,1
c53a10ada1c2be83,cias_full,370_ground_creature_matched_adversarial_identity,370,ground_creature,matched_adversarial_identity,1.0,0.0,0.0,4,1
c53a10ada1c2be83,cias_full,370_virtual_avatar_matched_adversarial_identity,370,virtual_avatar,matched_adversarial_identity,1.0,0.0,0.0,4,1
c53a10ada1c2be83,cias_full,370_wheeled_robot_matched_adversarial_identity,370,wheeled_robot,matched_adversarial_identity,0.9583333333333334,0.041666666666666664,0.30000000000000004,10,1
c53a10ada1c2be83,cias_full,371_drone_matched_adversarial_identity,371,drone,matched_adversarial_identity,0.8888888888888888,0.1111111111111111,0.9,16,1
c53a10ada1c2be83,cias_full,371_ground_creature_matched_adversarial_identity,371,ground_creature,matched_adversarial_identity,1.0,0.0,0.0,4,1
c53a10ada1c2be83,cias_full,371_virtual_avatar_matched_adversarial_identity,371,virtual_avatar,matched_adversarial_identity,1.0,0.0,0.0,2,1
c53a10ada1c2be83,cias_full,371_wheeled_robot_matched_adversarial_identity,371,wheeled_robot,matched_adversarial_identity,1.0,0.0,0.0,4,1
c53a10ada1c2be83,cias_full,372_drone_matched_adversarial_identity,372,drone,matched_adversarial_identity,1.0,0.0,0.0,10,1
c53a10ada1c2be83,cias_full,372_ground_creature_matched_adversarial_identity,372,ground_creature,matched_adversarial_identity,1.0,0.0,0.0,4,1
c53a10ada1c2be83,cias_full,372_virtual_avatar_matched_adversarial_identity,372,virtual_avatar,matched_adversarial_identity,1.0,0.0,0.0,4,1
c53a10ada1c2be83,cias_full,372_wheeled_robot_matched_adversarial_identity,372,wheeled_robot,matched_adversarial_identity,1.0,0.0,0.0,6,1
c53a10ada1c2be83,cias_full,373_drone_matched_adversarial_identity,373,drone,matched_adversarial_identity,0.6805555555555556,0.06944444444444445,0.5,18,1
c53a10ada1c2be83,cias_full,373_ground_creature_matched_adversarial_identity,373,ground_creature,matched_adversarial_identity,1.0,0.0,0.0,4,1
c53a10ada1c2be83,cias_full,373_virtual_avatar_matched_adversarial_identity,373,virtual_avatar,matched_adversarial_identity,1.0,0.0,0.0,0,1
c53a10ada1c2be83,cias_full,373_wheeled_robot_matched_adversarial_identity,373,wheeled_robot,matched_adversarial_identity,1.0,0.0,0.0,4,1
c53a10ada1c2be83,cias_full,374_drone_matched_adversarial_identity,374,drone,matched_adversarial_identity,0.9305555555555556,0.06944444444444445,0.5,16,1
c53a10ada1c2be83,cias_full,374_ground_creature_matched_adversarial_identity,374,ground_creature,matched_adversarial_identity,1.0,0.0,0.0,4,1
c53a10ada1c2be83,cias_full,374_virtual_avatar_matched_adversarial_identity,374,virtual_avatar,matched_adversarial_identity,1.0,0.0,0.0,2,1
c53a10ada1c2be83,cias_full,374_wheeled_robot_matched_adversarial_identity,374,wheeled_robot,matched_adversarial_identity,0.9166666666666666,0.08333333333333333,0.6000000000000001,10,1
c53a10ada1c2be83,cias_full,375_drone_matched_adversarial_identity,375,drone,matched_adversarial_identity,0.9027777777777778,0.09722222222222222,0.7000000000000001,14,1
c53a10ada1c2be83,cias_full,375_ground_creature_matched_adversarial_identity,375,ground_creature,matched_adversarial_identity,1.0,0.0,0.0,4,1
c53a10ada1c2be83,cias_full,375_virtual_avatar_matched_adversarial_identity,375,virtual_avatar,matched_adversarial_identity,1.0,0.0,0.0,4,1
c53a10ada1c2be83,cias_full,375_wheeled_robot_matched_adversarial_identity,375,wheeled_robot,matched_adversarial_identity,1.0,0.0,0.0,4,1
c53a10ada1c2be83,cias_full,376_drone_matched_adversarial_identity,376,drone,matched_adversarial_identity,1.0,0.0,0.0,12,1
c53a10ada1c2be83,cias_full,376_ground_creature_matched_adversarial_identity,376,ground_creature,matched_adversarial_identity,1.0,0.0,0.0,4,1
c53a10ada1c2be83,cias_full,376_virtual_avatar_matched_adversarial_identity,376,virtual_avatar,matched_adversarial_identity,1.0,0.0,0.0,2,1
c53a10ada1c2be83,cias_full,376_wheeled_robot_matched_adversarial_identity,376,wheeled_robot,matched_adversarial_identity,0.9305555555555556,0.06944444444444445,0.5,12,1
c53a10ada1c2be83,cias_full,377_drone_matched_adversarial_identity,377,drone,matched_adversarial_identity,0.5694444444444444,0.18055555555555555,1.4000000000000001,18,1
c53a10ada1c2be83,cias_full,377_ground_creature_matched_adversarial_identity,377,ground_creature,matched_adversarial_identity,1.0,0.0,0.0,4,1
c53a10ada1c2be83,cias_full,377_virtual_avatar_matched_adversarial_identity,377,virtual_avatar,matched_adversarial_identity,1.0,0.0,0.0,2,1
c53a10ada1c2be83,cias_full,377_wheeled_robot_matched_adversarial_identity,377,wheeled_robot,matched_adversarial_identity,1.0,0.0,0.0,4,1
c53a10ada1c2be83,cias_full,378_drone_matched_adversarial_identity,378,drone,matched_adversarial_identity,0.9027777777777778,0.09722222222222222,0.7000000000000001,16,1
c53a10ada1c2be83,cias_full,378_ground_creature_matched_adversarial_identity,378,ground_creature,matched_adversarial_identity,1.0,0.0,0.0,2,1
c53a10ada1c2be83,cias_full,378_virtual_avatar_matched_adversarial_identity,378,virtual_avatar,matched_adversarial_identity,1.0,0.0,0.0,4,1
c53a10ada1c2be83,cias_full,378_wheeled_robot_matched_adversarial_identity,378,wheeled_robot,matched_adversarial_identity,1.0,0.0,0.0,6,1
c53a10ada1c2be83,cias_full,379_drone_matched_adversarial_identity,379,drone,matched_adversarial_identity,1.0,0.0,0.0,18,1
c53a10ada1c2be83,cias_full,379_ground_creature_matched_adversarial_identity,379,ground_creature,matched_adversarial_identity,1.0,0.0,0.0,4,1
c53a10ada1c2be83,cias_full,379_virtual_avatar_matched_adversarial_identity,379,virtual_avatar,matched_adversarial_identity,1.0,0.0,0.0,2,1
c53a10ada1c2be83,cias_full,379_wheeled_robot_matched_adversarial_identity,379,wheeled_robot,matched_adversarial_identity,1.0,0.0,0.0,6,1
c53a10ada1c2be83,cias_full,380_drone_matched_adversarial_identity,380,drone,matched_adversarial_identity,0.9305555555555556,0.06944444444444445,0.5,12,1
c53a10ada1c2be83,cias_full,380_ground_creature_matched_adversarial_identity,380,ground_creature,matched_adversarial_identity,1.0,0.0,0.0,2,1
c53a10ada1c2be83,cias_full,380_virtual_avatar_matched_adversarial_identity,380,virtual_avatar,matched_adversarial_identity,1.0,0.0,0.0,4,1
c53a10ada1c2be83,cias_full,380_wheeled_robot_matched_adversarial_identity,380,wheeled_robot,matched_adversarial_identity,1.0,0.0,0.0,4,1
c53a10ada1c2be83,cias_full,381_drone_matched_adversarial_identity,381,drone,matched_adversarial_identity,1.0,0.0,0.0,12,1
c53a10ada1c2be83,cias_full,381_ground_creature_matched_adversarial_identity,381,ground_creature,matched_adversarial_identity,1.0,0.0,0.0,4,1
c53a10ada1c2be83,cias_full,381_virtual_avatar_matched_adversarial_identity,381,virtual_avatar,matched_adversarial_identity,1.0,0.0,0.0,4,1
c53a10ada1c2be83,cias_full,381_wheeled_robot_matched_adversarial_identity,381,wheeled_robot,matched_adversarial_identity,1.0,0.0,0.0,4,1
c53a10ada1c2be83,cias_full,382_drone_matched_adversarial_identity,382,drone,matched_adversarial_identity,1.0,0.0,0.0,16,1
c53a10ada1c2be83,cias_full,382_ground_creature_matched_adversarial_identity,382,ground_creature,matched_adversarial_identity,1.0,0.0,0.0,4,1
c53a10ada1c2be83,cias_full,382_virtual_avatar_matched_adversarial_identity,382,virtual_avatar,matched_adversarial_identity,1.0,0.0,0.0,4,1
c53a10ada1c2be83,cias_full,382_wheeled_robot_matched_adversarial_identity,382,wheeled_robot,matched_adversarial_identity,1.0,0.0,0.0,6,1
c53a10ada1c2be83,cias_full,383_drone_matched_adversarial_identity,383,drone,matched_adversarial_identity,0.9305555555555556,0.06944444444444445,0.5,18,1
c53a10ada1c2be83,cias_full,383_ground_creature_matched_adversarial_identity,383,ground_creature,matched_adversarial_identity,1.0,0.0,0.0,4,1
c53a10ada1c2be83,cias_full,383_virtual_avatar_matched_adversarial_identity,383,virtual_avatar,matched_adversarial_identity,1.0,0.0,0.0,0,1
c53a10ada1c2be83,cias_full,383_wheeled_robot_matched_adversarial_identity,383,wheeled_robot,matched_adversarial_identity,1.0,0.0,0.0,4,1
c53a10ada1c2be83,cias_full,384_drone_matched_adversarial_identity,384,drone,matched_adversarial_identity,0.9166666666666666,0.08333333333333333,0.6000000000000001,14,1
c53a10ada1c2be83,cias_full,384_ground_creature_matched_adversarial_identity,384,ground_creature,matched_adversarial_identity,1.0,0.0,0.0,4,1
c53a10ada1c2be83,cias_full,384_virtual_avatar_matched_adversarial_identity,384,virtual_avatar,matched_adversarial_identity,1.0,0.0,0.0,2,1
c53a10ada1c2be83,cias_full,384_wheeled_robot_matched_adversarial_identity,384,wheeled_robot,matched_adversarial_identity,1.0,0.0,0.0,4,1
c53a10ada1c2be83,cias_full,385_drone_matched_adversarial_identity,385,drone,matched_adversarial_identity,1.0,0.0,0.0,4,1
c53a10ada1c2be83,cias_full,385_ground_creature_matched_adversarial_identity,385,ground_creature,matched_adversarial_identity,1.0,0.0,0.0,4,1
c53a10ada1c2be83,cias_full,385_virtual_avatar_matched_adversarial_identity,385,virtual_avatar,matched_adversarial_identity,1.0,0.0,0.0,4,1
c53a10ada1c2be83,cias_full,385_wheeled_robot_matched_adversarial_identity,385,wheeled_robot,matched_adversarial_identity,1.0,0.0,0.0,4,1
c53a10ada1c2be83,cias_full,386_drone_matched_adversarial_identity,386,drone,matched_adversarial_identity,0.9305555555555556,0.06944444444444445,0.5,14,1
c53a10ada1c2be83,cias_full,386_ground_creature_matched_adversarial_identity,386,ground_creature,matched_adversarial_identity,1.0,0.0,0.0,4,1
c53a10ada1c2be83,cias_full,386_virtual_avatar_matched_adversarial_identity,386,virtual_avatar,matched_adversarial_identity,1.0,0.0,0.0,0,1
c53a10ada1c2be83,cias_full,386_wheeled_robot_matched_adversarial_identity,386,wheeled_robot,matched_adversarial_identity,1.0,0.0,0.0,4,1
c53a10ada1c2be83,cias_full,387_drone_matched_adversarial_identity,387,drone,matched_adversarial_identity,1.0,0.0,0.0,16,1
c53a10ada1c2be83,cias_full,387_ground_creature_matched_adversarial_identity,387,ground_creature,matched_adversarial_identity,1.0,0.0,0.0,4,1
c53a10ada1c2be83,cias_full,387_virtual_avatar_matched_adversarial_identity,387,virtual_avatar,matched_adversarial_identity,1.0,0.0,0.0,4,1
c53a10ada1c2be83,cias_full,387_wheeled_robot_matched_adversarial_identity,387,wheeled_robot,matched_adversarial_identity,1.0,0.0,0.0,6,1
c53a10ada1c2be83,cias_full,388_drone_matched_adversarial_identity,388,drone,matched_adversarial_identity,0.2222222222222222,0.5277777777777778,,40,1
c53a10ada1c2be83,cias_full,388_ground_creature_matched_adversarial_identity,388,ground_creature,matched_adversarial_identity,1.0,0.0,0.0,4,1
c53a10ada1c2be83,cias_full,388_virtual_avatar_matched_adversarial_identity,388,virtual_avatar,matched_adversarial_identity,1.0,0.0,0.0,4,1
c53a10ada1c2be83,cias_full,388_wheeled_robot_matched_adversarial_identity,388,wheeled_robot,matched_adversarial_identity,1.0,0.0,0.0,4,1
c53a10ada1c2be83,cias_full,389_drone_matched_adversarial_identity,389,drone,matched_adversarial_identity,1.0,0.0,0.0,14,1
c53a10ada1c2be83,cias_full,389_ground_creature_matched_adversarial_identity,389,ground_creature,matched_adversarial_identity,1.0,0.0,0.0,4,1
c53a10ada1c2be83,cias_full,389_virtual_avatar_matched_adversarial_identity,389,virtual_avatar,matched_adversarial_identity,1.0,0.0,0.0,2,1
c53a10ada1c2be83,cias_full,389_wheeled_robot_matched_adversarial_identity,389,wheeled_robot,matched_adversarial_identity,1.0,0.0,0.0,4,1
c53a10ada1c2be83,cias_full,390_drone_matched_adversarial_identity,390,drone,matched_adversarial_identity,1.0,0.0,0.0,14,1
c53a10ada1c2be83,cias_full,390_ground_creature_matched_adversarial_identity,390,ground_creature,matched_adversarial_identity,1.0,0.0,0.0,4,1
c53a10ada1c2be83,cias_full,390_virtual_avatar_matched_adversarial_identity,390,virtual_avatar,matched_adversarial_identity,1.0,0.0,0.0,2,1
c53a10ada1c2be83,cias_full,390_wheeled_robot_matched_adversarial_identity,390,wheeled_robot,matched_adversarial_identity,1.0,0.0,0.0,6,1
c53a10ada1c2be83,cias_no_persistent_self,361_drone_matched_adversarial_identity,361,drone,matched_adversarial_identity,0.0,0.6666666666666666,,4,0
c53a10ada1c2be83,cias_no_persistent_self,361_ground_creature_matched_adversarial_identity,361,ground_creature,matched_adversarial_identity,0.0,0.6666666666666666,,4,0
c53a10ada1c2be83,cias_no_persistent_self,361_virtual_avatar_matched_adversarial_identity,361,virtual_avatar,matched_adversarial_identity,0.0,0.6666666666666666,,4,0
c53a10ada1c2be83,cias_no_persistent_self,361_wheeled_robot_matched_adversarial_identity,361,wheeled_robot,matched_adversarial_identity,0.0,0.6666666666666666,,4,0
c53a10ada1c2be83,cias_no_persistent_self,362_drone_matched_adversarial_identity,362,drone,matched_adversarial_identity,0.0,0.6666666666666666,,4,0
c53a10ada1c2be83,cias_no_persistent_self,362_ground_creature_matched_adversarial_identity,362,ground_creature,matched_adversarial_identity,0.0,0.6666666666666666,,4,0
c53a10ada1c2be83,cias_no_persistent_self,362_virtual_avatar_matched_adversarial_identity,362,virtual_avatar,matched_adversarial_identity,0.0,0.6666666666666666,,4,0
c53a10ada1c2be83,cias_no_persistent_self,362_wheeled_robot_matched_adversarial_identity,362,wheeled_robot,matched_adversarial_identity,0.0,0.6666666666666666,,4,0
c53a10ada1c2be83,cias_no_persistent_self,363_drone_matched_adversarial_identity,363,drone,matched_adversarial_identity,0.0,0.6666666666666666,,4,0
c53a10ada1c2be83,cias_no_persistent_self,363_ground_creature_matched_adversarial_identity,363,ground_creature,matched_adversarial_identity,0.0,0.6666666666666666,,4,0
c53a10ada1c2be83,cias_no_persistent_self,363_virtual_avatar_matched_adversarial_identity,363,virtual_avatar,matched_adversarial_identity,0.0,0.6666666666666666,,4,0
c53a10ada1c2be83,cias_no_persistent_self,363_wheeled_robot_matched_adversarial_identity,363,wheeled_robot,matched_adversarial_identity,0.0,0.6666666666666666,,4,0
c53a10ada1c2be83,cias_no_persistent_self,364_drone_matched_adversarial_identity,364,drone,matched_adversarial_identity,0.0,0.6666666666666666,,4,0
c53a10ada1c2be83,cias_no_persistent_self,364_ground_creature_matched_adversarial_identity,364,ground_creature,matched_adversarial_identity,0.0,0.6666666666666666,,4,0
c53a10ada1c2be83,cias_no_persistent_self,364_virtual_avatar_matched_adversarial_identity,364,virtual_avatar,matched_adversarial_identity,0.0,0.6666666666666666,,4,0
c53a10ada1c2be83,cias_no_persistent_self,364_wheeled_robot_matched_adversarial_identity,364,wheeled_robot,matched_adversarial_identity,0.0,0.6666666666666666,,4,0
c53a10ada1c2be83,cias_no_persistent_self,365_drone_matched_adversarial_identity,365,drone,matched_adversarial_identity,0.0,0.6666666666666666,,4,0
c53a10ada1c2be83,cias_no_persistent_self,365_ground_creature_matched_adversarial_identity,365,ground_creature,matched_adversarial_identity,0.0,0.6666666666666666,,4,0
c53a10ada1c2be83,cias_no_persistent_self,365_virtual_avatar_matched_adversarial_identity,365,virtual_avatar,matched_adversarial_identity,0.0,0.6666666666666666,,4,0
c53a10ada1c2be83,cias_no_persistent_self,365_wheeled_robot_matched_adversarial_identity,365,wheeled_robot,matched_adversarial_identity,0.0,0.6666666666666666,,4,0
c53a10ada1c2be83,cias_no_persistent_self,366_drone_matched_adversarial_identity,366,drone,matched_adversarial_identity,0.0,0.6666666666666666,,4,0
c53a10ada1c2be83,cias_no_persistent_self,366_ground_creature_matched_adversarial_identity,366,ground_creature,matched_adversarial_identity,0.0,0.6666666666666666,,4,0
c53a10ada1c2be83,cias_no_persistent_self,366_virtual_avatar_matched_adversarial_identity,366,virtual_avatar,matched_adversarial_identity,0.0,0.6666666666666666,,4,0
c53a10ada1c2be83,cias_no_persistent_self,366_wheeled_robot_matched_adversarial_identity,366,wheeled_robot,matched_adversarial_identity,0.0,0.6666666666666666,,4,0
c53a10ada1c2be83,cias_no_persistent_self,367_drone_matched_adversarial_identity,367,drone,matched_adversarial_identity,0.0,0.6666666666666666,,4,0
c53a10ada1c2be83,cias_no_persistent_self,367_ground_creature_matched_adversarial_identity,367,ground_creature,matched_adversarial_identity,0.0,0.6666666666666666,,4,0
c53a10ada1c2be83,cias_no_persistent_self,367_virtual_avatar_matched_adversarial_identity,367,virtual_avatar,matched_adversarial_identity,1.0,0.0,0.0,3,1
c53a10ada1c2be83,cias_no_persistent_self,367_wheeled_robot_matched_adversarial_identity,367,wheeled_robot,matched_adversarial_identity,0.0,0.6666666666666666,,4,0
c53a10ada1c2be83,cias_no_persistent_self,368_drone_matched_adversarial_identity,368,drone,matched_adversarial_identity,0.0,0.6666666666666666,,4,0
c53a10ada1c2be83,cias_no_persistent_self,368_ground_creature_matched_adversarial_identity,368,ground_creature,matched_adversarial_identity,1.0,0.0,0.0,3,1
c53a10ada1c2be83,cias_no_persistent_self,368_virtual_avatar_matched_adversarial_identity,368,virtual_avatar,matched_adversarial_identity,1.0,0.0,0.0,3,1
c53a10ada1c2be83,cias_no_persistent_self,368_wheeled_robot_matched_adversarial_identity,368,wheeled_robot,matched_adversarial_identity,0.0,0.6666666666666666,,4,0
c53a10ada1c2be83,cias_no_persistent_self,369_drone_matched_adversarial_identity,369,drone,matched_adversarial_identity,0.0,0.6666666666666666,,4,0
c53a10ada1c2be83,cias_no_persistent_self,369_ground_creature_matched_adversarial_identity,369,ground_creature,matched_adversarial_identity,0.0,0.6666666666666666,,4,0
c53a10ada1c2be83,cias_no_persistent_self,369_virtual_avatar_matched_adversarial_identity,369,virtual_avatar,matched_adversarial_identity,1.0,0.0,0.0,3,1
c53a10ada1c2be83,cias_no_persistent_self,369_wheeled_robot_matched_adversarial_identity,369,wheeled_robot,matched_adversarial_identity,0.0,0.6666666666666666,,4,0
c53a10ada1c2be83,cias_no_persistent_self,370_drone_matched_adversarial_identity,370,drone,matched_adversarial_identity,0.0,0.6666666666666666,,4,0
c53a10ada1c2be83,cias_no_persistent_self,370_ground_creature_matched_adversarial_identity,370,ground_creature,matched_adversarial_identity,0.0,0.6666666666666666,,4,0
c53a10ada1c2be83,cias_no_persistent_self,370_virtual_avatar_matched_adversarial_identity,370,virtual_avatar,matched_adversarial_identity,1.0,0.0,0.0,3,1
c53a10ada1c2be83,cias_no_persistent_self,370_wheeled_robot_matched_adversarial_identity,370,wheeled_robot,matched_adversarial_identity,0.0,0.6666666666666666,,4,0
c53a10ada1c2be83,cias_no_persistent_self,371_drone_matched_adversarial_identity,371,drone,matched_adversarial_identity,0.0,0.6666666666666666,,4,0
c53a10ada1c2be83,cias_no_persistent_self,371_ground_creature_matched_adversarial_identity,371,ground_creature,matched_adversarial_identity,0.0,0.6666666666666666,,4,0
c53a10ada1c2be83,cias_no_persistent_self,371_virtual_avatar_matched_adversarial_identity,371,virtual_avatar,matched_adversarial_identity,1.0,0.0,0.0,3,1
c53a10ada1c2be83,cias_no_persistent_self,371_wheeled_robot_matched_adversarial_identity,371,wheeled_robot,matched_adversarial_identity,1.0,0.0,0.0,3,1
c53a10ada1c2be83,cias_no_persistent_self,372_drone_matched_adversarial_identity,372,drone,matched_adversarial_identity,0.0,0.6666666666666666,,4,0
c53a10ada1c2be83,cias_no_persistent_self,372_ground_creature_matched_adversarial_identity,372,ground_creature,matched_adversarial_identity,0.0,0.6666666666666666,,4,0
c53a10ada1c2be83,cias_no_persistent_self,372_virtual_avatar_matched_adversarial_identity,372,virtual_avatar,matched_adversarial_identity,0.0,0.6666666666666666,,4,0
c53a10ada1c2be83,cias_no_persistent_self,372_wheeled_robot_matched_adversarial_identity,372,wheeled_robot,matched_adversarial_identity,0.0,0.6666666666666666,,4,0
c53a10ada1c2be83,cias_no_persistent_self,373_drone_matched_adversarial_identity,373,drone,matched_adversarial_identity,0.0,0.6666666666666666,,4,0
c53a10ada1c2be83,cias_no_persistent_self,373_ground_creature_matched_adversarial_identity,373,ground_creature,matched_adversarial_identity,0.0,0.6666666666666666,,4,0
c53a10ada1c2be83,cias_no_persistent_self,373_virtual_avatar_matched_adversarial_identity,373,virtual_avatar,matched_adversarial_identity,0.0,0.6666666666666666,,4,0
c53a10ada1c2be83,cias_no_persistent_self,373_wheeled_robot_matched_adversarial_identity,373,wheeled_robot,matched_adversarial_identity,0.0,0.6666666666666666,,4,0
c53a10ada1c2be83,cias_no_persistent_self,374_drone_matched_adversarial_identity,374,drone,matched_adversarial_identity,0.0,0.6666666666666666,,4,0
c53a10ada1c2be83,cias_no_persistent_self,374_ground_creature_matched_adversarial_identity,374,ground_creature,matched_adversarial_identity,0.0,0.6666666666666666,,4,0
c53a10ada1c2be83,cias_no_persistent_self,374_virtual_avatar_matched_adversarial_identity,374,virtual_avatar,matched_adversarial_identity,0.0,0.6666666666666666,,4,0
c53a10ada1c2be83,cias_no_persistent_self,374_wheeled_robot_matched_adversarial_identity,374,wheeled_robot,matched_adversarial_identity,0.0,0.6666666666666666,,4,0
c53a10ada1c2be83,cias_no_persistent_self,375_drone_matched_adversarial_identity,375,drone,matched_adversarial_identity,0.0,0.6666666666666666,,4,0
c53a10ada1c2be83,cias_no_persistent_self,375_ground_creature_matched_adversarial_identity,375,ground_creature,matched_adversarial_identity,0.0,0.6666666666666666,,4,0
c53a10ada1c2be83,cias_no_persistent_self,375_virtual_avatar_matched_adversarial_identity,375,virtual_avatar,matched_adversarial_identity,0.0,0.6666666666666666,,4,0
c53a10ada1c2be83,cias_no_persistent_self,375_wheeled_robot_matched_adversarial_identity,375,wheeled_robot,matched_adversarial_identity,0.0,0.6666666666666666,,4,0
c53a10ada1c2be83,cias_no_persistent_self,376_drone_matched_adversarial_identity,376,drone,matched_adversarial_identity,0.0,0.6666666666666666,,4,0
c53a10ada1c2be83,cias_no_persistent_self,376_ground_creature_matched_adversarial_identity,376,ground_creature,matched_adversarial_identity,0.0,0.6666666666666666,,4,0
c53a10ada1c2be83,cias_no_persistent_self,376_virtual_avatar_matched_adversarial_identity,376,virtual_avatar,matched_adversarial_identity,0.0,0.6666666666666666,,4,0
c53a10ada1c2be83,cias_no_persistent_self,376_wheeled_robot_matched_adversarial_identity,376,wheeled_robot,matched_adversarial_identity,0.0,0.6666666666666666,,4,0
c53a10ada1c2be83,cias_no_persistent_self,377_drone_matched_adversarial_identity,377,drone,matched_adversarial_identity,0.0,0.6666666666666666,,4,0
c53a10ada1c2be83,cias_no_persistent_self,377_ground_creature_matched_adversarial_identity,377,ground_creature,matched_adversarial_identity,0.0,0.6666666666666666,,4,0
c53a10ada1c2be83,cias_no_persistent_self,377_virtual_avatar_matched_adversarial_identity,377,virtual_avatar,matched_adversarial_identity,0.0,0.6666666666666666,,4,0
c53a10ada1c2be83,cias_no_persistent_self,377_wheeled_robot_matched_adversarial_identity,377,wheeled_robot,matched_adversarial_identity,0.0,0.6666666666666666,,4,0
c53a10ada1c2be83,cias_no_persistent_self,378_drone_matched_adversarial_identity,378,drone,matched_adversarial_identity,0.0,0.6666666666666666,,4,0
c53a10ada1c2be83,cias_no_persistent_self,378_ground_creature_matched_adversarial_identity,378,ground_creature,matched_adversarial_identity,0.0,0.6666666666666666,,4,0
c53a10ada1c2be83,cias_no_persistent_self,378_virtual_avatar_matched_adversarial_identity,378,virtual_avatar,matched_adversarial_identity,0.0,0.6666666666666666,,4,0
c53a10ada1c2be83,cias_no_persistent_self,378_wheeled_robot_matched_adversarial_identity,378,wheeled_robot,matched_adversarial_identity,0.0,0.6666666666666666,,4,0
c53a10ada1c2be83,cias_no_persistent_self,379_drone_matched_adversarial_identity,379,drone,matched_adversarial_identity,0.0,0.6666666666666666,,4,0
c53a10ada1c2be83,cias_no_persistent_self,379_ground_creature_matched_adversarial_identity,379,ground_creature,matched_adversarial_identity,0.0,0.6666666666666666,,4,0
c53a10ada1c2be83,cias_no_persistent_self,379_virtual_avatar_matched_adversarial_identity,379,virtual_avatar,matched_adversarial_identity,0.0,0.6666666666666666,,4,0
c53a10ada1c2be83,cias_no_persistent_self,379_wheeled_robot_matched_adversarial_identity,379,wheeled_robot,matched_adversarial_identity,0.0,0.6666666666666666,,4,0
c53a10ada1c2be83,cias_no_persistent_self,380_drone_matched_adversarial_identity,380,drone,matched_adversarial_identity,0.0,0.6666666666666666,,4,0
c53a10ada1c2be83,cias_no_persistent_self,380_ground_creature_matched_adversarial_identity,380,ground_creature,matched_adversarial_identity,0.0,0.6666666666666666,,4,0
c53a10ada1c2be83,cias_no_persistent_self,380_virtual_avatar_matched_adversarial_identity,380,virtual_avatar,matched_adversarial_identity,0.0,0.6666666666666666,,4,0
c53a10ada1c2be83,cias_no_persistent_self,380_wheeled_robot_matched_adversarial_identity,380,wheeled_robot,matched_adversarial_identity,0.0,0.6666666666666666,,4,0
c53a10ada1c2be83,cias_no_persistent_self,381_drone_matched_adversarial_identity,381,drone,matched_adversarial_identity,0.0,0.6666666666666666,,4,0
c53a10ada1c2be83,cias_no_persistent_self,381_ground_creature_matched_adversarial_identity,381,ground_creature,matched_adversarial_identity,0.0,0.6666666666666666,,4,0
c53a10ada1c2be83,cias_no_persistent_self,381_virtual_avatar_matched_adversarial_identity,381,virtual_avatar,matched_adversarial_identity,0.0,0.6666666666666666,,4,0
c53a10ada1c2be83,cias_no_persistent_self,381_wheeled_robot_matched_adversarial_identity,381,wheeled_robot,matched_adversarial_identity,0.0,0.6666666666666666,,4,0
c53a10ada1c2be83,cias_no_persistent_self,382_drone_matched_adversarial_identity,382,drone,matched_adversarial_identity,0.0,0.6666666666666666,,4,0
c53a10ada1c2be83,cias_no_persistent_self,382_ground_creature_matched_adversarial_identity,382,ground_creature,matched_adversarial_identity,0.0,0.6666666666666666,,4,0
c53a10ada1c2be83,cias_no_persistent_self,382_virtual_avatar_matched_adversarial_identity,382,virtual_avatar,matched_adversarial_identity,0.0,0.6666666666666666,,4,0
c53a10ada1c2be83,cias_no_persistent_self,382_wheeled_robot_matched_adversarial_identity,382,wheeled_robot,matched_adversarial_identity,0.0,0.6666666666666666,,4,0
c53a10ada1c2be83,cias_no_persistent_self,383_drone_matched_adversarial_identity,383,drone,matched_adversarial_identity,0.0,0.6666666666666666,,4,0
c53a10ada1c2be83,cias_no_persistent_self,383_ground_creature_matched_adversarial_identity,383,ground_creature,matched_adversarial_identity,0.0,0.6666666666666666,,4,0
c53a10ada1c2be83,cias_no_persistent_self,383_virtual_avatar_matched_adversarial_identity,383,virtual_avatar,matched_adversarial_identity,0.0,0.6666666666666666,,4,0
c53a10ada1c2be83,cias_no_persistent_self,383_wheeled_robot_matched_adversarial_identity,383,wheeled_robot,matched_adversarial_identity,0.0,0.6666666666666666,,4,0
c53a10ada1c2be83,cias_no_persistent_self,384_drone_matched_adversarial_identity,384,drone,matched_adversarial_identity,0.0,0.6666666666666666,,4,0
c53a10ada1c2be83,cias_no_persistent_self,384_ground_creature_matched_adversarial_identity,384,ground_creature,matched_adversarial_identity,0.0,0.6666666666666666,,4,0
c53a10ada1c2be83,cias_no_persistent_self,384_virtual_avatar_matched_adversarial_identity,384,virtual_avatar,matched_adversarial_identity,0.0,0.6666666666666666,,4,0
c53a10ada1c2be83,cias_no_persistent_self,384_wheeled_robot_matched_adversarial_identity,384,wheeled_robot,matched_adversarial_identity,0.0,0.6666666666666666,,4,0
c53a10ada1c2be83,cias_no_persistent_self,385_drone_matched_adversarial_identity,385,drone,matched_adversarial_identity,0.0,0.6666666666666666,,4,0
c53a10ada1c2be83,cias_no_persistent_self,385_ground_creature_matched_adversarial_identity,385,ground_creature,matched_adversarial_identity,0.0,0.6666666666666666,,4,0
c53a10ada1c2be83,cias_no_persistent_self,385_virtual_avatar_matched_adversarial_identity,385,virtual_avatar,matched_adversarial_identity,0.0,0.6666666666666666,,4,0
c53a10ada1c2be83,cias_no_persistent_self,385_wheeled_robot_matched_adversarial_identity,385,wheeled_robot,matched_adversarial_identity,0.0,0.6666666666666666,,4,0
c53a10ada1c2be83,cias_no_persistent_self,386_drone_matched_adversarial_identity,386,drone,matched_adversarial_identity,0.0,0.6666666666666666,,4,0
c53a10ada1c2be83,cias_no_persistent_self,386_ground_creature_matched_adversarial_identity,386,ground_creature,matched_adversarial_identity,0.0,0.6666666666666666,,4,0
c53a10ada1c2be83,cias_no_persistent_self,386_virtual_avatar_matched_adversarial_identity,386,virtual_avatar,matched_adversarial_identity,0.0,0.6666666666666666,,4,0
c53a10ada1c2be83,cias_no_persistent_self,386_wheeled_robot_matched_adversarial_identity,386,wheeled_robot,matched_adversarial_identity,0.0,0.6666666666666666,,4,0
c53a10ada1c2be83,cias_no_persistent_self,387_drone_matched_adversarial_identity,387,drone,matched_adversarial_identity,0.0,0.6666666666666666,,4,0
c53a10ada1c2be83,cias_no_persistent_self,387_ground_creature_matched_adversarial_identity,387,ground_creature,matched_adversarial_identity,0.0,0.6666666666666666,,4,0
c53a10ada1c2be83,cias_no_persistent_self,387_virtual_avatar_matched_adversarial_identity,387,virtual_avatar,matched_adversarial_identity,0.0,0.6666666666666666,,4,0
c53a10ada1c2be83,cias_no_persistent_self,387_wheeled_robot_matched_adversarial_identity,387,wheeled_robot,matched_adversarial_identity,0.0,0.6666666666666666,,4,0
c53a10ada1c2be83,cias_no_persistent_self,388_drone_matched_adversarial_identity,388,drone,matched_adversarial_identity,0.0,0.6666666666666666,,4,0
c53a10ada1c2be83,cias_no_persistent_self,388_ground_creature_matched_adversarial_identity,388,ground_creature,matched_adversarial_identity,0.0,0.6666666666666666,,4,0
c53a10ada1c2be83,cias_no_persistent_self,388_virtual_avatar_matched_adversarial_identity,388,virtual_avatar,matched_adversarial_identity,0.0,0.6666666666666666,,4,0
c53a10ada1c2be83,cias_no_persistent_self,388_wheeled_robot_matched_adversarial_identity,388,wheeled_robot,matched_adversarial_identity,0.0,0.6666666666666666,,4,0
c53a10ada1c2be83,cias_no_persistent_self,389_drone_matched_adversarial_identity,389,drone,matched_adversarial_identity,0.0,0.6666666666666666,,4,0
c53a10ada1c2be83,cias_no_persistent_self,389_ground_creature_matched_adversarial_identity,389,ground_creature,matched_adversarial_identity,0.0,0.6666666666666666,,4,0
c53a10ada1c2be83,cias_no_persistent_self,389_virtual_avatar_matched_adversarial_identity,389,virtual_avatar,matched_adversarial_identity,1.0,0.0,0.0,3,1
c53a10ada1c2be83,cias_no_persistent_self,389_wheeled_robot_matched_adversarial_identity,389,wheeled_robot,matched_adversarial_identity,0.0,0.6666666666666666,,4,0
c53a10ada1c2be83,cias_no_persistent_self,390_drone_matched_adversarial_identity,390,drone,matched_adversarial_identity,0.0,0.6666666666666666,,4,0
c53a10ada1c2be83,cias_no_persistent_self,390_ground_creature_matched_adversarial_identity,390,ground_creature,matched_adversarial_identity,0.0,0.6666666666666666,,4,0
c53a10ada1c2be83,cias_no_persistent_self,390_virtual_avatar_matched_adversarial_identity,390,virtual_avatar,matched_adversarial_identity,0.0,0.6666666666666666,,4,0
c53a10ada1c2be83,cias_no_persistent_self,390_wheeled_robot_matched_adversarial_identity,390,wheeled_robot,matched_adversarial_identity,0.0,0.6666666666666666,,4,0
cb6d1d701cb584ae,cias_full,361_drone_matched_adversarial_identity,361,drone,matched_adversarial_identity,1.0,0.0,0.0,4,1
cb6d1d701cb584ae,cias_full,361_ground_creature_matched_adversarial_identity,361,ground_creature,matched_adversarial_identity,1.0,0.0,0.0,0,1
cb6d1d701cb584ae,cias_full,361_virtual_avatar_matched_adversarial_identity,361,virtual_avatar,matched_adversarial_identity,1.0,0.0,0.0,0,1
cb6d1d701cb584ae,cias_full,361_wheeled_robot_matched_adversarial_identity,361,wheeled_robot,matched_adversarial_identity,1.0,0.0,0.0,4,1
cb6d1d701cb584ae,cias_full,362_drone_matched_adversarial_identity,362,drone,matched_adversarial_identity,1.0,0.0,0.0,4,1
cb6d1d701cb584ae,cias_full,362_ground_creature_matched_adversarial_identity,362,ground_creature,matched_adversarial_identity,1.0,0.0,0.0,0,1
cb6d1d701cb584ae,cias_full,362_virtual_avatar_matched_adversarial_identity,362,virtual_avatar,matched_adversarial_identity,1.0,0.0,0.0,0,1
cb6d1d701cb584ae,cias_full,362_wheeled_robot_matched_adversarial_identity,362,wheeled_robot,matched_adversarial_identity,1.0,0.0,0.0,2,1
cb6d1d701cb584ae,cias_full,363_drone_matched_adversarial_identity,363,drone,matched_adversarial_identity,1.0,0.0,0.0,8,1
cb6d1d701cb584ae,cias_full,363_ground_creature_matched_adversarial_identity,363,ground_creature,matched_adversarial_identity,1.0,0.0,0.0,0,1
cb6d1d701cb584ae,cias_full,363_virtual_avatar_matched_adversarial_identity,363,virtual_avatar,matched_adversarial_identity,1.0,0.0,0.0,0,1
cb6d1d701cb584ae,cias_full,363_wheeled_robot_matched_adversarial_identity,363,wheeled_robot,matched_adversarial_identity,1.0,0.0,0.0,4,1
cb6d1d701cb584ae,cias_full,364_drone_matched_adversarial_identity,364,drone,matched_adversarial_identity,0.9861111111111112,0.013888888888888888,0.1,8,1
cb6d1d701cb584ae,cias_full,364_ground_creature_matched_adversarial_identity,364,ground_creature,matched_adversarial_identity,1.0,0.0,0.0,0,1
cb6d1d701cb584ae,cias_full,364_virtual_avatar_matched_adversarial_identity,364,virtual_avatar,matched_adversarial_identity,1.0,0.0,0.0,0,1
cb6d1d701cb584ae,cias_full,364_wheeled_robot_matched_adversarial_identity,364,wheeled_robot,matched_adversarial_identity,1.0,0.0,0.0,2,1
cb6d1d701cb584ae,cias_full,365_drone_matched_adversarial_identity,365,drone,matched_adversarial_identity,0.7916666666666666,0.06944444444444445,0.5,22,1
cb6d1d701cb584ae,cias_full,365_ground_creature_matched_adversarial_identity,365,ground_creature,matched_adversarial_identity,1.0,0.0,0.0,0,1
cb6d1d701cb584ae,cias_full,365_virtual_avatar_matched_adversarial_identity,365,virtual_avatar,matched_adversarial_identity,1.0,0.0,0.0,0,1
cb6d1d701cb584ae,cias_full,365_wheeled_robot_matched_adversarial_identity,365,wheeled_robot,matched_adversarial_identity,1.0,0.0,0.0,2,1
cb6d1d701cb584ae,cias_full,366_drone_matched_adversarial_identity,366,drone,matched_adversarial_identity,0.875,0.0,0.0,16,1
cb6d1d701cb584ae,cias_full,366_ground_creature_matched_adversarial_identity,366,ground_creature,matched_adversarial_identity,1.0,0.0,0.0,0,1
cb6d1d701cb584ae,cias_full,366_virtual_avatar_matched_adversarial_identity,366,virtual_avatar,matched_adversarial_identity,1.0,0.0,0.0,0,1
cb6d1d701cb584ae,cias_full,366_wheeled_robot_matched_adversarial_identity,366,wheeled_robot,matched_adversarial_identity,1.0,0.0,0.0,2,1
cb6d1d701cb584ae,cias_full,367_drone_matched_adversarial_identity,367,drone,matched_adversarial_identity,0.9583333333333334,0.041666666666666664,0.30000000000000004,14,1
cb6d1d701cb584ae,cias_full,367_ground_creature_matched_adversarial_identity,367,ground_creature,matched_adversarial_identity,1.0,0.0,0.0,0,1
cb6d1d701cb584ae,cias_full,367_virtual_avatar_matched_adversarial_identity,367,virtual_avatar,matched_adversarial_identity,1.0,0.0,0.0,0,1
cb6d1d701cb584ae,cias_full,367_wheeled_robot_matched_adversarial_identity,367,wheeled_robot,matched_adversarial_identity,1.0,0.0,0.0,2,1
cb6d1d701cb584ae,cias_full,368_drone_matched_adversarial_identity,368,drone,matched_adversarial_identity,1.0,0.0,0.0,6,1
cb6d1d701cb584ae,cias_full,368_ground_creature_matched_adversarial_identity,368,ground_creature,matched_adversarial_identity,1.0,0.0,0.0,0,1
cb6d1d701cb584ae,cias_full,368_virtual_avatar_matched_adversarial_identity,368,virtual_avatar,matched_adversarial_identity,1.0,0.0,0.0,0,1
cb6d1d701cb584ae,cias_full,368_wheeled_robot_matched_adversarial_identity,368,wheeled_robot,matched_adversarial_identity,1.0,0.0,0.0,4,1
cb6d1d701cb584ae,cias_full,369_drone_matched_adversarial_identity,369,drone,matched_adversarial_identity,0.9305555555555556,0.06944444444444445,0.5,6,1
cb6d1d701cb584ae,cias_full,369_ground_creature_matched_adversarial_identity,369,ground_creature,matched_adversarial_identity,1.0,0.0,0.0,0,1
cb6d1d701cb584ae,cias_full,369_virtual_avatar_matched_adversarial_identity,369,virtual_avatar,matched_adversarial_identity,1.0,0.0,0.0,0,1
cb6d1d701cb584ae,cias_full,369_wheeled_robot_matched_adversarial_identity,369,wheeled_robot,matched_adversarial_identity,1.0,0.0,0.0,4,1
cb6d1d701cb584ae,cias_full,370_drone_matched_adversarial_identity,370,drone,matched_adversarial_identity,0.9722222222222222,0.027777777777777776,0.2,10,1
cb6d1d701cb584ae,cias_full,370_ground_creature_matched_adversarial_identity,370,ground_creature,matched_adversarial_identity,1.0,0.0,0.0,0,1
cb6d1d701cb584ae,cias_full,370_virtual_avatar_matched_adversarial_identity,370,virtual_avatar,matched_adversarial_identity,1.0,0.0,0.0,0,1
cb6d1d701cb584ae,cias_full,370_wheeled_robot_matched_adversarial_identity,370,wheeled_robot,matched_adversarial_identity,1.0,0.0,0.0,0,1
cb6d1d701cb584ae,cias_full,371_drone_matched_adversarial_identity,371,drone,matched_adversarial_identity,0.9861111111111112,0.013888888888888888,0.1,12,1
cb6d1d701cb584ae,cias_full,371_ground_creature_matched_adversarial_identity,371,ground_creature,matched_adversarial_identity,1.0,0.0,0.0,0,1
cb6d1d701cb584ae,cias_full,371_virtual_avatar_matched_adversarial_identity,371,virtual_avatar,matched_adversarial_identity,1.0,0.0,0.0,0,1
cb6d1d701cb584ae,cias_full,371_wheeled_robot_matched_adversarial_identity,371,wheeled_robot,matched_adversarial_identity,1.0,0.0,0.0,2,1
cb6d1d701cb584ae,cias_full,372_drone_matched_adversarial_identity,372,drone,matched_adversarial_identity,0.9444444444444444,0.05555555555555555,0.5,10,1
cb6d1d701cb584ae,cias_full,372_ground_creature_matched_adversarial_identity,372,ground_creature,matched_adversarial_identity,1.0,0.0,0.0,0,1
cb6d1d701cb584ae,cias_full,372_virtual_avatar_matched_adversarial_identity,372,virtual_avatar,matched_adversarial_identity,1.0,0.0,0.0,0,1
cb6d1d701cb584ae,cias_full,372_wheeled_robot_matched_adversarial_identity,372,wheeled_robot,matched_adversarial_identity,1.0,0.0,0.0,4,1
cb6d1d701cb584ae,cias_full,373_drone_matched_adversarial_identity,373,drone,matched_adversarial_identity,0.7222222222222222,0.06944444444444445,0.5,14,1
cb6d1d701cb584ae,cias_full,373_ground_creature_matched_adversarial_identity,373,ground_creature,matched_adversarial_identity,1.0,0.0,0.0,0,1
cb6d1d701cb584ae,cias_full,373_virtual_avatar_matched_adversarial_identity,373,virtual_avatar,matched_adversarial_identity,1.0,0.0,0.0,0,1
cb6d1d701cb584ae,cias_full,373_wheeled_robot_matched_adversarial_identity,373,wheeled_robot,matched_adversarial_identity,1.0,0.0,0.0,2,1
cb6d1d701cb584ae,cias_full,374_drone_matched_adversarial_identity,374,drone,matched_adversarial_identity,0.9722222222222222,0.027777777777777776,0.2,16,1
cb6d1d701cb584ae,cias_full,374_ground_creature_matched_adversarial_identity,374,ground_creature,matched_adversarial_identity,1.0,0.0,0.0,0,1
cb6d1d701cb584ae,cias_full,374_virtual_avatar_matched_adversarial_identity,374,virtual_avatar,matched_adversarial_identity,1.0,0.0,0.0,0,1
cb6d1d701cb584ae,cias_full,374_wheeled_robot_matched_adversarial_identity,374,wheeled_robot,matched_adversarial_identity,1.0,0.0,0.0,4,1
cb6d1d701cb584ae,cias_full,375_drone_matched_adversarial_identity,375,drone,matched_adversarial_identity,0.9305555555555556,0.06944444444444445,0.5,8,1
cb6d1d701cb584ae,cias_full,375_ground_creature_matched_adversarial_identity,375,ground_creature,matched_adversarial_identity,1.0,0.0,0.0,0,1
cb6d1d701cb584ae,cias_full,375_virtual_avatar_matched_adversarial_identity,375,virtual_avatar,matched_adversarial_identity,1.0,0.0,0.0,0,1
cb6d1d701cb584ae,cias_full,375_wheeled_robot_matched_adversarial_identity,375,wheeled_robot,matched_adversarial_identity,1.0,0.0,0.0,0,1
cb6d1d701cb584ae,cias_full,376_drone_matched_adversarial_identity,376,drone,matched_adversarial_identity,0.9305555555555556,0.06944444444444445,0.5,8,1
cb6d1d701cb584ae,cias_full,376_ground_creature_matched_adversarial_identity,376,ground_creature,matched_adversarial_identity,1.0,0.0,0.0,0,1
cb6d1d701cb584ae,cias_full,376_virtual_avatar_matched_adversarial_identity,376,virtual_avatar,matched_adversarial_identity,1.0,0.0,0.0,0,1
cb6d1d701cb584ae,cias_full,376_wheeled_robot_matched_adversarial_identity,376,wheeled_robot,matched_adversarial_identity,1.0,0.0,0.0,2,1
cb6d1d701cb584ae,cias_full,377_drone_matched_adversarial_identity,377,drone,matched_adversarial_identity,0.9861111111111112,0.013888888888888888,0.1,4,1
cb6d1d701cb584ae,cias_full,377_ground_creature_matched_adversarial_identity,377,ground_creature,matched_adversarial_identity,1.0,0.0,0.0,0,1
cb6d1d701cb584ae,cias_full,377_virtual_avatar_matched_adversarial_identity,377,virtual_avatar,matched_adversarial_identity,1.0,0.0,0.0,0,1
cb6d1d701cb584ae,cias_full,377_wheeled_robot_matched_adversarial_identity,377,wheeled_robot,matched_adversarial_identity,1.0,0.0,0.0,4,1
cb6d1d701cb584ae,cias_full,378_drone_matched_adversarial_identity,378,drone,matched_adversarial_identity,0.9444444444444444,0.05555555555555555,0.4,8,1
cb6d1d701cb584ae,cias_full,378_ground_creature_matched_adversarial_identity,378,ground_creature,matched_adversarial_identity,1.0,0.0,0.0,0,1
cb6d1d701cb584ae,cias_full,378_virtual_avatar_matched_adversarial_identity,378,virtual_avatar,matched_adversarial_identity,1.0,0.0,0.0,0,1
cb6d1d701cb584ae,cias_full,378_wheeled_robot_matched_adversarial_identity,378,wheeled_robot,matched_adversarial_identity,1.0,0.0,0.0,4,1
cb6d1d701cb584ae,cias_full,379_drone_matched_adversarial_identity,379,drone,matched_adversarial_identity,0.9305555555555556,0.06944444444444445,0.5,10,1
cb6d1d701cb584ae,cias_full,379_ground_creature_matched_adversarial_identity,379,ground_creature,matched_adversarial_identity,1.0,0.0,0.0,0,1
cb6d1d701cb584ae,cias_full,379_virtual_avatar_matched_adversarial_identity,379,virtual_avatar,matched_adversarial_identity,1.0,0.0,0.0,0,1
cb6d1d701cb584ae,cias_full,379_wheeled_robot_matched_adversarial_identity,379,wheeled_robot,matched_adversarial_identity,1.0,0.0,0.0,4,1
cb6d1d701cb584ae,cias_full,380_drone_matched_adversarial_identity,380,drone,matched_adversarial_identity,0.9861111111111112,0.013888888888888888,0.1,8,1
cb6d1d701cb584ae,cias_full,380_ground_creature_matched_adversarial_identity,380,ground_creature,matched_adversarial_identity,1.0,0.0,0.0,0,1
cb6d1d701cb584ae,cias_full,380_virtual_avatar_matched_adversarial_identity,380,virtual_avatar,matched_adversarial_identity,1.0,0.0,0.0,0,1
cb6d1d701cb584ae,cias_full,380_wheeled_robot_matched_adversarial_identity,380,wheeled_robot,matched_adversarial_identity,1.0,0.0,0.0,2,1
cb6d1d701cb584ae,cias_full,381_drone_matched_adversarial_identity,381,drone,matched_adversarial_identity,1.0,0.0,0.0,8,1
cb6d1d701cb584ae,cias_full,381_ground_creature_matched_adversarial_identity,381,ground_creature,matched_adversarial_identity,1.0,0.0,0.0,0,1
cb6d1d701cb584ae,cias_full,381_virtual_avatar_matched_adversarial_identity,381,virtual_avatar,matched_adversarial_identity,1.0,0.0,0.0,0,1
cb6d1d701cb584ae,cias_full,381_wheeled_robot_matched_adversarial_identity,381,wheeled_robot,matched_adversarial_identity,1.0,0.0,0.0,4,1
cb6d1d701cb584ae,cias_full,382_drone_matched_adversarial_identity,382,drone,matched_adversarial_identity,1.0,0.0,0.0,10,1
cb6d1d701cb584ae,cias_full,382_ground_creature_matched_adversarial_identity,382,ground_creature,matched_adversarial_identity,1.0,0.0,0.0,0,1
cb6d1d701cb584ae,cias_full,382_virtual_avatar_matched_adversarial_identity,382,virtual_avatar,matched_adversarial_identity,1.0,0.0,0.0,0,1
cb6d1d701cb584ae,cias_full,382_wheeled_robot_matched_adversarial_identity,382,wheeled_robot,matched_adversarial_identity,1.0,0.0,0.0,2,1
cb6d1d701cb584ae,cias_full,383_drone_matched_adversarial_identity,383,drone,matched_adversarial_identity,1.0,0.0,0.0,4,1
cb6d1d701cb584ae,cias_full,383_ground_creature_matched_adversarial_identity,383,ground_creature,matched_adversarial_identity,1.0,0.0,0.0,0,1
cb6d1d701cb584ae,cias_full,383_virtual_avatar_matched_adversarial_identity,383,virtual_avatar,matched_adversarial_identity,1.0,0.0,0.0,0,1
cb6d1d701cb584ae,cias_full,383_wheeled_robot_matched_adversarial_identity,383,wheeled_robot,matched_adversarial_identity,1.0,0.0,0.0,4,1
cb6d1d701cb584ae,cias_full,384_drone_matched_adversarial_identity,384,drone,matched_adversarial_identity,1.0,0.0,0.0,4,1
cb6d1d701cb584ae,cias_full,384_ground_creature_matched_adversarial_identity,384,ground_creature,matched_adversarial_identity,1.0,0.0,0.0,0,1
cb6d1d701cb584ae,cias_full,384_virtual_avatar_matched_adversarial_identity,384,virtual_avatar,matched_adversarial_identity,1.0,0.0,0.0,0,1
cb6d1d701cb584ae,cias_full,384_wheeled_robot_matched_adversarial_identity,384,wheeled_robot,matched_adversarial_identity,1.0,0.0,0.0,4,1
cb6d1d701cb584ae,cias_full,385_drone_matched_adversarial_identity,385,drone,matched_adversarial_identity,1.0,0.0,0.0,6,1
cb6d1d701cb584ae,cias_full,385_ground_creature_matched_adversarial_identity,385,ground_creature,matched_adversarial_identity,1.0,0.0,0.0,0,1
cb6d1d701cb584ae,cias_full,385_virtual_avatar_matched_adversarial_identity,385,virtual_avatar,matched_adversarial_identity,1.0,0.0,0.0,0,1
cb6d1d701cb584ae,cias_full,385_wheeled_robot_matched_adversarial_identity,385,wheeled_robot,matched_adversarial_identity,1.0,0.0,0.0,2,1
cb6d1d701cb584ae,cias_full,386_drone_matched_adversarial_identity,386,drone,matched_adversarial_identity,1.0,0.0,0.0,6,1
cb6d1d701cb584ae,cias_full,386_ground_creature_matched_adversarial_identity,386,ground_creature,matched_adversarial_identity,1.0,0.0,0.0,0,1
cb6d1d701cb584ae,cias_full,386_virtual_avatar_matched_adversarial_identity,386,virtual_avatar,matched_adversarial_identity,1.0,0.0,0.0,0,1
cb6d1d701cb584ae,cias_full,386_wheeled_robot_matched_adversarial_identity,386,wheeled_robot,matched_adversarial_identity,1.0,0.0,0.0,0,1
cb6d1d701cb584ae,cias_full,387_drone_matched_adversarial_identity,387,drone,matched_adversarial_identity,1.0,0.0,0.0,4,1
cb6d1d701cb584ae,cias_full,387_ground_creature_matched_adversarial_identity,387,ground_creature,matched_adversarial_identity,1.0,0.0,0.0,0,1
cb6d1d701cb584ae,cias_full,387_virtual_avatar_matched_adversarial_identity,387,virtual_avatar,matched_adversarial_identity,1.0,0.0,0.0,0,1
cb6d1d701cb584ae,cias_full,387_wheeled_robot_matched_adversarial_identity,387,wheeled_robot,matched_adversarial_identity,1.0,0.0,0.0,4,1
cb6d1d701cb584ae,cias_full,388_drone_matched_adversarial_identity,388,drone,matched_adversarial_identity,1.0,0.0,0.0,6,1
cb6d1d701cb584ae,cias_full,388_ground_creature_matched_adversarial_identity,388,ground_creature,matched_adversarial_identity,1.0,0.0,0.0,0,1
cb6d1d701cb584ae,cias_full,388_virtual_avatar_matched_adversarial_identity,388,virtual_avatar,matched_adversarial_identity,1.0,0.0,0.0,0,1
cb6d1d701cb584ae,cias_full,388_wheeled_robot_matched_adversarial_identity,388,wheeled_robot,matched_adversarial_identity,1.0,0.0,0.0,2,1
cb6d1d701cb584ae,cias_full,389_drone_matched_adversarial_identity,389,drone,matched_adversarial_identity,1.0,0.0,0.0,6,1
cb6d1d701cb584ae,cias_full,389_ground_creature_matched_adversarial_identity,389,ground_creature,matched_adversarial_identity,1.0,0.0,0.0,0,1
cb6d1d701cb584ae,cias_full,389_virtual_avatar_matched_adversarial_identity,389,virtual_avatar,matched_adversarial_identity,1.0,0.0,0.0,0,1
cb6d1d701cb584ae,cias_full,389_wheeled_robot_matched_adversarial_identity,389,wheeled_robot,matched_adversarial_identity,1.0,0.0,0.0,2,1
cb6d1d701cb584ae,cias_full,390_drone_matched_adversarial_identity,390,drone,matched_adversarial_identity,1.0,0.0,0.0,4,1
cb6d1d701cb584ae,cias_full,390_ground_creature_matched_adversarial_identity,390,ground_creature,matched_adversarial_identity,1.0,0.0,0.0,0,1
cb6d1d701cb584ae,cias_full,390_virtual_avatar_matched_adversarial_identity,390,virtual_avatar,matched_adversarial_identity,1.0,0.0,0.0,0,1
cb6d1d701cb584ae,cias_full,390_wheeled_robot_matched_adversarial_identity,390,wheeled_robot,matched_adversarial_identity,1.0,0.0,0.0,2,1
cb6d1d701cb584ae,cias_no_persistent_self,361_drone_matched_adversarial_identity,361,drone,matched_adversarial_identity,0.0,0.6666666666666666,,4,0
cb6d1d701cb584ae,cias_no_persistent_self,361_ground_creature_matched_adversarial_identity,361,ground_creature,matched_adversarial_identity,1.0,0.0,0.0,3,1
cb6d1d701cb584ae,cias_no_persistent_self,361_virtual_avatar_matched_adversarial_identity,361,virtual_avatar,matched_adversarial_identity,1.0,0.0,0.0,3,1
cb6d1d701cb584ae,cias_no_persistent_self,361_wheeled_robot_matched_adversarial_identity,361,wheeled_robot,matched_adversarial_identity,0.0,0.6666666666666666,,4,0
cb6d1d701cb584ae,cias_no_persistent_self,362_drone_matched_adversarial_identity,362,drone,matched_adversarial_identity,0.0,0.6666666666666666,,4,0
cb6d1d701cb584ae,cias_no_persistent_self,362_ground_creature_matched_adversarial_identity,362,ground_creature,matched_adversarial_identity,0.0,0.6666666666666666,,4,0
cb6d1d701cb584ae,cias_no_persistent_self,362_virtual_avatar_matched_adversarial_identity,362,virtual_avatar,matched_adversarial_identity,1.0,0.0,0.0,3,1
cb6d1d701cb584ae,cias_no_persistent_self,362_wheeled_robot_matched_adversarial_identity,362,wheeled_robot,matched_adversarial_identity,0.0,0.6666666666666666,,4,0
cb6d1d701cb584ae,cias_no_persistent_self,363_drone_matched_adversarial_identity,363,drone,matched_adversarial_identity,0.0,0.6666666666666666,,4,0
cb6d1d701cb584ae,cias_no_persistent_self,363_ground_creature_matched_adversarial_identity,363,ground_creature,matched_adversarial_identity,1.0,0.0,0.0,3,1
cb6d1d701cb584ae,cias_no_persistent_self,363_virtual_avatar_matched_adversarial_identity,363,virtual_avatar,matched_adversarial_identity,1.0,0.0,0.0,3,1
cb6d1d701cb584ae,cias_no_persistent_self,363_wheeled_robot_matched_adversarial_identity,363,wheeled_robot,matched_adversarial_identity,0.0,0.6666666666666666,,4,0
cb6d1d701cb584ae,cias_no_persistent_self,364_drone_matched_adversarial_identity,364,drone,matched_adversarial_identity,0.0,0.6666666666666666,,4,0
cb6d1d701cb584ae,cias_no_persistent_self,364_ground_creature_matched_adversarial_identity,364,ground_creature,matched_adversarial_identity,1.0,0.0,0.0,3,1
cb6d1d701cb584ae,cias_no_persistent_self,364_virtual_avatar_matched_adversarial_identity,364,virtual_avatar,matched_adversarial_identity,1.0,0.0,0.0,3,1
cb6d1d701cb584ae,cias_no_persistent_self,364_wheeled_robot_matched_adversarial_identity,364,wheeled_robot,matched_adversarial_identity,0.0,0.6666666666666666,,4,0
cb6d1d701cb584ae,cias_no_persistent_self,365_drone_matched_adversarial_identity,365,drone,matched_adversarial_identity,0.0,0.6666666666666666,,4,0
cb6d1d701cb584ae,cias_no_persistent_self,365_ground_creature_matched_adversarial_identity,365,ground_creature,matched_adversarial_identity,1.0,0.0,0.0,3,1
cb6d1d701cb584ae,cias_no_persistent_self,365_virtual_avatar_matched_adversarial_identity,365,virtual_avatar,matched_adversarial_identity,1.0,0.0,0.0,3,1
cb6d1d701cb584ae,cias_no_persistent_self,365_wheeled_robot_matched_adversarial_identity,365,wheeled_robot,matched_adversarial_identity,1.0,0.0,0.0,3,1
cb6d1d701cb584ae,cias_no_persistent_self,366_drone_matched_adversarial_identity,366,drone,matched_adversarial_identity,1.0,0.0,0.0,3,1
cb6d1d701cb584ae,cias_no_persistent_self,366_ground_creature_matched_adversarial_identity,366,ground_creature,matched_adversarial_identity,1.0,0.0,0.0,3,1
cb6d1d701cb584ae,cias_no_persistent_self,366_virtual_avatar_matched_adversarial_identity,366,virtual_avatar,matched_adversarial_identity,1.0,0.0,0.0,3,1
cb6d1d701cb584ae,cias_no_persistent_self,366_wheeled_robot_matched_adversarial_identity,366,wheeled_robot,matched_adversarial_identity,1.0,0.0,0.0,3,1
cb6d1d701cb584ae,cias_no_persistent_self,367_drone_matched_adversarial_identity,367,drone,matched_adversarial_identity,0.0,0.6666666666666666,,4,0
cb6d1d701cb584ae,cias_no_persistent_self,367_ground_creature_matched_adversarial_identity,367,ground_creature,matched_adversarial_identity,1.0,0.0,0.0,3,1
cb6d1d701cb584ae,cias_no_persistent_self,367_virtual_avatar_matched_adversarial_identity,367,virtual_avatar,matched_adversarial_identity,1.0,0.0,0.0,3,1
cb6d1d701cb584ae,cias_no_persistent_self,367_wheeled_robot_matched_adversarial_identity,367,wheeled_robot,matched_adversarial_identity,1.0,0.0,0.0,3,1
cb6d1d701cb584ae,cias_no_persistent_self,368_drone_matched_adversarial_identity,368,drone,matched_adversarial_identity,0.0,0.6666666666666666,,4,0
cb6d1d701cb584ae,cias_no_persistent_self,368_ground_creature_matched_adversarial_identity,368,ground_creature,matched_adversarial_identity,1.0,0.0,0.0,3,1
cb6d1d701cb584ae,cias_no_persistent_self,368_virtual_avatar_matched_adversarial_identity,368,virtual_avatar,matched_adversarial_identity,1.0,0.0,0.0,3,1
cb6d1d701cb584ae,cias_no_persistent_self,368_wheeled_robot_matched_adversarial_identity,368,wheeled_robot,matched_adversarial_identity,1.0,0.0,0.0,3,1
cb6d1d701cb584ae,cias_no_persistent_self,369_drone_matched_adversarial_identity,369,drone,matched_adversarial_identity,0.0,0.6666666666666666,,4,0
cb6d1d701cb584ae,cias_no_persistent_self,369_ground_creature_matched_adversarial_identity,369,ground_creature,matched_adversarial_identity,1.0,0.0,0.0,3,1
cb6d1d701cb584ae,cias_no_persistent_self,369_virtual_avatar_matched_adversarial_identity,369,virtual_avatar,matched_adversarial_identity,1.0,0.0,0.0,3,1
cb6d1d701cb584ae,cias_no_persistent_self,369_wheeled_robot_matched_adversarial_identity,369,wheeled_robot,matched_adversarial_identity,1.0,0.0,0.0,3,1
cb6d1d701cb584ae,cias_no_persistent_self,370_drone_matched_adversarial_identity,370,drone,matched_adversarial_identity,1.0,0.0,0.0,3,1
cb6d1d701cb584ae,cias_no_persistent_self,370_ground_creature_matched_adversarial_identity,370,ground_creature,matched_adversarial_identity,1.0,0.0,0.0,3,1
cb6d1d701cb584ae,cias_no_persistent_self,370_virtual_avatar_matched_adversarial_identity,370,virtual_avatar,matched_adversarial_identity,1.0,0.0,0.0,3,1
cb6d1d701cb584ae,cias_no_persistent_self,370_wheeled_robot_matched_adversarial_identity,370,wheeled_robot,matched_adversarial_identity,1.0,0.0,0.0,3,1
cb6d1d701cb584ae,cias_no_persistent_self,371_drone_matched_adversarial_identity,371,drone,matched_adversarial_identity,0.0,0.6666666666666666,,4,0
cb6d1d701cb584ae,cias_no_persistent_self,371_ground_creature_matched_adversarial_identity,371,ground_creature,matched_adversarial_identity,1.0,0.0,0.0,3,1
cb6d1d701cb584ae,cias_no_persistent_self,371_virtual_avatar_matched_adversarial_identity,371,virtual_avatar,matched_adversarial_identity,1.0,0.0,0.0,3,1
cb6d1d701cb584ae,cias_no_persistent_self,371_wheeled_robot_matched_adversarial_identity,371,wheeled_robot,matched_adversarial_identity,1.0,0.0,0.0,3,1
cb6d1d701cb584ae,cias_no_persistent_self,372_drone_matched_adversarial_identity,372,drone,matched_adversarial_identity,0.0,0.6666666666666666,,4,0
cb6d1d701cb584ae,cias_no_persistent_self,372_ground_creature_matched_adversarial_identity,372,ground_creature,matched_adversarial_identity,1.0,0.0,0.0,3,1
cb6d1d701cb584ae,cias_no_persistent_self,372_virtual_avatar_matched_adversarial_identity,372,virtual_avatar,matched_adversarial_identity,1.0,0.0,0.0,3,1
cb6d1d701cb584ae,cias_no_persistent_self,372_wheeled_robot_matched_adversarial_identity,372,wheeled_robot,matched_adversarial_identity,1.0,0.0,0.0,3,1
cb6d1d701cb584ae,cias_no_persistent_self,373_drone_matched_adversarial_identity,373,drone,matched_adversarial_identity,0.0,0.6666666666666666,,4,0
cb6d1d701cb584ae,cias_no_persistent_self,373_ground_creature_matched_adversarial_identity,373,ground_creature,matched_adversarial_identity,1.0,0.0,0.0,3,1
cb6d1d701cb584ae,cias_no_persistent_self,373_virtual_avatar_matched_adversarial_identity,373,virtual_avatar,matched_adversarial_identity,1.0,0.0,0.0,3,1
cb6d1d701cb584ae,cias_no_persistent_self,373_wheeled_robot_matched_adversarial_identity,373,wheeled_robot,matched_adversarial_identity,1.0,0.0,0.0,3,1
cb6d1d701cb584ae,cias_no_persistent_self,374_drone_matched_adversarial_identity,374,drone,matched_adversarial_identity,0.0,0.6666666666666666,,4,0
cb6d1d701cb584ae,cias_no_persistent_self,374_ground_creature_matched_adversarial_identity,374,ground_creature,matched_adversarial_identity,1.0,0.0,0.0,3,1
cb6d1d701cb584ae,cias_no_persistent_self,374_virtual_avatar_matched_adversarial_identity,374,virtual_avatar,matched_adversarial_identity,1.0,0.0,0.0,3,1
cb6d1d701cb584ae,cias_no_persistent_self,374_wheeled_robot_matched_adversarial_identity,374,wheeled_robot,matched_adversarial_identity,1.0,0.0,0.0,3,1
cb6d1d701cb584ae,cias_no_persistent_self,375_drone_matched_adversarial_identity,375,drone,matched_adversarial_identity,0.0,0.6666666666666666,,4,0
cb6d1d701cb584ae,cias_no_persistent_self,375_ground_creature_matched_adversarial_identity,375,ground_creature,matched_adversarial_identity,1.0,0.0,0.0,3,1
cb6d1d701cb584ae,cias_no_persistent_self,375_virtual_avatar_matched_adversarial_identity,375,virtual_avatar,matched_adversarial_identity,1.0,0.0,0.0,3,1
cb6d1d701cb584ae,cias_no_persistent_self,375_wheeled_robot_matched_adversarial_identity,375,wheeled_robot,matched_adversarial_identity,1.0,0.0,0.0,3,1
cb6d1d701cb584ae,cias_no_persistent_self,376_drone_matched_adversarial_identity,376,drone,matched_adversarial_identity,0.0,0.6666666666666666,,4,0
cb6d1d701cb584ae,cias_no_persistent_self,376_ground_creature_matched_adversarial_identity,376,ground_creature,matched_adversarial_identity,0.0,0.6666666666666666,,4,0
cb6d1d701cb584ae,cias_no_persistent_self,376_virtual_avatar_matched_adversarial_identity,376,virtual_avatar,matched_adversarial_identity,1.0,0.0,0.0,3,1
cb6d1d701cb584ae,cias_no_persistent_self,376_wheeled_robot_matched_adversarial_identity,376,wheeled_robot,matched_adversarial_identity,0.0,0.6666666666666666,,4,0
cb6d1d701cb584ae,cias_no_persistent_self,377_drone_matched_adversarial_identity,377,drone,matched_adversarial_identity,0.0,0.6666666666666666,,4,0
cb6d1d701cb584ae,cias_no_persistent_self,377_ground_creature_matched_adversarial_identity,377,ground_creature,matched_adversarial_identity,1.0,0.0,0.0,3,1
cb6d1d701cb584ae,cias_no_persistent_self,377_virtual_avatar_matched_adversarial_identity,377,virtual_avatar,matched_adversarial_identity,1.0,0.0,0.0,3,1
cb6d1d701cb584ae,cias_no_persistent_self,377_wheeled_robot_matched_adversarial_identity,377,wheeled_robot,matched_adversarial_identity,0.0,0.6666666666666666,,4,0
cb6d1d701cb584ae,cias_no_persistent_self,378_drone_matched_adversarial_identity,378,drone,matched_adversarial_identity,0.0,0.6666666666666666,,4,0
cb6d1d701cb584ae,cias_no_persistent_self,378_ground_creature_matched_adversarial_identity,378,ground_creature,matched_adversarial_identity,0.0,0.6666666666666666,,4,0
cb6d1d701cb584ae,cias_no_persistent_self,378_virtual_avatar_matched_adversarial_identity,378,virtual_avatar,matched_adversarial_identity,1.0,0.0,0.0,3,1
cb6d1d701cb584ae,cias_no_persistent_self,378_wheeled_robot_matched_adversarial_identity,378,wheeled_robot,matched_adversarial_identity,0.0,0.6666666666666666,,4,0
cb6d1d701cb584ae,cias_no_persistent_self,379_drone_matched_adversarial_identity,379,drone,matched_adversarial_identity,0.0,0.6666666666666666,,4,0
cb6d1d701cb584ae,cias_no_persistent_self,379_ground_creature_matched_adversarial_identity,379,ground_creature,matched_adversarial_identity,1.0,0.0,0.0,3,1
cb6d1d701cb584ae,cias_no_persistent_self,379_virtual_avatar_matched_adversarial_identity,379,virtual_avatar,matched_adversarial_identity,1.0,0.0,0.0,3,1
cb6d1d701cb584ae,cias_no_persistent_self,379_wheeled_robot_matched_adversarial_identity,379,wheeled_robot,matched_adversarial_identity,0.0,0.6666666666666666,,4,0
cb6d1d701cb584ae,cias_no_persistent_self,380_drone_matched_adversarial_identity,380,drone,matched_adversarial_identity,0.0,0.6666666666666666,,4,0
cb6d1d701cb584ae,cias_no_persistent_self,380_ground_creature_matched_adversarial_identity,380,ground_creature,matched_adversarial_identity,1.0,0.0,0.0,3,1
cb6d1d701cb584ae,cias_no_persistent_self,380_virtual_avatar_matched_adversarial_identity,380,virtual_avatar,matched_adversarial_identity,1.0,0.0,0.0,3,1
cb6d1d701cb584ae,cias_no_persistent_self,380_wheeled_robot_matched_adversarial_identity,380,wheeled_robot,matched_adversarial_identity,1.0,0.0,0.0,3,1
cb6d1d701cb584ae,cias_no_persistent_self,381_drone_matched_adversarial_identity,381,drone,matched_adversarial_identity,0.0,0.6666666666666666,,4,0
cb6d1d701cb584ae,cias_no_persistent_self,381_ground_creature_matched_adversarial_identity,381,ground_creature,matched_adversarial_identity,1.0,0.0,0.0,3,1
cb6d1d701cb584ae,cias_no_persistent_self,381_virtual_avatar_matched_adversarial_identity,381,virtual_avatar,matched_adversarial_identity,1.0,0.0,0.0,3,1
cb6d1d701cb584ae,cias_no_persistent_self,381_wheeled_robot_matched_adversarial_identity,381,wheeled_robot,matched_adversarial_identity,1.0,0.0,0.0,3,1
cb6d1d701cb584ae,cias_no_persistent_self,382_drone_matched_adversarial_identity,382,drone,matched_adversarial_identity,0.0,0.6666666666666666,,4,0
cb6d1d701cb584ae,cias_no_persistent_self,382_ground_creature_matched_adversarial_identity,382,ground_creature,matched_adversarial_identity,1.0,0.0,0.0,3,1
cb6d1d701cb584ae,cias_no_persistent_self,382_virtual_avatar_matched_adversarial_identity,382,virtual_avatar,matched_adversarial_identity,1.0,0.0,0.0,3,1
cb6d1d701cb584ae,cias_no_persistent_self,382_wheeled_robot_matched_adversarial_identity,382,wheeled_robot,matched_adversarial_identity,1.0,0.0,0.0,3,1
cb6d1d701cb584ae,cias_no_persistent_self,383_drone_matched_adversarial_identity,383,drone,matched_adversarial_identity,0.0,0.6666666666666666,,4,0
cb6d1d701cb584ae,cias_no_persistent_self,383_ground_creature_matched_adversarial_identity,383,ground_creature,matched_adversarial_identity,1.0,0.0,0.0,3,1
cb6d1d701cb584ae,cias_no_persistent_self,383_virtual_avatar_matched_adversarial_identity,383,virtual_avatar,matched_adversarial_identity,1.0,0.0,0.0,3,1
cb6d1d701cb584ae,cias_no_persistent_self,383_wheeled_robot_matched_adversarial_identity,383,wheeled_robot,matched_adversarial_identity,0.0,0.6666666666666666,,4,0
cb6d1d701cb584ae,cias_no_persistent_self,384_drone_matched_adversarial_identity,384,drone,matched_adversarial_identity,0.0,0.6666666666666666,,4,0
cb6d1d701cb584ae,cias_no_persistent_self,384_ground_creature_matched_adversarial_identity,384,ground_creature,matched_adversarial_identity,1.0,0.0,0.0,3,1
cb6d1d701cb584ae,cias_no_persistent_self,384_virtual_avatar_matched_adversarial_identity,384,virtual_avatar,matched_adversarial_identity,1.0,0.0,0.0,3,1
cb6d1d701cb584ae,cias_no_persistent_self,384_wheeled_robot_matched_adversarial_identity,384,wheeled_robot,matched_adversarial_identity,1.0,0.0,0.0,3,1
cb6d1d701cb584ae,cias_no_persistent_self,385_drone_matched_adversarial_identity,385,drone,matched_adversarial_identity,0.0,0.6666666666666666,,4,0
cb6d1d701cb584ae,cias_no_persistent_self,385_ground_creature_matched_adversarial_identity,385,ground_creature,matched_adversarial_identity,1.0,0.0,0.0,3,1
cb6d1d701cb584ae,cias_no_persistent_self,385_virtual_avatar_matched_adversarial_identity,385,virtual_avatar,matched_adversarial_identity,1.0,0.0,0.0,3,1
cb6d1d701cb584ae,cias_no_persistent_self,385_wheeled_robot_matched_adversarial_identity,385,wheeled_robot,matched_adversarial_identity,1.0,0.0,0.0,3,1
cb6d1d701cb584ae,cias_no_persistent_self,386_drone_matched_adversarial_identity,386,drone,matched_adversarial_identity,0.0,0.6666666666666666,,4,0
cb6d1d701cb584ae,cias_no_persistent_self,386_ground_creature_matched_adversarial_identity,386,ground_creature,matched_adversarial_identity,1.0,0.0,0.0,3,1
cb6d1d701cb584ae,cias_no_persistent_self,386_virtual_avatar_matched_adversarial_identity,386,virtual_avatar,matched_adversarial_identity,1.0,0.0,0.0,3,1
cb6d1d701cb584ae,cias_no_persistent_self,386_wheeled_robot_matched_adversarial_identity,386,wheeled_robot,matched_adversarial_identity,1.0,0.0,0.0,3,1
cb6d1d701cb584ae,cias_no_persistent_self,387_drone_matched_adversarial_identity,387,drone,matched_adversarial_identity,0.0,0.6666666666666666,,4,0
cb6d1d701cb584ae,cias_no_persistent_self,387_ground_creature_matched_adversarial_identity,387,ground_creature,matched_adversarial_identity,1.0,0.0,0.0,3,1
cb6d1d701cb584ae,cias_no_persistent_self,387_virtual_avatar_matched_adversarial_identity,387,virtual_avatar,matched_adversarial_identity,1.0,0.0,0.0,3,1
cb6d1d701cb584ae,cias_no_persistent_self,387_wheeled_robot_matched_adversarial_identity,387,wheeled_robot,matched_adversarial_identity,1.0,0.0,0.0,3,1
cb6d1d701cb584ae,cias_no_persistent_self,388_drone_matched_adversarial_identity,388,drone,matched_adversarial_identity,1.0,0.0,0.0,3,1
cb6d1d701cb584ae,cias_no_persistent_self,388_ground_creature_matched_adversarial_identity,388,ground_creature,matched_adversarial_identity,1.0,0.0,0.0,3,1
cb6d1d701cb584ae,cias_no_persistent_self,388_virtual_avatar_matched_adversarial_identity,388,virtual_avatar,matched_adversarial_identity,1.0,0.0,0.0,3,1
cb6d1d701cb584ae,cias_no_persistent_self,388_wheeled_robot_matched_adversarial_identity,388,wheeled_robot,matched_adversarial_identity,1.0,0.0,0.0,3,1
cb6d1d701cb584ae,cias_no_persistent_self,389_drone_matched_adversarial_identity,389,drone,matched_adversarial_identity,0.0,0.6666666666666666,,4,0
cb6d1d701cb584ae,cias_no_persistent_self,389_ground_creature_matched_adversarial_identity,389,ground_creature,matched_adversarial_identity,1.0,0.0,0.0,3,1
cb6d1d701cb584ae,cias_no_persistent_self,389_virtual_avatar_matched_adversarial_identity,389,virtual_avatar,matched_adversarial_identity,1.0,0.0,0.0,3,1
cb6d1d701cb584ae,cias_no_persistent_self,389_wheeled_robot_matched_adversarial_identity,389,wheeled_robot,matched_adversarial_identity,1.0,0.0,0.0,3,1
cb6d1d701cb584ae,cias_no_persistent_self,390_drone_matched_adversarial_identity,390,drone,matched_adversarial_identity,0.0,0.6666666666666666,,4,0
cb6d1d701cb584ae,cias_no_persistent_self,390_ground_creature_matched_adversarial_identity,390,ground_creature,matched_adversarial_identity,1.0,0.0,0.0,3,1
cb6d1d701cb584ae,cias_no_persistent_self,390_virtual_avatar_matched_adversarial_identity,390,virtual_avatar,matched_adversarial_identity,1.0,0.0,0.0,3,1
cb6d1d701cb584ae,cias_no_persistent_self,390_wheeled_robot_matched_adversarial_identity,390,wheeled_robot,matched_adversarial_identity,1.0,0.0,0.0,3,1
ce570ae60775c2b6,cias_full,361_drone_matched_adversarial_identity,361,drone,matched_adversarial_identity,0.19444444444444445,0.0,0.0,44,1
ce570ae60775c2b6,cias_full,361_ground_creature_matched_adversarial_identity,361,ground_creature,matched_adversarial_identity,0.125,0.0,,98,1
ce570ae60775c2b6,cias_full,361_virtual_avatar_matched_adversarial_identity,361,virtual_avatar,matched_adversarial_identity,0.125,0.0,,132,1
ce570ae60775c2b6,cias_full,361_wheeled_robot_matched_adversarial_identity,361,wheeled_robot,matched_adversarial_identity,0.125,0.0,,70,1
ce570ae60775c2b6,cias_full,362_drone_matched_adversarial_identity,362,drone,matched_adversarial_identity,0.3888888888888889,0.0,0.0,35,1
ce570ae60775c2b6,cias_full,362_ground_creature_matched_adversarial_identity,362,ground_creature,matched_adversarial_identity,0.125,0.0,,99,1
ce570ae60775c2b6,cias_full,362_virtual_avatar_matched_adversarial_identity,362,virtual_avatar,matched_adversarial_identity,0.125,0.0,,131,1
ce570ae60775c2b6,cias_full,362_wheeled_robot_matched_adversarial_identity,362,wheeled_robot,matched_adversarial_identity,0.125,0.0,,67,1
ce570ae60775c2b6,cias_full,363_drone_matched_adversarial_identity,363,drone,matched_adversarial_identity,0.2916666666666667,0.0,0.0,36,1
ce570ae60775c2b6,cias_full,363_ground_creature_matched_adversarial_identity,363,ground_creature,matched_adversarial_identity,0.125,0.0,,101,1
ce570ae60775c2b6,cias_full,363_virtual_avatar_matched_adversarial_identity,363,virtual_avatar,matched_adversarial_identity,0.125,0.0,,130,1
ce570ae60775c2b6,cias_full,363_wheeled_robot_matched_adversarial_identity,363,wheeled_robot,matched_adversarial_identity,0.125,0.0,,71,1
ce570ae60775c2b6,cias_full,364_drone_matched_adversarial_identity,364,drone,matched_adversarial_identity,0.125,0.0,,38,1
ce570ae60775c2b6,cias_full,364_ground_creature_matched_adversarial_identity,364,ground_creature,matched_adversarial_identity,0.125,0.0,,91,1
ce570ae60775c2b6,cias_full,364_virtual_avatar_matched_adversarial_identity,364,virtual_avatar,matched_adversarial_identity,0.125,0.0,,129,1
ce570ae60775c2b6,cias_full,364_wheeled_robot_matched_adversarial_identity,364,wheeled_robot,matched_adversarial_identity,0.125,0.0,,72,1
ce570ae60775c2b6,cias_full,365_drone_matched_adversarial_identity,365,drone,matched_adversarial_identity,0.7083333333333334,0.0,0.0,27,1
ce570ae60775c2b6,cias_full,365_ground_creature_matched_adversarial_identity,365,ground_creature,matched_adversarial_identity,0.125,0.0,,94,1
ce570ae60775c2b6,cias_full,365_virtual_avatar_matched_adversarial_identity,365,virtual_avatar,matched_adversarial_identity,0.125,0.0,,133,1
ce570ae60775c2b6,cias_full,365_wheeled_robot_matched_adversarial_identity,365,wheeled_robot,matched_adversarial_identity,0.125,0.0,,66,1
ce570ae60775c2b6,cias_full,366_drone_matched_adversarial_identity,366,drone,matched_adversarial_identity,0.20833333333333334,0.0,0.0,48,1
ce570ae60775c2b6,cias_full,366_ground_creature_matched_adversarial_identity,366,ground_creature,matched_adversarial_identity,0.125,0.0,,96,1
ce570ae60775c2b6,cias_full,366_virtual_avatar_matched_adversarial_identity,366,virtual_avatar,matched_adversarial_identity,0.125,0.0,,134,1
ce570ae60775c2b6,cias_full,366_wheeled_robot_matched_adversarial_identity,366,wheeled_robot,matched_adversarial_identity,0.125,0.0,,68,1
ce570ae60775c2b6,cias_full,367_drone_matched_adversarial_identity,367,drone,matched_adversarial_identity,0.7083333333333334,0.0,0.0,21,1
ce570ae60775c2b6,cias_full,367_ground_creature_matched_adversarial_identity,367,ground_creature,matched_adversarial_identity,0.125,0.0,,102,1
ce570ae60775c2b6,cias_full,367_virtual_avatar_matched_adversarial_identity,367,virtual_avatar,matched_adversarial_identity,0.125,0.0,,131,1
ce570ae60775c2b6,cias_full,367_wheeled_robot_matched_adversarial_identity,367,wheeled_robot,matched_adversarial_identity,0.125,0.0,,70,1
ce570ae60775c2b6,cias_full,368_drone_matched_adversarial_identity,368,drone,matched_adversarial_identity,0.3888888888888889,0.0,0.0,40,1
ce570ae60775c2b6,cias_full,368_ground_creature_matched_adversarial_identity,368,ground_creature,matched_adversarial_identity,0.125,0.0,,99,1
ce570ae60775c2b6,cias_full,368_virtual_avatar_matched_adversarial_identity,368,virtual_avatar,matched_adversarial_identity,0.125,0.0,,135,1
ce570ae60775c2b6,cias_full,368_wheeled_robot_matched_adversarial_identity,368,wheeled_robot,matched_adversarial_identity,0.125,0.0,,67,1
ce570ae60775c2b6,cias_full,369_drone_matched_adversarial_identity,369,drone,matched_adversarial_identity,0.1111111111111111,0.0,,40,1
ce570ae60775c2b6,cias_full,369_ground_creature_matched_adversarial_identity,369,ground_creature,matched_adversarial_identity,0.125,0.0,,92,1
ce570ae60775c2b6,cias_full,369_virtual_avatar_matched_adversarial_identity,369,virtual_avatar,matched_adversarial_identity,0.125,0.0,,130,1
ce570ae60775c2b6,cias_full,369_wheeled_robot_matched_adversarial_identity,369,wheeled_robot,matched_adversarial_identity,0.125,0.0,,59,1
ce570ae60775c2b6,cias_full,370_drone_matched_adversarial_identity,370,drone,matched_adversarial_identity,0.7222222222222222,0.0,0.0,31,1
ce570ae60775c2b6,cias_full,370_ground_creature_matched_adversarial_identity,370,ground_creature,matched_adversarial_identity,0.125,0.0,,99,1
ce570ae60775c2b6,cias_full,370_virtual_avatar_matched_adversarial_identity,370,virtual_avatar,matched_adversarial_identity,0.125,0.0,,132,1
ce570ae60775c2b6,cias_full,370_wheeled_robot_matched_adversarial_identity,370,wheeled_robot,matched_adversarial_identity,0.125,0.0,,67,1
ce570ae60775c2b6,cias_full,371_drone_matched_adversarial_identity,371,drone,matched_adversarial_identity,0.125,0.0,,40,1
ce570ae60775c2b6,cias_full,371_ground_creature_matched_adversarial_identity,371,ground_creature,matched_adversarial_identity,0.125,0.0,,96,1
ce570ae60775c2b6,cias_full,371_virtual_avatar_matched_adversarial_identity,371,virtual_avatar,matched_adversarial_identity,0.125,0.0,,132,1
ce570ae60775c2b6,cias_full,371_wheeled_robot_matched_adversarial_identity,371,wheeled_robot,matched_adversarial_identity,0.125,0.0,,68,1
ce570ae60775c2b6,cias_full,372_drone_matched_adversarial_identity,372,drone,matched_adversarial_identity,0.19444444444444445,0.0,0.0,40,1
ce570ae60775c2b6,cias_full,372_ground_creature_matched_adversarial_identity,372,ground_creature,matched_adversarial_identity,0.125,0.0,,98,1
ce570ae60775c2b6,cias_full,372_virtual_avatar_matched_adversarial_identity,372,virtual_avatar,matched_adversarial_identity,0.125,0.0,,131,1
ce570ae60775c2b6,cias_full,372_wheeled_robot_matched_adversarial_identity,372,wheeled_robot,matched_adversarial_identity,0.125,0.0,,70,1
ce570ae60775c2b6,cias_full,373_drone_matched_adversarial_identity,373,drone,matched_adversarial_identity,0.19444444444444445,0.0,0.0,39,1
ce570ae60775c2b6,cias_full,373_ground_creature_matched_adversarial_identity,373,ground_creature,matched_adversarial_identity,0.125,0.0,,91,1
ce570ae60775c2b6,cias_full,373_virtual_avatar_matched_adversarial_identity,373,virtual_avatar,matched_adversarial_identity,0.125,0.0,,132,1
ce570ae60775c2b6,cias_full,373_wheeled_robot_matched_adversarial_identity,373,wheeled_robot,matched_adversarial_identity,0.125,0.0,,61,1
ce570ae60775c2b6,cias_full,374_drone_matched_adversarial_identity,374,drone,matched_adversarial_identity,0.125,0.0,,45,1
ce570ae60775c2b6,cias_full,374_ground_creature_matched_adversarial_identity,374,ground_creature,matched_adversarial_identity,0.125,0.0,,101,1
ce570ae60775c2b6,cias_full,374_virtual_avatar_matched_adversarial_identity,374,virtual_avatar,matched_adversarial_identity,0.125,0.0,,131,1
ce570ae60775c2b6,cias_full,374_wheeled_robot_matched_adversarial_identity,374,wheeled_robot,matched_adversarial_identity,0.125,0.0,,65,1
ce570ae60775c2b6,cias_full,375_drone_matched_adversarial_identity,375,drone,matched_adversarial_identity,0.6111111111111112,0.09722222222222222,0.7000000000000001,18,1
ce570ae60775c2b6,cias_full,375_ground_creature_matched_adversarial_identity,375,ground_creature,matched_adversarial_identity,0.125,0.0,,103,1
ce570ae60775c2b6,cias_full,375_virtual_avatar_matched_adversarial_identity,375,virtual_avatar,matched_adversarial_identity,0.125,0.0,,132,1
ce570ae60775c2b6,cias_full,375_wheeled_robot_matched_adversarial_identity,375,wheeled_robot,matched_adversarial_identity,0.125,0.0,,65,1
ce570ae60775c2b6,cias_full,376_drone_matched_adversarial_identity,376,drone,matched_adversarial_identity,0.18055555555555555,0.0,0.0,36,1
ce570ae60775c2b6,cias_full,376_ground_creature_matched_adversarial_identity,376,ground_creature,matched_adversarial_identity,0.125,0.0,,95,1
ce570ae60775c2b6,cias_full,376_virtual_avatar_matched_adversarial_identity,376,virtual_avatar,matched_adversarial_identity,0.125,0.0,,131,1
ce570ae60775c2b6,cias_full,376_wheeled_robot_matched_adversarial_identity,376,wheeled_robot,matched_adversarial_identity,0.125,0.0,,70,1
ce570ae60775c2b6,cias_full,377_drone_matched_adversarial_identity,377,drone,matched_adversarial_identity,0.3055555555555556,0.0,0.0,39,1
ce570ae60775c2b6,cias_full,377_ground_creature_matched_adversarial_identity,377,ground_creature,matched_adversarial_identity,0.125,0.0,,94,1
ce570ae60775c2b6,cias_full,377_virtual_avatar_matched_adversarial_identity,377,virtual_avatar,matched_adversarial_identity,0.125,0.0,,128,1
ce570ae60775c2b6,cias_full,377_wheeled_robot_matched_adversarial_identity,377,wheeled_robot,matched_adversarial_identity,0.125,0.0,,67,1
ce570ae60775c2b6,cias_full,378_drone_matched_adversarial_identity,378,drone,matched_adversarial_identity,0.125,0.0,,42,1
ce570ae60775c2b6,cias_full,378_ground_creature_matched_adversarial_identity,378,ground_creature,matched_adversarial_identity,0.125,0.0,,91,1
ce570ae60775c2b6,cias_full,378_virtual_avatar_matched_adversarial_identity,378,virtual_avatar,matched_adversarial_identity,0.1388888888888889,0.0,,134,1
ce570ae60775c2b6,cias_full,378_wheeled_robot_matched_adversarial_identity,378,wheeled_robot,matched_adversarial_identity,0.19444444444444445,0.0,0.0,65,1
ce570ae60775c2b6,cias_full,379_drone_matched_adversarial_identity,379,drone,matched_adversarial_identity,0.6805555555555556,0.0,0.0,30,1
ce570ae60775c2b6,cias_full,379_ground_creature_matched_adversarial_identity,379,ground_creature,matched_adversarial_identity,0.125,0.0,,104,1
ce570ae60775c2b6,cias_full,379_virtual_avatar_matched_adversarial_identity,379,virtual_avatar,matched_adversarial_identity,0.125,0.0,,130,1
ce570ae60775c2b6,cias_full,379_wheeled_robot_matched_adversarial_identity,379,wheeled_robot,matched_adversarial_identity,0.125,0.0,,71,1
ce570ae60775c2b6,cias_full,380_drone_matched_adversarial_identity,380,drone,matched_adversarial_identity,0.18055555555555555,0.013888888888888888,,42,1
ce570ae60775c2b6,cias_full,380_ground_creature_matched_adversarial_identity,380,ground_creature,matched_adversarial_identity,0.125,0.0,,95,1
ce570ae60775c2b6,cias_full,380_virtual_avatar_matched_adversarial_identity,380,virtual_avatar,matched_adversarial_identity,0.1388888888888889,0.0,,128,1
ce570ae60775c2b6,cias_full,380_wheeled_robot_matched_adversarial_identity,380,wheeled_robot,matched_adversarial_identity,0.125,0.0,,71,1
ce570ae60775c2b6,cias_full,381_drone_matched_adversarial_identity,381,drone,matched_adversarial_identity,0.7083333333333334,0.0,0.0,28,1
ce570ae60775c2b6,cias_full,381_ground_creature_matched_adversarial_identity,381,ground_creature,matched_adversarial_identity,0.125,0.0,,99,1
ce570ae60775c2b6,cias_full,381_virtual_avatar_matched_adversarial_identity,381,virtual_avatar,matched_adversarial_identity,0.125,0.0,,130,1
ce570ae60775c2b6,cias_full,381_wheeled_robot_matched_adversarial_identity,381,wheeled_robot,matched_adversarial_identity,0.125,0.0,,68,1
ce570ae60775c2b6,cias_full,382_drone_matched_adversarial_identity,382,drone,matched_adversarial_identity,0.2777777777777778,0.0,0.0,41,1
ce570ae60775c2b6,cias_full,382_ground_creature_matched_adversarial_identity,382,ground_creature,matched_adversarial_identity,0.125,0.0,,98,1
ce570ae60775c2b6,cias_full,382_virtual_avatar_matched_adversarial_identity,382,virtual_avatar,matched_adversarial_identity,0.125,0.0,,132,1
ce570ae60775c2b6,cias_full,382_wheeled_robot_matched_adversarial_identity,382,wheeled_robot,matched_adversarial_identity,0.125,0.0,,71,1
ce570ae60775c2b6,cias_full,383_drone_matched_adversarial_identity,383,drone,matched_adversarial_identity,0.125,0.0,,38,1
ce570ae60775c2b6,cias_full,383_ground_creature_matched_adversarial_identity,383,ground_creature,matched_adversarial_identity,0.125,0.0,,90,1
ce570ae60775c2b6,cias_full,383_virtual_avatar_matched_adversarial_identity,383,virtual_avatar,matched_adversarial_identity,0.125,0.0,,130,1
ce570ae60775c2b6,cias_full,383_wheeled_robot_matched_adversarial_identity,383,wheeled_robot,matched_adversarial_identity,0.125,0.0,,68,1
ce570ae60775c2b6,cias_full,384_drone_matched_adversarial_identity,384,drone,matched_adversarial_identity,0.20833333333333334,0.0,0.0,34,1
ce570ae60775c2b6,cias_full,384_ground_creature_matched_adversarial_identity,384,ground_creature,matched_adversarial_identity,0.125,0.0,,99,1
ce570ae60775c2b6,cias_full,384_virtual_avatar_matched_adversarial_identity,384,virtual_avatar,matched_adversarial_identity,0.125,0.0,,130,1
ce570ae60775c2b6,cias_full,384_wheeled_robot_matched_adversarial_identity,384,wheeled_robot,matched_adversarial_identity,0.125,0.0,,65,1
ce570ae60775c2b6,cias_full,385_drone_matched_adversarial_identity,385,drone,matched_adversarial_identity,0.3055555555555556,0.0,0.0,40,1
ce570ae60775c2b6,cias_full,385_ground_creature_matched_adversarial_identity,385,ground_creature,matched_adversarial_identity,0.125,0.0,,90,1
ce570ae60775c2b6,cias_full,385_virtual_avatar_matched_adversarial_identity,385,virtual_avatar,matched_adversarial_identity,0.125,0.0,,131,1
ce570ae60775c2b6,cias_full,385_wheeled_robot_matched_adversarial_identity,385,wheeled_robot,matched_adversarial_identity,0.125,0.0,,64,1
ce570ae60775c2b6,cias_full,386_drone_matched_adversarial_identity,386,drone,matched_adversarial_identity,0.19444444444444445,0.0,0.0,44,1
ce570ae60775c2b6,cias_full,386_ground_creature_matched_adversarial_identity,386,ground_creature,matched_adversarial_identity,0.125,0.0,,97,1
ce570ae60775c2b6,cias_full,386_virtual_avatar_matched_adversarial_identity,386,virtual_avatar,matched_adversarial_identity,0.125,0.0,,130,1
ce570ae60775c2b6,cias_full,386_wheeled_robot_matched_adversarial_identity,386,wheeled_robot,matched_adversarial_identity,0.125,0.0,,67,1
ce570ae60775c2b6,cias_full,387_drone_matched_adversarial_identity,387,drone,matched_adversarial_identity,0.2916666666666667,0.0,0.0,34,1
ce570ae60775c2b6,cias_full,387_ground_creature_matched_adversarial_identity,387,ground_creature,matched_adversarial_identity,0.125,0.0,,93,1
ce570ae60775c2b6,cias_full,387_virtual_avatar_matched_adversarial_identity,387,virtual_avatar,matched_adversarial_identity,0.125,0.0,,130,1
ce570ae60775c2b6,cias_full,387_wheeled_robot_matched_adversarial_identity,387,wheeled_robot,matched_adversarial_identity,0.125,0.0,,71,1
ce570ae60775c2b6,cias_full,388_drone_matched_adversarial_identity,388,drone,matched_adversarial_identity,0.375,0.0,0.0,40,1
ce570ae60775c2b6,cias_full,388_ground_creature_matched_adversarial_identity,388,ground_creature,matched_adversarial_identity,0.125,0.0,,100,1
ce570ae60775c2b6,cias_full,388_virtual_avatar_matched_adversarial_identity,388,virtual_avatar,matched_adversarial_identity,0.125,0.0,,132,1
ce570ae60775c2b6,cias_full,388_wheeled_robot_matched_adversarial_identity,388,wheeled_robot,matched_adversarial_identity,0.125,0.0,,67,1
ce570ae60775c2b6,cias_full,389_drone_matched_adversarial_identity,389,drone,matched_adversarial_identity,0.19444444444444445,0.0,0.0,46,1
ce570ae60775c2b6,cias_full,389_ground_creature_matched_adversarial_identity,389,ground_creature,matched_adversarial_identity,0.125,0.0,,94,1
ce570ae60775c2b6,cias_full,389_virtual_avatar_matched_adversarial_identity,389,virtual_avatar,matched_adversarial_identity,0.125,0.0,,133,1
ce570ae60775c2b6,cias_full,389_wheeled_robot_matched_adversarial_identity,389,wheeled_robot,matched_adversarial_identity,0.125,0.0,,69,1
ce570ae60775c2b6,cias_full,390_drone_matched_adversarial_identity,390,drone,matched_adversarial_identity,0.19444444444444445,0.0,0.0,31,1
ce570ae60775c2b6,cias_full,390_ground_creature_matched_adversarial_identity,390,ground_creature,matched_adversarial_identity,0.125,0.0,,88,1
ce570ae60775c2b6,cias_full,390_virtual_avatar_matched_adversarial_identity,390,virtual_avatar,matched_adversarial_identity,0.125,0.0,,130,1
ce570ae60775c2b6,cias_full,390_wheeled_robot_matched_adversarial_identity,390,wheeled_robot,matched_adversarial_identity,0.125,0.0,,66,1
ce570ae60775c2b6,cias_no_persistent_self,361_drone_matched_adversarial_identity,361,drone,matched_adversarial_identity,0.0,0.6666666666666666,,4,0
ce570ae60775c2b6,cias_no_persistent_self,361_ground_creature_matched_adversarial_identity,361,ground_creature,matched_adversarial_identity,0.0,0.6666666666666666,,4,0
ce570ae60775c2b6,cias_no_persistent_self,361_virtual_avatar_matched_adversarial_identity,361,virtual_avatar,matched_adversarial_identity,0.0,0.6666666666666666,,4,0
ce570ae60775c2b6,cias_no_persistent_self,361_wheeled_robot_matched_adversarial_identity,361,wheeled_robot,matched_adversarial_identity,0.0,0.6666666666666666,,4,0
ce570ae60775c2b6,cias_no_persistent_self,362_drone_matched_adversarial_identity,362,drone,matched_adversarial_identity,0.0,0.6666666666666666,,4,0
ce570ae60775c2b6,cias_no_persistent_self,362_ground_creature_matched_adversarial_identity,362,ground_creature,matched_adversarial_identity,0.0,0.6666666666666666,,4,0
ce570ae60775c2b6,cias_no_persistent_self,362_virtual_avatar_matched_adversarial_identity,362,virtual_avatar,matched_adversarial_identity,0.0,0.6666666666666666,,4,0
ce570ae60775c2b6,cias_no_persistent_self,362_wheeled_robot_matched_adversarial_identity,362,wheeled_robot,matched_adversarial_identity,0.0,0.6666666666666666,,4,0
ce570ae60775c2b6,cias_no_persistent_self,363_drone_matched_adversarial_identity,363,drone,matched_adversarial_identity,0.0,0.6666666666666666,,4,0
ce570ae60775c2b6,cias_no_persistent_self,363_ground_creature_matched_adversarial_identity,363,ground_creature,matched_adversarial_identity,0.0,0.6666666666666666,,4,0
ce570ae60775c2b6,cias_no_persistent_self,363_virtual_avatar_matched_adversarial_identity,363,virtual_avatar,matched_adversarial_identity,0.0,0.6666666666666666,,4,0
ce570ae60775c2b6,cias_no_persistent_self,363_wheeled_robot_matched_adversarial_identity,363,wheeled_robot,matched_adversarial_identity,0.0,0.6666666666666666,,4,0
ce570ae60775c2b6,cias_no_persistent_self,364_drone_matched_adversarial_identity,364,drone,matched_adversarial_identity,0.0,0.6666666666666666,,4,0
ce570ae60775c2b6,cias_no_persistent_self,364_ground_creature_matched_adversarial_identity,364,ground_creature,matched_adversarial_identity,0.0,0.6666666666666666,,4,0
ce570ae60775c2b6,cias_no_persistent_self,364_virtual_avatar_matched_adversarial_identity,364,virtual_avatar,matched_adversarial_identity,0.0,0.6666666666666666,,4,0
ce570ae60775c2b6,cias_no_persistent_self,364_wheeled_robot_matched_adversarial_identity,364,wheeled_robot,matched_adversarial_identity,0.0,0.6666666666666666,,4,0
ce570ae60775c2b6,cias_no_persistent_self,365_drone_matched_adversarial_identity,365,drone,matched_adversarial_identity,0.0,0.6666666666666666,,4,0
ce570ae60775c2b6,cias_no_persistent_self,365_ground_creature_matched_adversarial_identity,365,ground_creature,matched_adversarial_identity,0.0,0.6666666666666666,,4,0
ce570ae60775c2b6,cias_no_persistent_self,365_virtual_avatar_matched_adversarial_identity,365,virtual_avatar,matched_adversarial_identity,0.0,0.6666666666666666,,4,0
ce570ae60775c2b6,cias_no_persistent_self,365_wheeled_robot_matched_adversarial_identity,365,wheeled_robot,matched_adversarial_identity,0.0,0.6666666666666666,,4,0
ce570ae60775c2b6,cias_no_persistent_self,366_drone_matched_adversarial_identity,366,drone,matched_adversarial_identity,0.0,0.6666666666666666,,4,0
ce570ae60775c2b6,cias_no_persistent_self,366_ground_creature_matched_adversarial_identity,366,ground_creature,matched_adversarial_identity,0.0,0.6666666666666666,,4,0
ce570ae60775c2b6,cias_no_persistent_self,366_virtual_avatar_matched_adversarial_identity,366,virtual_avatar,matched_adversarial_identity,1.0,0.0,0.0,3,1
ce570ae60775c2b6,cias_no_persistent_self,366_wheeled_robot_matched_adversarial_identity,366,wheeled_robot,matched_adversarial_identity,0.0,0.6666666666666666,,4,0
ce570ae60775c2b6,cias_no_persistent_self,367_drone_matched_adversarial_identity,367,drone,matched_adversarial_identity,0.0,0.6666666666666666,,4,0
ce570ae60775c2b6,cias_no_persistent_self,367_ground_creature_matched_adversarial_identity,367,ground_creature,matched_adversarial_identity,0.0,0.6666666666666666,,4,0
ce570ae60775c2b6,cias_no_persistent_self,367_virtual_avatar_matched_adversarial_identity,367,virtual_avatar,matched_adversarial_identity,1.0,0.0,0.0,3,1
ce570ae60775c2b6,cias_no_persistent_self,367_wheeled_robot_matched_adversarial_identity,367,wheeled_robot,matched_adversarial_identity,0.0,0.6666666666666666,,4,0
ce570ae60775c2b6,cias_no_persistent_self,368_drone_matched_adversarial_identity,368,drone,matched_adversarial_identity,0.0,0.6666666666666666,,4,0
ce570ae60775c2b6,cias_no_persistent_self,368_ground_creature_matched_adversarial_identity,368,ground_creature,matched_adversarial_identity,1.0,0.0,0.0,3,1
ce570ae60775c2b6,cias_no_persistent_self,368_virtual_avatar_matched_adversarial_identity,368,virtual_avatar,matched_adversarial_identity,1.0,0.0,0.0,3,1
ce570ae60775c2b6,cias_no_persistent_self,368_wheeled_robot_matched_adversarial_identity,368,wheeled_robot,matched_adversarial_identity,0.0,0.6666666666666666,,4,0
ce570ae60775c2b6,cias_no_persistent_self,369_drone_matched_adversarial_identity,369,drone,matched_adversarial_identity,0.0,0.6666666666666666,,4,0
ce570ae60775c2b6,cias_no_persistent_self,369_ground_creature_matched_adversarial_identity,369,ground_creature,matched_adversarial_identity,0.0,0.6666666666666666,,4,0
ce570ae60775c2b6,cias_no_persistent_self,369_virtual_avatar_matched_adversarial_identity,369,virtual_avatar,matched_adversarial_identity,1.0,0.0,0.0,3,1
ce570ae60775c2b6,cias_no_persistent_self,369_wheeled_robot_matched_adversarial_identity,369,wheeled_robot,matched_adversarial_identity,0.0,0.6666666666666666,,4,0
ce570ae60775c2b6,cias_no_persistent_self,370_drone_matched_adversarial_identity,370,drone,matched_adversarial_identity,0.0,0.6666666666666666,,4,0
ce570ae60775c2b6,cias_no_persistent_self,370_ground_creature_matched_adversarial_identity,370,ground_creature,matched_adversarial_identity,0.0,0.6666666666666666,,4,0
ce570ae60775c2b6,cias_no_persistent_self,370_virtual_avatar_matched_adversarial_identity,370,virtual_avatar,matched_adversarial_identity,1.0,0.0,0.0,3,1
ce570ae60775c2b6,cias_no_persistent_self,370_wheeled_robot_matched_adversarial_identity,370,wheeled_robot,matched_adversarial_identity,0.0,0.6666666666666666,,4,0
ce570ae60775c2b6,cias_no_persistent_self,371_drone_matched_adversarial_identity,371,drone,matched_adversarial_identity,0.0,0.6666666666666666,,4,0
ce570ae60775c2b6,cias_no_persistent_self,371_ground_creature_matched_adversarial_identity,371,ground_creature,matched_adversarial_identity,1.0,0.0,0.0,3,1
ce570ae60775c2b6,cias_no_persistent_self,371_virtual_avatar_matched_adversarial_identity,371,virtual_avatar,matched_adversarial_identity,1.0,0.0,0.0,3,1
ce570ae60775c2b6,cias_no_persistent_self,371_wheeled_robot_matched_adversarial_identity,371,wheeled_robot,matched_adversarial_identity,1.0,0.0,0.0,3,1
ce570ae60775c2b6,cias_no_persistent_self,372_drone_matched_adversarial_identity,372,drone,matched_adversarial_identity,0.0,0.6666666666666666,,4,0
ce570ae60775c2b6,cias_no_persistent_self,372_ground_creature_matched_adversarial_identity,372,ground_creature,matched_adversarial_identity,0.0,0.6666666666666666,,4,0
ce570ae60775c2b6,cias_no_persistent_self,372_virtual_avatar_matched_adversarial_identity,372,virtual_avatar,matched_adversarial_identity,0.0,0.6666666666666666,,4,0
ce570ae60775c2b6,cias_no_persistent_self,372_wheeled_robot_matched_adversarial_identity,372,wheeled_robot,matched_adversarial_identity,0.0,0.6666666666666666,,4,0
ce570ae60775c2b6,cias_no_persistent_self,373_drone_matched_adversarial_identity,373,drone,matched_adversarial_identity,0.0,0.6666666666666666,,4,0
ce570ae60775c2b6,cias_no_persistent_self,373_ground_creature_matched_adversarial_identity,373,ground_creature,matched_adversarial_identity,0.0,0.6666666666666666,,4,0
ce570ae60775c2b6,cias_no_persistent_self,373_virtual_avatar_matched_adversarial_identity,373,virtual_avatar,matched_adversarial_identity,0.0,0.6666666666666666,,4,0
ce570ae60775c2b6,cias_no_persistent_self,373_wheeled_robot_matched_adversarial_identity,373,wheeled_robot,matched_adversarial_identity,0.0,0.6666666666666666,,4,0
ce570ae60775c2b6,cias_no_persistent_self,374_drone_matched_adversarial_identity,374,drone,matched_adversarial_identity,0.0,0.6666666666666666,,4,0
ce570ae60775c2b6,cias_no_persistent_self,374_ground_creature_matched_adversarial_identity,374,ground_creature,matched_adversarial_identity,0.0,0.6666666666666666,,4,0
ce570ae60775c2b6,cias_no_persistent_self,374_virtual_avatar_matched_adversarial_identity,374,virtual_avatar,matched_adversarial_identity,0.0,0.6666666666666666,,4,0
ce570ae60775c2b6,cias_no_persistent_self,374_wheeled_robot_matched_adversarial_identity,374,wheeled_robot,matched_adversarial_identity,0.0,0.6666666666666666,,4,0
ce570ae60775c2b6,cias_no_persistent_self,375_drone_matched_adversarial_identity,375,drone,matched_adversarial_identity,0.0,0.6666666666666666,,4,0
ce570ae60775c2b6,cias_no_persistent_self,375_ground_creature_matched_adversarial_identity,375,ground_creature,matched_adversarial_identity,0.0,0.6666666666666666,,4,0
ce570ae60775c2b6,cias_no_persistent_self,375_virtual_avatar_matched_adversarial_identity,375,virtual_avatar,matched_adversarial_identity,0.0,0.6666666666666666,,4,0
ce570ae60775c2b6,cias_no_persistent_self,375_wheeled_robot_matched_adversarial_identity,375,wheeled_robot,matched_adversarial_identity,0.0,0.6666666666666666,,4,0
ce570ae60775c2b6,cias_no_persistent_self,376_drone_matched_adversarial_identity,376,drone,matched_adversarial_identity,0.0,0.6666666666666666,,4,0
ce570ae60775c2b6,cias_no_persistent_self,376_ground_creature_matched_adversarial_identity,376,ground_creature,matched_adversarial_identity,0.0,0.6666666666666666,,4,0
ce570ae60775c2b6,cias_no_persistent_self,376_virtual_avatar_matched_adversarial_identity,376,virtual_avatar,matched_adversarial_identity,0.0,0.6666666666666666,,4,0
ce570ae60775c2b6,cias_no_persistent_self,376_wheeled_robot_matched_adversarial_identity,376,wheeled_robot,matched_adversarial_identity,0.0,0.6666666666666666,,4,0
ce570ae60775c2b6,cias_no_persistent_self,377_drone_matched_adversarial_identity,377,drone,matched_adversarial_identity,0.0,0.6666666666666666,,4,0
ce570ae60775c2b6,cias_no_persistent_self,377_ground_creature_matched_adversarial_identity,377,ground_creature,matched_adversarial_identity,0.0,0.6666666666666666,,4,0
ce570ae60775c2b6,cias_no_persistent_self,377_virtual_avatar_matched_adversarial_identity,377,virtual_avatar,matched_adversarial_identity,0.0,0.6666666666666666,,4,0
ce570ae60775c2b6,cias_no_persistent_self,377_wheeled_robot_matched_adversarial_identity,377,wheeled_robot,matched_adversarial_identity,0.0,0.6666666666666666,,4,0
ce570ae60775c2b6,cias_no_persistent_self,378_drone_matched_adversarial_identity,378,drone,matched_adversarial_identity,0.0,0.6666666666666666,,4,0
ce570ae60775c2b6,cias_no_persistent_self,378_ground_creature_matched_adversarial_identity,378,ground_creature,matched_adversarial_identity,0.0,0.6666666666666666,,4,0
ce570ae60775c2b6,cias_no_persistent_self,378_virtual_avatar_matched_adversarial_identity,378,virtual_avatar,matched_adversarial_identity,0.0,0.6666666666666666,,4,0
ce570ae60775c2b6,cias_no_persistent_self,378_wheeled_robot_matched_adversarial_identity,378,wheeled_robot,matched_adversarial_identity,0.0,0.6666666666666666,,4,0
ce570ae60775c2b6,cias_no_persistent_self,379_drone_matched_adversarial_identity,379,drone,matched_adversarial_identity,0.0,0.6666666666666666,,4,0
ce570ae60775c2b6,cias_no_persistent_self,379_ground_creature_matched_adversarial_identity,379,ground_creature,matched_adversarial_identity,0.0,0.6666666666666666,,4,0
ce570ae60775c2b6,cias_no_persistent_self,379_virtual_avatar_matched_adversarial_identity,379,virtual_avatar,matched_adversarial_identity,0.0,0.6666666666666666,,4,0
ce570ae60775c2b6,cias_no_persistent_self,379_wheeled_robot_matched_adversarial_identity,379,wheeled_robot,matched_adversarial_identity,0.0,0.6666666666666666,,4,0
ce570ae60775c2b6,cias_no_persistent_self,380_drone_matched_adversarial_identity,380,drone,matched_adversarial_identity,0.0,0.6666666666666666,,4,0
ce570ae60775c2b6,cias_no_persistent_self,380_ground_creature_matched_adversarial_identity,380,ground_creature,matched_adversarial_identity,0.0,0.6666666666666666,,4,0
ce570ae60775c2b6,cias_no_persistent_self,380_virtual_avatar_matched_adversarial_identity,380,virtual_avatar,matched_adversarial_identity,0.0,0.6666666666666666,,4,0
ce570ae60775c2b6,cias_no_persistent_self,380_wheeled_robot_matched_adversarial_identity,380,wheeled_robot,matched_adversarial_identity,0.0,0.6666666666666666,,4,0
ce570ae60775c2b6,cias_no_persistent_self,381_drone_matched_adversarial_identity,381,drone,matched_adversarial_identity,0.0,0.6666666666666666,,4,0
ce570ae60775c2b6,cias_no_persistent_self,381_ground_creature_matched_adversarial_identity,381,ground_creature,matched_adversarial_identity,0.0,0.6666666666666666,,4,0
ce570ae60775c2b6,cias_no_persistent_self,381_virtual_avatar_matched_adversarial_identity,381,virtual_avatar,matched_adversarial_identity,0.0,0.6666666666666666,,4,0
ce570ae60775c2b6,cias_no_persistent_self,381_wheeled_robot_matched_adversarial_identity,381,wheeled_robot,matched_adversarial_identity,0.0,0.6666666666666666,,4,0
ce570ae60775c2b6,cias_no_persistent_self,382_drone_matched_adversarial_identity,382,drone,matched_adversarial_identity,0.0,0.6666666666666666,,4,0
ce570ae60775c2b6,cias_no_persistent_self,382_ground_creature_matched_adversarial_identity,382,ground_creature,matched_adversarial_identity,0.0,0.6666666666666666,,4,0
ce570ae60775c2b6,cias_no_persistent_self,382_virtual_avatar_matched_adversarial_identity,382,virtual_avatar,matched_adversarial_identity,0.0,0.6666666666666666,,4,0
ce570ae60775c2b6,cias_no_persistent_self,382_wheeled_robot_matched_adversarial_identity,382,wheeled_robot,matched_adversarial_identity,0.0,0.6666666666666666,,4,0
ce570ae60775c2b6,cias_no_persistent_self,383_drone_matched_adversarial_identity,383,drone,matched_adversarial_identity,0.0,0.6666666666666666,,4,0
ce570ae60775c2b6,cias_no_persistent_self,383_ground_creature_matched_adversarial_identity,383,ground_creature,matched_adversarial_identity,0.0,0.6666666666666666,,4,0
ce570ae60775c2b6,cias_no_persistent_self,383_virtual_avatar_matched_adversarial_identity,383,virtual_avatar,matched_adversarial_identity,0.0,0.6666666666666666,,4,0
ce570ae60775c2b6,cias_no_persistent_self,383_wheeled_robot_matched_adversarial_identity,383,wheeled_robot,matched_adversarial_identity,0.0,0.6666666666666666,,4,0
ce570ae60775c2b6,cias_no_persistent_self,384_drone_matched_adversarial_identity,384,drone,matched_adversarial_identity,0.0,0.6666666666666666,,4,0
ce570ae60775c2b6,cias_no_persistent_self,384_ground_creature_matched_adversarial_identity,384,ground_creature,matched_adversarial_identity,0.0,0.6666666666666666,,4,0
ce570ae60775c2b6,cias_no_persistent_self,384_virtual_avatar_matched_adversarial_identity,384,virtual_avatar,matched_adversarial_identity,0.0,0.6666666666666666,,4,0
ce570ae60775c2b6,cias_no_persistent_self,384_wheeled_robot_matched_adversarial_identity,384,wheeled_robot,matched_adversarial_identity,0.0,0.6666666666666666,,4,0
ce570ae60775c2b6,cias_no_persistent_self,385_drone_matched_adversarial_identity,385,drone,matched_adversarial_identity,0.0,0.6666666666666666,,4,0
ce570ae60775c2b6,cias_no_persistent_self,385_ground_creature_matched_adversarial_identity,385,ground_creature,matched_adversarial_identity,0.0,0.6666666666666666,,4,0
ce570ae60775c2b6,cias_no_persistent_self,385_virtual_avatar_matched_adversarial_identity,385,virtual_avatar,matched_adversarial_identity,0.0,0.6666666666666666,,4,0
ce570ae60775c2b6,cias_no_persistent_self,385_wheeled_robot_matched_adversarial_identity,385,wheeled_robot,matched_adversarial_identity,0.0,0.6666666666666666,,4,0
ce570ae60775c2b6,cias_no_persistent_self,386_drone_matched_adversarial_identity,386,drone,matched_adversarial_identity,0.0,0.6666666666666666,,4,0
ce570ae60775c2b6,cias_no_persistent_self,386_ground_creature_matched_adversarial_identity,386,ground_creature,matched_adversarial_identity,0.0,0.6666666666666666,,4,0
ce570ae60775c2b6,cias_no_persistent_self,386_virtual_avatar_matched_adversarial_identity,386,virtual_avatar,matched_adversarial_identity,0.0,0.6666666666666666,,4,0
ce570ae60775c2b6,cias_no_persistent_self,386_wheeled_robot_matched_adversarial_identity,386,wheeled_robot,matched_adversarial_identity,0.0,0.6666666666666666,,4,0
ce570ae60775c2b6,cias_no_persistent_self,387_drone_matched_adversarial_identity,387,drone,matched_adversarial_identity,0.0,0.6666666666666666,,4,0
ce570ae60775c2b6,cias_no_persistent_self,387_ground_creature_matched_adversarial_identity,387,ground_creature,matched_adversarial_identity,0.0,0.6666666666666666,,4,0
ce570ae60775c2b6,cias_no_persistent_self,387_virtual_avatar_matched_adversarial_identity,387,virtual_avatar,matched_adversarial_identity,0.0,0.6666666666666666,,4,0
ce570ae60775c2b6,cias_no_persistent_self,387_wheeled_robot_matched_adversarial_identity,387,wheeled_robot,matched_adversarial_identity,0.0,0.6666666666666666,,4,0
ce570ae60775c2b6,cias_no_persistent_self,388_drone_matched_adversarial_identity,388,drone,matched_adversarial_identity,0.0,0.6666666666666666,,4,0
ce570ae60775c2b6,cias_no_persistent_self,388_ground_creature_matched_adversarial_identity,388,ground_creature,matched_adversarial_identity,0.0,0.6666666666666666,,4,0
ce570ae60775c2b6,cias_no_persistent_self,388_virtual_avatar_matched_adversarial_identity,388,virtual_avatar,matched_adversarial_identity,0.0,0.6666666666666666,,4,0
ce570ae60775c2b6,cias_no_persistent_self,388_wheeled_robot_matched_adversarial_identity,388,wheeled_robot,matched_adversarial_identity,0.0,0.6666666666666666,,4,0
ce570ae60775c2b6,cias_no_persistent_self,389_drone_matched_adversarial_identity,389,drone,matched_adversarial_identity,0.0,0.6666666666666666,,4,0
ce570ae60775c2b6,cias_no_persistent_self,389_ground_creature_matched_adversarial_identity,389,ground_creature,matched_adversarial_identity,1.0,0.0,0.0,3,1
ce570ae60775c2b6,cias_no_persistent_self,389_virtual_avatar_matched_adversarial_identity,389,virtual_avatar,matched_adversarial_identity,1.0,0.0,0.0,3,1
ce570ae60775c2b6,cias_no_persistent_self,389_wheeled_robot_matched_adversarial_identity,389,wheeled_robot,matched_adversarial_identity,0.0,0.6666666666666666,,4,0
ce570ae60775c2b6,cias_no_persistent_self,390_drone_matched_adversarial_identity,390,drone,matched_adversarial_identity,0.0,0.6666666666666666,,4,0
ce570ae60775c2b6,cias_no_persistent_self,390_ground_creature_matched_adversarial_identity,390,ground_creature,matched_adversarial_identity,0.0,0.6666666666666666,,4,0
ce570ae60775c2b6,cias_no_persistent_self,390_virtual_avatar_matched_adversarial_identity,390,virtual_avatar,matched_adversarial_identity,0.0,0.6666666666666666,,4,0
ce570ae60775c2b6,cias_no_persistent_self,390_wheeled_robot_matched_adversarial_identity,390,wheeled_robot,matched_adversarial_identity,0.0,0.6666666666666666,,4,0
dc6413addc7317d8,cias_full,361_drone_matched_adversarial_identity,361,drone,matched_adversarial_identity,0.9305555555555556,0.06944444444444445,0.5,8,1
dc6413addc7317d8,cias_full,361_ground_creature_matched_adversarial_identity,361,ground_creature,matched_adversarial_identity,1.0,0.0,0.0,4,1
dc6413addc7317d8,cias_full,361_virtual_avatar_matched_adversarial_identity,361,virtual_avatar,matched_adversarial_identity,1.0,0.0,0.0,4,1
dc6413addc7317d8,cias_full,361_wheeled_robot_matched_adversarial_identity,361,wheeled_robot,matched_adversarial_identity,1.0,0.0,0.0,4,1
dc6413addc7317d8,cias_full,362_drone_matched_adversarial_identity,362,drone,matched_adversarial_identity,0.9027777777777778,0.09722222222222222,0.7000000000000001,14,1
dc6413addc7317d8,cias_full,362_ground_creature_matched_adversarial_identity,362,ground_creature,matched_adversarial_identity,1.0,0.0,0.0,4,1
dc6413addc7317d8,cias_full,362_virtual_avatar_matched_adversarial_identity,362,virtual_avatar,matched_adversarial_identity,1.0,0.0,0.0,4,1
dc6413addc7317d8,cias_full,362_wheeled_robot_matched_adversarial_identity,362,wheeled_robot,matched_adversarial_identity,1.0,0.0,0.0,4,1
dc6413addc7317d8,cias_full,363_drone_matched_adversarial_identity,363,drone,matched_adversarial_identity,0.625,0.09722222222222222,0.7000000000000001,20,1
dc6413addc7317d8,cias_full,363_ground_creature_matched_adversarial_identity,363,ground_creature,matched_adversarial_identity,1.0,0.0,0.0,4,1
dc6413addc7317d8,cias_full,363_virtual_avatar_matched_adversarial_identity,363,virtual_avatar,matched_adversarial_identity,1.0,0.0,0.0,4,1
dc6413addc7317d8,cias_full,363_wheeled_robot_matched_adversarial_identity,363,wheeled_robot,matched_adversarial_identity,0.9305555555555556,0.06944444444444445,0.5,6,1
dc6413addc7317d8,cias_full,364_drone_matched_adversarial_identity,364,drone,matched_adversarial_identity,0.9027777777777778,0.09722222222222222,0.7000000000000001,14,1
dc6413addc7317d8,cias_full,364_ground_creature_matched_adversarial_identity,364,ground_creature,matched_adversarial_identity,1.0,0.0,0.0,4,1
dc6413addc7317d8,cias_full,364_virtual_avatar_matched_adversarial_identity,364,virtual_avatar,matched_adversarial_identity,1.0,0.0,0.0,2,1
dc6413addc7317d8,cias_full,364_wheeled_robot_matched_adversarial_identity,364,wheeled_robot,matched_adversarial_identity,1.0,0.0,0.0,4,1
dc6413addc7317d8,cias_full,365_drone_matched_adversarial_identity,365,drone,matched_adversarial_identity,0.4166666666666667,0.2916666666666667,2.3000000000000003,20,1
dc6413addc7317d8,cias_full,365_ground_creature_matched_adversarial_identity,365,ground_creature,matched_adversarial_identity,1.0,0.0,0.0,4,1
dc6413addc7317d8,cias_full,365_virtual_avatar_matched_adversarial_identity,365,virtual_avatar,matched_adversarial_identity,1.0,0.0,0.0,4,1
dc6413addc7317d8,cias_full,365_wheeled_robot_matched_adversarial_identity,365,wheeled_robot,matched_adversarial_identity,1.0,0.0,0.0,4,1
dc6413addc7317d8,cias_full,366_drone_matched_adversarial_identity,366,drone,matched_adversarial_identity,0.6666666666666666,0.08333333333333333,0.6000000000000001,18,1
dc6413addc7317d8,cias_full,366_ground_creature_matched_adversarial_identity,366,ground_creature,matched_adversarial_identity,1.0,0.0,0.0,4,1
dc6413addc7317d8,cias_full,366_virtual_avatar_matched_adversarial_identity,366,virtual_avatar,matched_adversarial_identity,1.0,0.0,0.0,4,1
dc6413addc7317d8,cias_full,366_wheeled_robot_matched_adversarial_identity,366,wheeled_robot,matched_adversarial_identity,0.9305555555555556,0.06944444444444445,0.5,8,1
dc6413addc7317d8,cias_full,367_drone_matched_adversarial_identity,367,drone,matched_adversarial_identity,0.6111111111111112,0.09722222222222222,0.7000000000000001,18,1
dc6413addc7317d8,cias_full,367_ground_creature_matched_adversarial_identity,367,ground_creature,matched_adversarial_identity,1.0,0.0,0.0,4,1
dc6413addc7317d8,cias_full,367_virtual_avatar_matched_adversarial_identity,367,virtual_avatar,matched_adversarial_identity,1.0,0.0,0.0,4,1
dc6413addc7317d8,cias_full,367_wheeled_robot_matched_adversarial_identity,367,wheeled_robot,matched_adversarial_identity,1.0,0.0,0.0,4,1
dc6413addc7317d8,cias_full,368_drone_matched_adversarial_identity,368,drone,matched_adversarial_identity,0.5555555555555556,0.19444444444444445,1.5,22,1
dc6413addc7317d8,cias_full,368_ground_creature_matched_adversarial_identity,368,ground_creature,matched_adversarial_identity,1.0,0.0,0.0,4,1
dc6413addc7317d8,cias_full,368_virtual_avatar_matched_adversarial_identity,368,virtual_avatar,matched_adversarial_identity,1.0,0.0,0.0,4,1
dc6413addc7317d8,cias_full,368_wheeled_robot_matched_adversarial_identity,368,wheeled_robot,matched_adversarial_identity,0.9166666666666666,0.08333333333333333,0.6000000000000001,10,1
dc6413addc7317d8,cias_full,369_drone_matched_adversarial_identity,369,drone,matched_adversarial_identity,0.625,0.09722222222222222,0.7000000000000001,20,1
dc6413addc7317d8,cias_full,369_ground_creature_matched_adversarial_identity,369,ground_creature,matched_adversarial_identity,1.0,0.0,0.0,2,1
dc6413addc7317d8,cias_full,369_virtual_avatar_matched_adversarial_identity,369,virtual_avatar,matched_adversarial_identity,1.0,0.0,0.0,4,1
dc6413addc7317d8,cias_full,369_wheeled_robot_matched_adversarial_identity,369,wheeled_robot,matched_adversarial_identity,1.0,0.0,0.0,4,1
dc6413addc7317d8,cias_full,370_drone_matched_adversarial_identity,370,drone,matched_adversarial_identity,0.6388888888888888,0.09722222222222222,0.7000000000000001,22,1
dc6413addc7317d8,cias_full,370_ground_creature_matched_adversarial_identity,370,ground_creature,matched_adversarial_identity,1.0,0.0,0.0,4,1
dc6413addc7317d8,cias_full,370_virtual_avatar_matched_adversarial_identity,370,virtual_avatar,matched_adversarial_identity,1.0,0.0,0.0,4,1
dc6413addc7317d8,cias_full,370_wheeled_robot_matched_adversarial_identity,370,wheeled_robot,matched_adversarial_identity,1.0,0.0,0.0,4,1
dc6413addc7317d8,cias_full,371_drone_matched_adversarial_identity,371,drone,matched_adversarial_identity,0.7222222222222222,0.0,0.0,12,1
dc6413addc7317d8,cias_full,371_ground_creature_matched_adversarial_identity,371,ground_creature,matched_adversarial_identity,1.0,0.0,0.0,2,1
dc6413addc7317d8,cias_full,371_virtual_avatar_matched_adversarial_identity,371,virtual_avatar,matched_adversarial_identity,1.0,0.0,0.0,4,1
dc6413addc7317d8,cias_full,371_wheeled_robot_matched_adversarial_identity,371,wheeled_robot,matched_adversarial_identity,0.9444444444444444,0.05555555555555555,0.4,8,1
dc6413addc7317d8,cias_full,372_drone_matched_adversarial_identity,372,drone,matched_adversarial_identity,1.0,0.0,0.0,10,1
dc6413addc7317d8,cias_full,372_ground_creature_matched_adversarial_identity,372,ground_creature,matched_adversarial_identity,1.0,0.0,0.0,4,1
dc6413addc7317d8,cias_full,372_virtual_avatar_matched_adversarial_identity,372,virtual_avatar,matched_adversarial_identity,1.0,0.0,0.0,4,1
dc6413addc7317d8,cias_full,372_wheeled_robot_matched_adversarial_identity,372,wheeled_robot,matched_adversarial_identity,1.0,0.0,0.0,4,1
dc6413addc7317d8,cias_full,373_drone_matched_adversarial_identity,373,drone,matched_adversarial_identity,0.6666666666666666,0.06944444444444445,0.5,22,1
dc6413addc7317d8,cias_full,373_ground_creature_matched_adversarial_identity,373,ground_creature,matched_adversarial_identity,1.0,0.0,0.0,4,1
dc6413addc7317d8,cias_full,373_virtual_avatar_matched_adversarial_identity,373,virtual_avatar,matched_adversarial_identity,1.0,0.0,0.0,4,1
dc6413addc7317d8,cias_full,373_wheeled_robot_matched_adversarial_identity,373,wheeled_robot,matched_adversarial_identity,1.0,0.0,0.0,4,1
dc6413addc7317d8,cias_full,374_drone_matched_adversarial_identity,374,drone,matched_adversarial_identity,0.75,0.0,0.0,22,1
dc6413addc7317d8,cias_full,374_ground_creature_matched_adversarial_identity,374,ground_creature,matched_adversarial_identity,1.0,0.0,0.0,4,1
dc6413addc7317d8,cias_full,374_virtual_avatar_matched_adversarial_identity,374,virtual_avatar,matched_adversarial_identity,1.0,0.0,0.0,4,1
dc6413addc7317d8,cias_full,374_wheeled_robot_matched_adversarial_identity,374,wheeled_robot,matched_adversarial_identity,0.9166666666666666,0.08333333333333333,0.6000000000000001,8,1
dc6413addc7317d8,cias_full,375_drone_matched_adversarial_identity,375,drone,matched_adversarial_identity,0.5277777777777778,0.19444444444444445,1.5,16,1
dc6413addc7317d8,cias_full,375_ground_creature_matched_adversarial_identity,375,ground_creature,matched_adversarial_identity,1.0,0.0,0.0,4,1
dc6413addc7317d8,cias_full,375_virtual_avatar_matched_adversarial_identity,375,virtual_avatar,matched_adversarial_identity,1.0,0.0,0.0,4,1
dc6413addc7317d8,cias_full,375_wheeled_robot_matched_adversarial_identity,375,wheeled_robot,matched_adversarial_identity,0.9305555555555556,0.06944444444444445,0.5,8,1
dc6413addc7317d8,cias_full,376_drone_matched_adversarial_identity,376,drone,matched_adversarial_identity,0.6527777777777778,0.06944444444444445,0.5,18,1
dc6413addc7317d8,cias_full,376_ground_creature_matched_adversarial_identity,376,ground_creature,matched_adversarial_identity,1.0,0.0,0.0,4,1
dc6413addc7317d8,cias_full,376_virtual_avatar_matched_adversarial_identity,376,virtual_avatar,matched_adversarial_identity,1.0,0.0,0.0,4,1
dc6413addc7317d8,cias_full,376_wheeled_robot_matched_adversarial_identity,376,wheeled_robot,matched_adversarial_identity,0.9305555555555556,0.06944444444444445,0.5,10,1
dc6413addc7317d8,cias_full,377_drone_matched_adversarial_identity,377,drone,matched_adversarial_identity,0.6388888888888888,0.09722222222222222,0.7000000000000001,20,1
dc6413addc7317d8,cias_full,377_ground_creature_matched_adversarial_identity,377,ground_creature,matched_adversarial_identity,1.0,0.0,0.0,4,1
dc6413addc7317d8,cias_full,377_virtual_avatar_matched_adversarial_identity,377,virtual_avatar,matched_adversarial_identity,1.0,0.0,0.0,4,1
dc6413addc7317d8,cias_full,377_wheeled_robot_matched_adversarial_identity,377,wheeled_robot,matched_adversarial_identity,1.0,0.0,0.0,4,1
dc6413addc7317d8,cias_full,378_drone_matched_adversarial_identity,378,drone,matched_adversarial_identity,0.6388888888888888,0.09722222222222222,0.7000000000000001,14,1
dc6413addc7317d8,cias_full,378_ground_creature_matched_adversarial_identity,378,ground_creature,matched_adversarial_identity,1.0,0.0,0.0,4,1
dc6413addc7317d8,cias_full,378_virtual_avatar_matched_adversarial_identity,378,virtual_avatar,matched_adversarial_identity,1.0,0.0,0.0,4,1
dc6413addc7317d8,cias_full,378_wheeled_robot_matched_adversarial_identity,378,wheeled_robot,matched_adversarial_identity,1.0,0.0,0.0,4,1
dc6413addc7317d8,cias_full,379_drone_matched_adversarial_identity,379,drone,matched_adversarial_identity,1.0,0.0,0.0,22,1
dc6413addc7317d8,cias_full,379_ground_creature_matched_adversarial_identity,379,ground_creature,matched_adversarial_identity,1.0,0.0,0.0,4,1
dc6413addc7317d8,cias_full,379_virtual_avatar_matched_adversarial_identity,379,virtual_avatar,matched_adversarial_identity,1.0,0.0,0.0,4,1
dc6413addc7317d8,cias_full,379_wheeled_robot_matched_adversarial_identity,379,wheeled_robot,matched_adversarial_identity,1.0,0.0,0.0,4,1
dc6413addc7317d8,cias_full,380_drone_matched_adversarial_identity,380,drone,matched_adversarial_identity,0.6805555555555556,0.06944444444444445,0.5,14,1
dc6413addc7317d8,cias_full,380_ground_creature_matched_adversarial_identity,380,ground_creature,matched_adversarial_identity,1.0,0.0,0.0,4,1
dc6413addc7317d8,cias_full,380_virtual_avatar_matched_adversarial_identity,380,virtual_avatar,matched_adversarial_identity,1.0,0.0,0.0,4,1
dc6413addc7317d8,cias_full,380_wheeled_robot_matched_adversarial_identity,380,wheeled_robot,matched_adversarial_identity,1.0,0.0,0.0,4,1
dc6413addc7317d8,cias_full,381_drone_matched_adversarial_identity,381,drone,matched_adversarial_identity,1.0,0.0,0.0,10,1
dc6413addc7317d8,cias_full,381_ground_creature_matched_adversarial_identity,381,ground_creature,matched_adversarial_identity,1.0,0.0,0.0,4,1
dc6413addc7317d8,cias_full,381_virtual_avatar_matched_adversarial_identity,381,virtual_avatar,matched_adversarial_identity,1.0,0.0,0.0,4,1
dc6413addc7317d8,cias_full,381_wheeled_robot_matched_adversarial_identity,381,wheeled_robot,matched_adversarial_identity,1.0,0.0,0.0,6,1
dc6413addc7317d8,cias_full,382_drone_matched_adversarial_identity,382,drone,matched_adversarial_identity,1.0,0.0,0.0,16,1
dc6413addc7317d8,cias_full,382_ground_creature_matched_adversarial_identity,382,ground_creature,matched_adversarial_identity,1.0,0.0,0.0,4,1
dc6413addc7317d8,cias_full,382_virtual_avatar_matched_adversarial_identity,382,virtual_avatar,matched_adversarial_identity,1.0,0.0,0.0,4,1
dc6413addc7317d8,cias_full,382_wheeled_robot_matched_adversarial_identity,382,wheeled_robot,matched_adversarial_identity,1.0,0.0,0.0,6,1
dc6413addc7317d8,cias_full,383_drone_matched_adversarial_identity,383,drone,matched_adversarial_identity,0.9027777777777778,0.09722222222222222,0.7000000000000001,10,1
dc6413addc7317d8,cias_full,383_ground_creature_matched_adversarial_identity,383,ground_creature,matched_adversarial_identity,1.0,0.0,0.0,4,1
dc6413addc7317d8,cias_full,383_virtual_avatar_matched_adversarial_identity,383,virtual_avatar,matched_adversarial_identity,1.0,0.0,0.0,4,1
dc6413addc7317d8,cias_full,383_wheeled_robot_matched_adversarial_identity,383,wheeled_robot,matched_adversarial_identity,1.0,0.0,0.0,4,1
dc6413addc7317d8,cias_full,384_drone_matched_adversarial_identity,384,drone,matched_adversarial_identity,1.0,0.0,0.0,8,1
dc6413addc7317d8,cias_full,384_ground_creature_matched_adversarial_identity,384,ground_creature,matched_adversarial_identity,1.0,0.0,0.0,4,1
dc6413addc7317d8,cias_full,384_virtual_avatar_matched_adversarial_identity,384,virtual_avatar,matched_adversarial_identity,1.0,0.0,0.0,2,1
dc6413addc7317d8,cias_full,384_wheeled_robot_matched_adversarial_identity,384,wheeled_robot,matched_adversarial_identity,1.0,0.0,0.0,4,1
dc6413addc7317d8,cias_full,385_drone_matched_adversarial_identity,385,drone,matched_adversarial_identity,0.9027777777777778,0.09722222222222222,0.7000000000000001,10,1
dc6413addc7317d8,cias_full,385_ground_creature_matched_adversarial_identity,385,ground_creature,matched_adversarial_identity,1.0,0.0,0.0,4,1
dc6413addc7317d8,cias_full,385_virtual_avatar_matched_adversarial_identity,385,virtual_avatar,matched_adversarial_identity,1.0,0.0,0.0,4,1
dc6413addc7317d8,cias_full,385_wheeled_robot_matched_adversarial_identity,385,wheeled_robot,matched_adversarial_identity,1.0,0.0,0.0,4,1
dc6413addc7317d8,cias_full,386_drone_matched_adversarial_identity,386,drone,matched_adversarial_identity,0.9305555555555556,0.06944444444444445,0.5,14,1
dc6413addc7317d8,cias_full,386_ground_creature_matched_adversarial_identity,386,ground_creature,matched_adversarial_identity,1.0,0.0,0.0,4,1
dc6413addc7317d8,cias_full,386_virtual_avatar_matched_adversarial_identity,386,virtual_avatar,matched_adversarial_identity,1.0,0.0,0.0,4,1
dc6413addc7317d8,cias_full,386_wheeled_robot_matched_adversarial_identity,386,wheeled_robot,matched_adversarial_identity,1.0,0.0,0.0,4,1
dc6413addc7317d8,cias_full,387_drone_matched_adversarial_identity,387,drone,matched_adversarial_identity,1.0,0.0,0.0,14,1
dc6413addc7317d8,cias_full,387_ground_creature_matched_adversarial_identity,387,ground_creature,matched_adversarial_identity,1.0,0.0,0.0,4,1
dc6413addc7317d8,cias_full,387_virtual_avatar_matched_adversarial_identity,387,virtual_avatar,matched_adversarial_identity,1.0,0.0,0.0,4,1
dc6413addc7317d8,cias_full,387_wheeled_robot_matched_adversarial_identity,387,wheeled_robot,matched_adversarial_identity,1.0,0.0,0.0,4,1
dc6413addc7317d8,cias_full,388_drone_matched_adversarial_identity,388,drone,matched_adversarial_identity,0.75,0.0,0.0,22,1
dc6413addc7317d8,cias_full,388_ground_creature_matched_adversarial_identity,388,ground_creature,matched_adversarial_identity,1.0,0.0,0.0,4,1
dc6413addc7317d8,cias_full,388_virtual_avatar_matched_adversarial_identity,388,virtual_avatar,matched_adversarial_identity,1.0,0.0,0.0,4,1
dc6413addc7317d8,cias_full,388_wheeled_robot_matched_adversarial_identity,388,wheeled_robot,matched_adversarial_identity,1.0,0.0,0.0,4,1
dc6413addc7317d8,cias_full,389_drone_matched_adversarial_identity,389,drone,matched_adversarial_identity,0.7361111111111112,0.0,0.0,16,1
dc6413addc7317d8,cias_full,389_ground_creature_matched_adversarial_identity,389,ground_creature,matched_adversarial_identity,1.0,0.0,0.0,4,1
dc6413addc7317d8,cias_full,389_virtual_avatar_matched_adversarial_identity,389,virtual_avatar,matched_adversarial_identity,1.0,0.0,0.0,4,1
dc6413addc7317d8,cias_full,389_wheeled_robot_matched_adversarial_identity,389,wheeled_robot,matched_adversarial_identity,1.0,0.0,0.0,4,1
dc6413addc7317d8,cias_full,390_drone_matched_adversarial_identity,390,drone,matched_adversarial_identity,1.0,0.0,0.0,4,1
dc6413addc7317d8,cias_full,390_ground_creature_matched_adversarial_identity,390,ground_creature,matched_adversarial_identity,1.0,0.0,0.0,4,1
dc6413addc7317d8,cias_full,390_virtual_avatar_matched_adversarial_identity,390,virtual_avatar,matched_adversarial_identity,1.0,0.0,0.0,4,1
dc6413addc7317d8,cias_full,390_wheeled_robot_matched_adversarial_identity,390,wheeled_robot,matched_adversarial_identity,1.0,0.0,0.0,4,1
dc6413addc7317d8,cias_no_persistent_self,361_drone_matched_adversarial_identity,361,drone,matched_adversarial_identity,0.0,0.6666666666666666,,4,0
dc6413addc7317d8,cias_no_persistent_self,361_ground_creature_matched_adversarial_identity,361,ground_creature,matched_adversarial_identity,0.0,0.6666666666666666,,4,0
dc6413addc7317d8,cias_no_persistent_self,361_virtual_avatar_matched_adversarial_identity,361,virtual_avatar,matched_adversarial_identity,0.0,0.6666666666666666,,4,0
dc6413addc7317d8,cias_no_persistent_self,361_wheeled_robot_matched_adversarial_identity,361,wheeled_robot,matched_adversarial_identity,0.0,0.6666666666666666,,4,0
dc6413addc7317d8,cias_no_persistent_self,362_drone_matched_adversarial_identity,362,drone,matched_adversarial_identity,0.0,0.6666666666666666,,4,0
dc6413addc7317d8,cias_no_persistent_self,362_ground_creature_matched_adversarial_identity,362,ground_creature,matched_adversarial_identity,0.0,0.6666666666666666,,4,0
dc6413addc7317d8,cias_no_persistent_self,362_virtual_avatar_matched_adversarial_identity,362,virtual_avatar,matched_adversarial_identity,0.0,0.6666666666666666,,4,0
dc6413addc7317d8,cias_no_persistent_self,362_wheeled_robot_matched_adversarial_identity,362,wheeled_robot,matched_adversarial_identity,0.0,0.6666666666666666,,4,0
dc6413addc7317d8,cias_no_persistent_self,363_drone_matched_adversarial_identity,363,drone,matched_adversarial_identity,0.0,0.6666666666666666,,4,0
dc6413addc7317d8,cias_no_persistent_self,363_ground_creature_matched_adversarial_identity,363,ground_creature,matched_adversarial_identity,0.0,0.6666666666666666,,4,0
dc6413addc7317d8,cias_no_persistent_self,363_virtual_avatar_matched_adversarial_identity,363,virtual_avatar,matched_adversarial_identity,0.0,0.6666666666666666,,4,0
dc6413addc7317d8,cias_no_persistent_self,363_wheeled_robot_matched_adversarial_identity,363,wheeled_robot,matched_adversarial_identity,0.0,0.6666666666666666,,4,0
dc6413addc7317d8,cias_no_persistent_self,364_drone_matched_adversarial_identity,364,drone,matched_adversarial_identity,0.0,0.6666666666666666,,4,0
dc6413addc7317d8,cias_no_persistent_self,364_ground_creature_matched_adversarial_identity,364,ground_creature,matched_adversarial_identity,0.0,0.6666666666666666,,4,0
dc6413addc7317d8,cias_no_persistent_self,364_virtual_avatar_matched_adversarial_identity,364,virtual_avatar,matched_adversarial_identity,0.0,0.6666666666666666,,4,0
dc6413addc7317d8,cias_no_persistent_self,364_wheeled_robot_matched_adversarial_identity,364,wheeled_robot,matched_adversarial_identity,0.0,0.6666666666666666,,4,0
dc6413addc7317d8,cias_no_persistent_self,365_drone_matched_adversarial_identity,365,drone,matched_adversarial_identity,0.0,0.6666666666666666,,4,0
dc6413addc7317d8,cias_no_persistent_self,365_ground_creature_matched_adversarial_identity,365,ground_creature,matched_adversarial_identity,0.0,0.6666666666666666,,4,0
dc6413addc7317d8,cias_no_persistent_self,365_virtual_avatar_matched_adversarial_identity,365,virtual_avatar,matched_adversarial_identity,0.0,0.6666666666666666,,4,0
dc6413addc7317d8,cias_no_persistent_self,365_wheeled_robot_matched_adversarial_identity,365,wheeled_robot,matched_adversarial_identity,0.0,0.6666666666666666,,4,0
dc6413addc7317d8,cias_no_persistent_self,366_drone_matched_adversarial_identity,366,drone,matched_adversarial_identity,0.0,0.6666666666666666,,4,0
dc6413addc7317d8,cias_no_persistent_self,366_ground_creature_matched_adversarial_identity,366,ground_creature,matched_adversarial_identity,0.0,0.6666666666666666,,4,0
dc6413addc7317d8,cias_no_persistent_self,366_virtual_avatar_matched_adversarial_identity,366,virtual_avatar,matched_adversarial_identity,1.0,0.0,0.0,3,1
dc6413addc7317d8,cias_no_persistent_self,366_wheeled_robot_matched_adversarial_identity,366,wheeled_robot,matched_adversarial_identity,0.0,0.6666666666666666,,4,0
dc6413addc7317d8,cias_no_persistent_self,367_drone_matched_adversarial_identity,367,drone,matched_adversarial_identity,0.0,0.6666666666666666,,4,0
dc6413addc7317d8,cias_no_persistent_self,367_ground_creature_matched_adversarial_identity,367,ground_creature,matched_adversarial_identity,0.0,0.6666666666666666,,4,0
dc6413addc7317d8,cias_no_persistent_self,367_virtual_avatar_matched_adversarial_identity,367,virtual_avatar,matched_adversarial_identity,1.0,0.0,0.0,3,1
dc6413addc7317d8,cias_no_persistent_self,367_wheeled_robot_matched_adversarial_identity,367,wheeled_robot,matched_adversarial_identity,0.0,0.6666666666666666,,4,0
dc6413addc7317d8,cias_no_persistent_self,368_drone_matched_adversarial_identity,368,drone,matched_adversarial_identity,0.0,0.6666666666666666,,4,0
dc6413addc7317d8,cias_no_persistent_self,368_ground_creature_matched_adversarial_identity,368,ground_creature,matched_adversarial_identity,1.0,0.0,0.0,3,1
dc6413addc7317d8,cias_no_persistent_self,368_virtual_avatar_matched_adversarial_identity,368,virtual_avatar,matched_adversarial_identity,1.0,0.0,0.0,3,1
dc6413addc7317d8,cias_no_persistent_self,368_wheeled_robot_matched_adversarial_identity,368,wheeled_robot,matched_adversarial_identity,1.0,0.0,0.0,3,1
dc6413addc7317d8,cias_no_persistent_self,369_drone_matched_adversarial_identity,369,drone,matched_adversarial_identity,0.0,0.6666666666666666,,4,0
dc6413addc7317d8,cias_no_persistent_self,369_ground_creature_matched_adversarial_identity,369,ground_creature,matched_adversarial_identity,0.0,0.6666666666666666,,4,0
dc6413addc7317d8,cias_no_persistent_self,369_virtual_avatar_matched_adversarial_identity,369,virtual_avatar,matched_adversarial_identity,1.0,0.0,0.0,3,1
dc6413addc7317d8,cias_no_persistent_self,369_wheeled_robot_matched_adversarial_identity,369,wheeled_robot,matched_adversarial_identity,0.0,0.6666666666666666,,4,0
dc6413addc7317d8,cias_no_persistent_self,370_drone_matched_adversarial_identity,370,drone,matched_adversarial_identity,0.0,0.6666666666666666,,4,0
dc6413addc7317d8,cias_no_persistent_self,370_ground_creature_matched_adversarial_identity,370,ground_creature,matched_adversarial_identity,0.0,0.6666666666666666,,4,0
dc6413addc7317d8,cias_no_persistent_self,370_virtual_avatar_matched_adversarial_identity,370,virtual_avatar,matched_adversarial_identity,1.0,0.0,0.0,3,1
dc6413addc7317d8,cias_no_persistent_self,370_wheeled_robot_matched_adversarial_identity,370,wheeled_robot,matched_adversarial_identity,0.0,0.6666666666666666,,4,0
dc6413addc7317d8,cias_no_persistent_self,371_drone_matched_adversarial_identity,371,drone,matched_adversarial_identity,0.0,0.6666666666666666,,4,0
dc6413addc7317d8,cias_no_persistent_self,371_ground_creature_matched_adversarial_identity,371,ground_creature,matched_adversarial_identity,1.0,0.0,0.0,3,1
dc6413addc7317d8,cias_no_persistent_self,371_virtual_avatar_matched_adversarial_identity,371,virtual_avatar,matched_adversarial_identity,1.0,0.0,0.0,3,1
dc6413addc7317d8,cias_no_persistent_self,371_wheeled_robot_matched_adversarial_identity,371,wheeled_robot,matched_adversarial_identity,1.0,0.0,0.0,3,1
dc6413addc7317d8,cias_no_persistent_self,372_drone_matched_adversarial_identity,372,drone,matched_adversarial_identity,0.0,0.6666666666666666,,4,0
dc6413addc7317d8,cias_no_persistent_self,372_ground_creature_matched_adversarial_identity,372,ground_creature,matched_adversarial_identity,0.0,0.6666666666666666,,4,0
dc6413addc7317d8,cias_no_persistent_self,372_virtual_avatar_matched_adversarial_identity,372,virtual_avatar,matched_adversarial_identity,1.0,0.0,0.0,3,1
dc6413addc7317d8,cias_no_persistent_self,372_wheeled_robot_matched_adversarial_identity,372,wheeled_robot,matched_adversarial_identity,0.0,0.6666666666666666,,4,0
dc6413addc7317d8,cias_no_persistent_self,373_drone_matched_adversarial_identity,373,drone,matched_adversarial_identity,0.0,0.6666666666666666,,4,0
dc6413addc7317d8,cias_no_persistent_self,373_ground_creature_matched_adversarial_identity,373,ground_creature,matched_adversarial_identity,1.0,0.0,0.0,3,1
dc6413addc7317d8,cias_no_persistent_self,373_virtual_avatar_matched_adversarial_identity,373,virtual_avatar,matched_adversarial_identity,1.0,0.0,0.0,3,1
dc6413addc7317d8,cias_no_persistent_self,373_wheeled_robot_matched_adversarial_identity,373,wheeled_robot,matched_adversarial_identity,0.0,0.6666666666666666,,4,0
dc6413addc7317d8,cias_no_persistent_self,374_drone_matched_adversarial_identity,374,drone,matched_adversarial_identity,0.0,0.6666666666666666,,4,0
dc6413addc7317d8,cias_no_persistent_self,374_ground_creature_matched_adversarial_identity,374,ground_creature,matched_adversarial_identity,0.0,0.6666666666666666,,4,0
dc6413addc7317d8,cias_no_persistent_self,374_virtual_avatar_matched_adversarial_identity,374,virtual_avatar,matched_adversarial_identity,1.0,0.0,0.0,3,1
dc6413addc7317d8,cias_no_persistent_self,374_wheeled_robot_matched_adversarial_identity,374,wheeled_robot,matched_adversarial_identity,0.0,0.6666666666666666,,4,0
dc6413addc7317d8,cias_no_persistent_self,375_drone_matched_adversarial_identity,375,drone,matched_adversarial_identity,0.0,0.6666666666666666,,4,0
dc6413addc7317d8,cias_no_persistent_self,375_ground_creature_matched_adversarial_identity,375,ground_creature,matched_adversarial_identity,0.0,0.6666666666666666,,4,0
dc6413addc7317d8,cias_no_persistent_self,375_virtual_avatar_matched_adversarial_identity,375,virtual_avatar,matched_adversarial_identity,0.0,0.6666666666666666,,4,0
dc6413addc7317d8,cias_no_persistent_self,375_wheeled_robot_matched_adversarial_identity,375,wheeled_robot,matched_adversarial_identity,0.0,0.6666666666666666,,4,0
dc6413addc7317d8,cias_no_persistent_self,376_drone_matched_adversarial_identity,376,drone,matched_adversarial_identity,0.0,0.6666666666666666,,4,0
dc6413addc7317d8,cias_no_persistent_self,376_ground_creature_matched_adversarial_identity,376,ground_creature,matched_adversarial_identity,0.0,0.6666666666666666,,4,0
dc6413addc7317d8,cias_no_persistent_self,376_virtual_avatar_matched_adversarial_identity,376,virtual_avatar,matched_adversarial_identity,0.0,0.6666666666666666,,4,0
dc6413addc7317d8,cias_no_persistent_self,376_wheeled_robot_matched_adversarial_identity,376,wheeled_robot,matched_adversarial_identity,0.0,0.6666666666666666,,4,0
dc6413addc7317d8,cias_no_persistent_self,377_drone_matched_adversarial_identity,377,drone,matched_adversarial_identity,0.0,0.6666666666666666,,4,0
dc6413addc7317d8,cias_no_persistent_self,377_ground_creature_matched_adversarial_identity,377,ground_creature,matched_adversarial_identity,0.0,0.6666666666666666,,4,0
dc6413addc7317d8,cias_no_persistent_self,377_virtual_avatar_matched_adversarial_identity,377,virtual_avatar,matched_adversarial_identity,0.0,0.6666666666666666,,4,0
dc6413addc7317d8,cias_no_persistent_self,377_wheeled_robot_matched_adversarial_identity,377,wheeled_robot,matched_adversarial_identity,0.0,0.6666666666666666,,4,0
dc6413addc7317d8,cias_no_persistent_self,378_drone_matched_adversarial_identity,378,drone,matched_adversarial_identity,0.0,0.6666666666666666,,4,0
dc6413addc7317d8,cias_no_persistent_self,378_ground_creature_matched_adversarial_identity,378,ground_creature,matched_adversarial_identity,0.0,0.6666666666666666,,4,0
dc6413addc7317d8,cias_no_persistent_self,378_virtual_avatar_matched_adversarial_identity,378,virtual_avatar,matched_adversarial_identity,0.0,0.6666666666666666,,4,0
dc6413addc7317d8,cias_no_persistent_self,378_wheeled_robot_matched_adversarial_identity,378,wheeled_robot,matched_adversarial_identity,0.0,0.6666666666666666,,4,0
dc6413addc7317d8,cias_no_persistent_self,379_drone_matched_adversarial_identity,379,drone,matched_adversarial_identity,0.0,0.6666666666666666,,4,0
dc6413addc7317d8,cias_no_persistent_self,379_ground_creature_matched_adversarial_identity,379,ground_creature,matched_adversarial_identity,0.0,0.6666666666666666,,4,0
dc6413addc7317d8,cias_no_persistent_self,379_virtual_avatar_matched_adversarial_identity,379,virtual_avatar,matched_adversarial_identity,0.0,0.6666666666666666,,4,0
dc6413addc7317d8,cias_no_persistent_self,379_wheeled_robot_matched_adversarial_identity,379,wheeled_robot,matched_adversarial_identity,0.0,0.6666666666666666,,4,0
dc6413addc7317d8,cias_no_persistent_self,380_drone_matched_adversarial_identity,380,drone,matched_adversarial_identity,0.0,0.6666666666666666,,4,0
dc6413addc7317d8,cias_no_persistent_self,380_ground_creature_matched_adversarial_identity,380,ground_creature,matched_adversarial_identity,0.0,0.6666666666666666,,4,0
dc6413addc7317d8,cias_no_persistent_self,380_virtual_avatar_matched_adversarial_identity,380,virtual_avatar,matched_adversarial_identity,0.0,0.6666666666666666,,4,0
dc6413addc7317d8,cias_no_persistent_self,380_wheeled_robot_matched_adversarial_identity,380,wheeled_robot,matched_adversarial_identity,0.0,0.6666666666666666,,4,0
dc6413addc7317d8,cias_no_persistent_self,381_drone_matched_adversarial_identity,381,drone,matched_adversarial_identity,0.0,0.6666666666666666,,4,0
dc6413addc7317d8,cias_no_persistent_self,381_ground_creature_matched_adversarial_identity,381,ground_creature,matched_adversarial_identity,0.0,0.6666666666666666,,4,0
dc6413addc7317d8,cias_no_persistent_self,381_virtual_avatar_matched_adversarial_identity,381,virtual_avatar,matched_adversarial_identity,0.0,0.6666666666666666,,4,0
dc6413addc7317d8,cias_no_persistent_self,381_wheeled_robot_matched_adversarial_identity,381,wheeled_robot,matched_adversarial_identity,0.0,0.6666666666666666,,4,0
dc6413addc7317d8,cias_no_persistent_self,382_drone_matched_adversarial_identity,382,drone,matched_adversarial_identity,0.0,0.6666666666666666,,4,0
dc6413addc7317d8,cias_no_persistent_self,382_ground_creature_matched_adversarial_identity,382,ground_creature,matched_adversarial_identity,0.0,0.6666666666666666,,4,0
dc6413addc7317d8,cias_no_persistent_self,382_virtual_avatar_matched_adversarial_identity,382,virtual_avatar,matched_adversarial_identity,0.0,0.6666666666666666,,4,0
dc6413addc7317d8,cias_no_persistent_self,382_wheeled_robot_matched_adversarial_identity,382,wheeled_robot,matched_adversarial_identity,0.0,0.6666666666666666,,4,0
dc6413addc7317d8,cias_no_persistent_self,383_drone_matched_adversarial_identity,383,drone,matched_adversarial_identity,0.0,0.6666666666666666,,4,0
dc6413addc7317d8,cias_no_persistent_self,383_ground_creature_matched_adversarial_identity,383,ground_creature,matched_adversarial_identity,0.0,0.6666666666666666,,4,0
dc6413addc7317d8,cias_no_persistent_self,383_virtual_avatar_matched_adversarial_identity,383,virtual_avatar,matched_adversarial_identity,0.0,0.6666666666666666,,4,0
dc6413addc7317d8,cias_no_persistent_self,383_wheeled_robot_matched_adversarial_identity,383,wheeled_robot,matched_adversarial_identity,0.0,0.6666666666666666,,4,0
dc6413addc7317d8,cias_no_persistent_self,384_drone_matched_adversarial_identity,384,drone,matched_adversarial_identity,0.0,0.6666666666666666,,4,0
dc6413addc7317d8,cias_no_persistent_self,384_ground_creature_matched_adversarial_identity,384,ground_creature,matched_adversarial_identity,0.0,0.6666666666666666,,4,0
dc6413addc7317d8,cias_no_persistent_self,384_virtual_avatar_matched_adversarial_identity,384,virtual_avatar,matched_adversarial_identity,1.0,0.0,0.0,3,1
dc6413addc7317d8,cias_no_persistent_self,384_wheeled_robot_matched_adversarial_identity,384,wheeled_robot,matched_adversarial_identity,0.0,0.6666666666666666,,4,0
dc6413addc7317d8,cias_no_persistent_self,385_drone_matched_adversarial_identity,385,drone,matched_adversarial_identity,0.0,0.6666666666666666,,4,0
dc6413addc7317d8,cias_no_persistent_self,385_ground_creature_matched_adversarial_identity,385,ground_creature,matched_adversarial_identity,0.0,0.6666666666666666,,4,0
dc6413addc7317d8,cias_no_persistent_self,385_virtual_avatar_matched_adversarial_identity,385,virtual_avatar,matched_adversarial_identity,1.0,0.0,0.0,3,1
dc6413addc7317d8,cias_no_persistent_self,385_wheeled_robot_matched_adversarial_identity,385,wheeled_robot,matched_adversarial_identity,0.0,0.6666666666666666,,4,0
dc6413addc7317d8,cias_no_persistent_self,386_drone_matched_adversarial_identity,386,drone,matched_adversarial_identity,0.0,0.6666666666666666,,4,0
dc6413addc7317d8,cias_no_persistent_self,386_ground_creature_matched_adversarial_identity,386,ground_creature,matched_adversarial_identity,0.0,0.6666666666666666,,4,0
dc6413addc7317d8,cias_no_persistent_self,386_virtual_avatar_matched_adversarial_identity,386,virtual_avatar,matched_adversarial_identity,1.0,0.0,0.0,3,1
dc6413addc7317d8,cias_no_persistent_self,386_wheeled_robot_matched_adversarial_identity,386,wheeled_robot,matched_adversarial_identity,0.0,0.6666666666666666,,4,0
dc6413addc7317d8,cias_no_persistent_self,387_drone_matched_adversarial_identity,387,drone,matched_adversarial_identity,0.0,0.6666666666666666,,4,0
dc6413addc7317d8,cias_no_persistent_self,387_ground_creature_matched_adversarial_identity,387,ground_creature,matched_adversarial_identity,0.0,0.6666666666666666,,4,0
dc6413addc7317d8,cias_no_persistent_self,387_virtual_avatar_matched_adversarial_identity,387,virtual_avatar,matched_adversarial_identity,1.0,0.0,0.0,3,1
dc6413addc7317d8,cias_no_persistent_self,387_wheeled_robot_matched_adversarial_identity,387,wheeled_robot,matched_adversarial_identity,0.0,0.6666666666666666,,4,0
dc6413addc7317d8,cias_no_persistent_self,388_drone_matched_adversarial_identity,388,drone,matched_adversarial_identity,0.0,0.6666666666666666,,4,0
dc6413addc7317d8,cias_no_persistent_self,388_ground_creature_matched_adversarial_identity,388,ground_creature,matched_adversarial_identity,0.0,0.6666666666666666,,4,0
dc6413addc7317d8,cias_no_persistent_self,388_virtual_avatar_matched_adversarial_identity,388,virtual_avatar,matched_adversarial_identity,1.0,0.0,0.0,3,1
dc6413addc7317d8,cias_no_persistent_self,388_wheeled_robot_matched_adversarial_identity,388,wheeled_robot,matched_adversarial_identity,0.0,0.6666666666666666,,4,0
dc6413addc7317d8,cias_no_persistent_self,389_drone_matched_adversarial_identity,389,drone,matched_adversarial_identity,0.0,0.6666666666666666,,4,0
dc6413addc7317d8,cias_no_persistent_self,389_ground_creature_matched_adversarial_identity,389,ground_creature,matched_adversarial_identity,1.0,0.0,0.0,3,1
dc6413addc7317d8,cias_no_persistent_self,389_virtual_avatar_matched_adversarial_identity,389,virtual_avatar,matched_adversarial_identity,1.0,0.0,0.0,3,1
dc6413addc7317d8,cias_no_persistent_self,389_wheeled_robot_matched_adversarial_identity,389,wheeled_robot,matched_adversarial_identity,0.0,0.6666666666666666,,4,0
dc6413addc7317d8,cias_no_persistent_self,390_drone_matched_adversarial_identity,390,drone,matched_adversarial_identity,0.0,0.6666666666666666,,4,0
dc6413addc7317d8,cias_no_persistent_self,390_ground_creature_matched_adversarial_identity,390,ground_creature,matched_adversarial_identity,0.0,0.6666666666666666,,4,0
dc6413addc7317d8,cias_no_persistent_self,390_virtual_avatar_matched_adversarial_identity,390,virtual_avatar,matched_adversarial_identity,1.0,0.0,0.0,3,1
dc6413addc7317d8,cias_no_persistent_self,390_wheeled_robot_matched_adversarial_identity,390,wheeled_robot,matched_adversarial_identity,0.0,0.6666666666666666,,4,0
e9418808cbd7ae60,cias_full,361_drone_matched_adversarial_identity,361,drone,matched_adversarial_identity,0.125,0.06944444444444445,,40,1
e9418808cbd7ae60,cias_full,361_ground_creature_matched_adversarial_identity,361,ground_creature,matched_adversarial_identity,0.2916666666666667,0.0,,71,1
e9418808cbd7ae60,cias_full,361_virtual_avatar_matched_adversarial_identity,361,virtual_avatar,matched_adversarial_identity,0.375,0.0,,91,1
e9418808cbd7ae60,cias_full,361_wheeled_robot_matched_adversarial_identity,361,wheeled_robot,matched_adversarial_identity,0.16666666666666666,0.0,,65,1
e9418808cbd7ae60,cias_full,362_drone_matched_adversarial_identity,362,drone,matched_adversarial_identity,0.3888888888888889,0.0,0.0,35,1
e9418808cbd7ae60,cias_full,362_ground_creature_matched_adversarial_identity,362,ground_creature,matched_adversarial_identity,0.2916666666666667,0.0,,78,1
e9418808cbd7ae60,cias_full,362_virtual_avatar_matched_adversarial_identity,362,virtual_avatar,matched_adversarial_identity,0.375,0.0,,91,1
e9418808cbd7ae60,cias_full,362_wheeled_robot_matched_adversarial_identity,362,wheeled_robot,matched_adversarial_identity,0.1388888888888889,0.0,,64,1
e9418808cbd7ae60,cias_full,363_drone_matched_adversarial_identity,363,drone,matched_adversarial_identity,0.2916666666666667,0.0,0.0,36,1
e9418808cbd7ae60,cias_full,363_ground_creature_matched_adversarial_identity,363,ground_creature,matched_adversarial_identity,0.3055555555555556,0.0,,74,1
e9418808cbd7ae60,cias_full,363_virtual_avatar_matched_adversarial_identity,363,virtual_avatar,matched_adversarial_identity,0.375,0.0,,91,1
e9418808cbd7ae60,cias_full,363_wheeled_robot_matched_adversarial_identity,363,wheeled_robot,matched_adversarial_identity,0.1388888888888889,0.0,,66,1
e9418808cbd7ae60,cias_full,364_drone_matched_adversarial_identity,364,drone,matched_adversarial_identity,0.2916666666666667,0.0,0.0,33,1
e9418808cbd7ae60,cias_full,364_ground_creature_matched_adversarial_identity,364,ground_creature,matched_adversarial_identity,0.3055555555555556,0.0,,67,1
e9418808cbd7ae60,cias_full,364_virtual_avatar_matched_adversarial_identity,364,virtual_avatar,matched_adversarial_identity,0.3888888888888889,0.0,,90,1
e9418808cbd7ae60,cias_full,364_wheeled_robot_matched_adversarial_identity,364,wheeled_robot,matched_adversarial_identity,0.1388888888888889,0.0,,69,1
e9418808cbd7ae60,cias_full,365_drone_matched_adversarial_identity,365,drone,matched_adversarial_identity,0.7083333333333334,0.0,0.0,21,1
e9418808cbd7ae60,cias_full,365_ground_creature_matched_adversarial_identity,365,ground_creature,matched_adversarial_identity,0.2916666666666667,0.0,,68,1
e9418808cbd7ae60,cias_full,365_virtual_avatar_matched_adversarial_identity,365,virtual_avatar,matched_adversarial_identity,0.375,0.0,,91,1
e9418808cbd7ae60,cias_full,365_wheeled_robot_matched_adversarial_identity,365,wheeled_robot,matched_adversarial_identity,0.19444444444444445,0.0,0.0,62,1
e9418808cbd7ae60,cias_full,366_drone_matched_adversarial_identity,366,drone,matched_adversarial_identity,0.6805555555555556,0.0,0.0,29,1
e9418808cbd7ae60,cias_full,366_ground_creature_matched_adversarial_identity,366,ground_creature,matched_adversarial_identity,0.3194444444444444,0.0,,69,1
e9418808cbd7ae60,cias_full,366_virtual_avatar_matched_adversarial_identity,366,virtual_avatar,matched_adversarial_identity,0.375,0.0,,93,1
e9418808cbd7ae60,cias_full,366_wheeled_robot_matched_adversarial_identity,366,wheeled_robot,matched_adversarial_identity,0.1388888888888889,0.0,,64,1
e9418808cbd7ae60,cias_full,367_drone_matched_adversarial_identity,367,drone,matched_adversarial_identity,0.7083333333333334,0.0,0.0,26,1
e9418808cbd7ae60,cias_full,367_ground_creature_matched_adversarial_identity,367,ground_creature,matched_adversarial_identity,0.2777777777777778,0.0,,79,1
e9418808cbd7ae60,cias_full,367_virtual_avatar_matched_adversarial_identity,367,virtual_avatar,matched_adversarial_identity,0.375,0.0,,93,1
e9418808cbd7ae60,cias_full,367_wheeled_robot_matched_adversarial_identity,367,wheeled_robot,matched_adversarial_identity,0.1527777777777778,0.0,,66,1
e9418808cbd7ae60,cias_full,368_drone_matched_adversarial_identity,368,drone,matched_adversarial_identity,0.4166666666666667,0.0,0.0,38,1
e9418808cbd7ae60,cias_full,368_ground_creature_matched_adversarial_identity,368,ground_creature,matched_adversarial_identity,0.3194444444444444,0.0,,73,1
e9418808cbd7ae60,cias_full,368_virtual_avatar_matched_adversarial_identity,368,virtual_avatar,matched_adversarial_identity,0.375,0.0,,95,1
e9418808cbd7ae60,cias_full,368_wheeled_robot_matched_adversarial_identity,368,wheeled_robot,matched_adversarial_identity,0.1527777777777778,0.0,,64,1
e9418808cbd7ae60,cias_full,369_drone_matched_adversarial_identity,369,drone,matched_adversarial_identity,0.125,0.1388888888888889,,30,1
e9418808cbd7ae60,cias_full,369_ground_creature_matched_adversarial_identity,369,ground_creature,matched_adversarial_identity,0.3055555555555556,0.0,,69,1
e9418808cbd7ae60,cias_full,369_virtual_avatar_matched_adversarial_identity,369,virtual_avatar,matched_adversarial_identity,0.375,0.0,,91,1
e9418808cbd7ae60,cias_full,369_wheeled_robot_matched_adversarial_identity,369,wheeled_robot,matched_adversarial_identity,0.1527777777777778,0.0,,49,1
e9418808cbd7ae60,cias_full,370_drone_matched_adversarial_identity,370,drone,matched_adversarial_identity,0.7222222222222222,0.0,0.0,29,1
e9418808cbd7ae60,cias_full,370_ground_creature_matched_adversarial_identity,370,ground_creature,matched_adversarial_identity,0.3194444444444444,0.0,,70,1
e9418808cbd7ae60,cias_full,370_virtual_avatar_matched_adversarial_identity,370,virtual_avatar,matched_adversarial_identity,0.375,0.0,,90,1
e9418808cbd7ae60,cias_full,370_wheeled_robot_matched_adversarial_identity,370,wheeled_robot,matched_adversarial_identity,0.125,0.0,,66,1
e9418808cbd7ae60,cias_full,371_drone_matched_adversarial_identity,371,drone,matched_adversarial_identity,0.125,0.0,,32,1
e9418808cbd7ae60,cias_full,371_ground_creature_matched_adversarial_identity,371,ground_creature,matched_adversarial_identity,0.2916666666666667,0.0,,70,1
e9418808cbd7ae60,cias_full,371_virtual_avatar_matched_adversarial_identity,371,virtual_avatar,matched_adversarial_identity,0.375,0.0,,91,1
e9418808cbd7ae60,cias_full,371_wheeled_robot_matched_adversarial_identity,371,wheeled_robot,matched_adversarial_identity,0.125,0.0,,66,1
e9418808cbd7ae60,cias_full,372_drone_matched_adversarial_identity,372,drone,matched_adversarial_identity,0.19444444444444445,0.0,0.0,38,1
e9418808cbd7ae60,cias_full,372_ground_creature_matched_adversarial_identity,372,ground_creature,matched_adversarial_identity,0.3472222222222222,0.0,,68,1
e9418808cbd7ae60,cias_full,372_virtual_avatar_matched_adversarial_identity,372,virtual_avatar,matched_adversarial_identity,0.375,0.0,,90,1
e9418808cbd7ae60,cias_full,372_wheeled_robot_matched_adversarial_identity,372,wheeled_robot,matched_adversarial_identity,0.1527777777777778,0.0,,69,1
e9418808cbd7ae60,cias_full,373_drone_matched_adversarial_identity,373,drone,matched_adversarial_identity,0.20833333333333334,0.0,0.0,34,1
e9418808cbd7ae60,cias_full,373_ground_creature_matched_adversarial_identity,373,ground_creature,matched_adversarial_identity,0.2916666666666667,0.0,,70,1
e9418808cbd7ae60,cias_full,373_virtual_avatar_matched_adversarial_identity,373,virtual_avatar,matched_adversarial_identity,0.375,0.0,,93,1
e9418808cbd7ae60,cias_full,373_wheeled_robot_matched_adversarial_identity,373,wheeled_robot,matched_adversarial_identity,0.125,0.0,,60,1
e9418808cbd7ae60,cias_full,374_drone_matched_adversarial_identity,374,drone,matched_adversarial_identity,0.19444444444444445,0.0,0.0,37,1
e9418808cbd7ae60,cias_full,374_ground_creature_matched_adversarial_identity,374,ground_creature,matched_adversarial_identity,0.2916666666666667,0.0,,73,1
e9418808cbd7ae60,cias_full,374_virtual_avatar_matched_adversarial_identity,374,virtual_avatar,matched_adversarial_identity,0.375,0.0,,92,1
e9418808cbd7ae60,cias_full,374_wheeled_robot_matched_adversarial_identity,374,wheeled_robot,matched_adversarial_identity,0.1388888888888889,0.0,,60,1
e9418808cbd7ae60,cias_full,375_drone_matched_adversarial_identity,375,drone,matched_adversarial_identity,0.7222222222222222,0.0,0.0,20,1
e9418808cbd7ae60,cias_full,375_ground_creature_matched_adversarial_identity,375,ground_creature,matched_adversarial_identity,0.3472222222222222,0.0,,66,1
e9418808cbd7ae60,cias_full,375_virtual_avatar_matched_adversarial_identity,375,virtual_avatar,matched_adversarial_identity,0.375,0.0,,93,1
e9418808cbd7ae60,cias_full,375_wheeled_robot_matched_adversarial_identity,375,wheeled_robot,matched_adversarial_identity,0.1527777777777778,0.0,,59,1
e9418808cbd7ae60,cias_full,376_drone_matched_adversarial_identity,376,drone,matched_adversarial_identity,0.20833333333333334,0.0,0.0,35,1
e9418808cbd7ae60,cias_full,376_ground_creature_matched_adversarial_identity,376,ground_creature,matched_adversarial_identity,0.3055555555555556,0.0,,66,1
e9418808cbd7ae60,cias_full,376_virtual_avatar_matched_adversarial_identity,376,virtual_avatar,matched_adversarial_identity,0.375,0.0,,93,1
e9418808cbd7ae60,cias_full,376_wheeled_robot_matched_adversarial_identity,376,wheeled_robot,matched_adversarial_identity,0.1388888888888889,0.0,,68,1
e9418808cbd7ae60,cias_full,377_drone_matched_adversarial_identity,377,drone,matched_adversarial_identity,0.1388888888888889,0.18055555555555555,,32,1
e9418808cbd7ae60,cias_full,377_ground_creature_matched_adversarial_identity,377,ground_creature,matched_adversarial_identity,0.3055555555555556,0.0,,72,1
e9418808cbd7ae60,cias_full,377_virtual_avatar_matched_adversarial_identity,377,virtual_avatar,matched_adversarial_identity,0.375,0.0,,90,1
e9418808cbd7ae60,cias_full,377_wheeled_robot_matched_adversarial_identity,377,wheeled_robot,matched_adversarial_identity,0.1527777777777778,0.0,,64,1
e9418808cbd7ae60,cias_full,378_drone_matched_adversarial_identity,378,drone,matched_adversarial_identity,0.5833333333333334,0.0,0.0,25,1
e9418808cbd7ae60,cias_full,378_ground_creature_matched_adversarial_identity,378,ground_creature,matched_adversarial_identity,0.375,0.0,,63,1
e9418808cbd7ae60,cias_full,378_virtual_avatar_matched_adversarial_identity,378,virtual_avatar,matched_adversarial_identity,0.375,0.0,,95,1
e9418808cbd7ae60,cias_full,378_wheeled_robot_matched_adversarial_identity,378,wheeled_robot,matched_adversarial_identity,0.2222222222222222,0.0,0.0,65,1
e9418808cbd7ae60,cias_full,379_drone_matched_adversarial_identity,379,drone,matched_adversarial_identity,0.7083333333333334,0.0,0.0,29,1
e9418808cbd7ae60,cias_full,379_ground_creature_matched_adversarial_identity,379,ground_creature,matched_adversarial_identity,0.2777777777777778,0.0,,75,1
e9418808cbd7ae60,cias_full,379_virtual_avatar_matched_adversarial_identity,379,virtual_avatar,matched_adversarial_identity,0.375,0.0,,91,1
e9418808cbd7ae60,cias_full,379_wheeled_robot_matched_adversarial_identity,379,wheeled_robot,matched_adversarial_identity,0.1388888888888889,0.0,,69,1
e9418808cbd7ae60,cias_full,380_drone_matched_adversarial_identity,380,drone,matched_adversarial_identity,0.18055555555555555,0.013888888888888888,,37,1
e9418808cbd7ae60,cias_full,380_ground_creature_matched_adversarial_identity,380,ground_creature,matched_adversarial_identity,0.3472222222222222,0.0,,70,1
e9418808cbd7ae60,cias_full,380_virtual_avatar_matched_adversarial_identity,380,virtual_avatar,matched_adversarial_identity,0.375,0.0,,90,1
e9418808cbd7ae60,cias_full,380_wheeled_robot_matched_adversarial_identity,380,wheeled_robot,matched_adversarial_identity,0.16666666666666666,0.0,,69,1
e9418808cbd7ae60,cias_full,381_drone_matched_adversarial_identity,381,drone,matched_adversarial_identity,0.75,0.0,0.0,22,1
e9418808cbd7ae60,cias_full,381_ground_creature_matched_adversarial_identity,381,ground_creature,matched_adversarial_identity,0.3611111111111111,0.0,,72,1
e9418808cbd7ae60,cias_full,381_virtual_avatar_matched_adversarial_identity,381,virtual_avatar,matched_adversarial_identity,0.375,0.0,,90,1
e9418808cbd7ae60,cias_full,381_wheeled_robot_matched_adversarial_identity,381,wheeled_robot,matched_adversarial_identity,0.125,0.0,,68,1
e9418808cbd7ae60,cias_full,382_drone_matched_adversarial_identity,382,drone,matched_adversarial_identity,0.2777777777777778,0.0,0.0,35,1
e9418808cbd7ae60,cias_full,382_ground_creature_matched_adversarial_identity,382,ground_creature,matched_adversarial_identity,0.3194444444444444,0.0,,79,1
e9418808cbd7ae60,cias_full,382_virtual_avatar_matched_adversarial_identity,382,virtual_avatar,matched_adversarial_identity,0.3888888888888889,0.0,,91,1
e9418808cbd7ae60,cias_full,382_wheeled_robot_matched_adversarial_identity,382,wheeled_robot,matched_adversarial_identity,0.1527777777777778,0.0,,68,1
e9418808cbd7ae60,cias_full,383_drone_matched_adversarial_identity,383,drone,matched_adversarial_identity,0.125,0.0,,32,1
e9418808cbd7ae60,cias_full,383_ground_creature_matched_adversarial_identity,383,ground_creature,matched_adversarial_identity,0.3333333333333333,0.0,,62,1
e9418808cbd7ae60,cias_full,383_virtual_avatar_matched_adversarial_identity,383,virtual_avatar,matched_adversarial_identity,0.375,0.0,,91,1
e9418808cbd7ae60,cias_full,383_wheeled_robot_matched_adversarial_identity,383,wheeled_robot,matched_adversarial_identity,0.1388888888888889,0.0,,68,1
e9418808cbd7ae60,cias_full,384_drone_matched_adversarial_identity,384,drone,matched_adversarial_identity,0.20833333333333334,0.0,0.0,34,1
e9418808cbd7ae60,cias_full,384_ground_creature_matched_adversarial_identity,384,ground_creature,matched_adversarial_identity,0.3194444444444444,0.0,,72,1
e9418808cbd7ae60,cias_full,384_virtual_avatar_matched_adversarial_identity,384,virtual_avatar,matched_adversarial_identity,0.375,0.0,,90,1
e9418808cbd7ae60,cias_full,384_wheeled_robot_matched_adversarial_identity,384,wheeled_robot,matched_adversarial_identity,0.125,0.0,,63,1
e9418808cbd7ae60,cias_full,385_drone_matched_adversarial_identity,385,drone,matched_adversarial_identity,0.125,0.18055555555555555,,31,1
e9418808cbd7ae60,cias_full,385_ground_creature_matched_adversarial_identity,385,ground_creature,matched_adversarial_identity,0.3472222222222222,0.0,,61,1
e9418808cbd7ae60,cias_full,385_virtual_avatar_matched_adversarial_identity,385,virtual_avatar,matched_adversarial_identity,0.375,0.0,,93,1
e9418808cbd7ae60,cias_full,385_wheeled_robot_matched_adversarial_identity,385,wheeled_robot,matched_adversarial_identity,0.1527777777777778,0.0,,61,1
e9418808cbd7ae60,cias_full,386_drone_matched_adversarial_identity,386,drone,matched_adversarial_identity,0.19444444444444445,0.0,0.0,43,1
e9418808cbd7ae60,cias_full,386_ground_creature_matched_adversarial_identity,386,ground_creature,matched_adversarial_identity,0.3333333333333333,0.0,,66,1
e9418808cbd7ae60,cias_full,386_virtual_avatar_matched_adversarial_identity,386,virtual_avatar,matched_adversarial_identity,0.375,0.0,,89,1
e9418808cbd7ae60,cias_full,386_wheeled_robot_matched_adversarial_identity,386,wheeled_robot,matched_adversarial_identity,0.125,0.0,,67,1
e9418808cbd7ae60,cias_full,387_drone_matched_adversarial_identity,387,drone,matched_adversarial_identity,0.2916666666666667,0.0,0.0,34,1
e9418808cbd7ae60,cias_full,387_ground_creature_matched_adversarial_identity,387,ground_creature,matched_adversarial_identity,0.3194444444444444,0.0,,63,1
e9418808cbd7ae60,cias_full,387_virtual_avatar_matched_adversarial_identity,387,virtual_avatar,matched_adversarial_identity,0.375,0.0,,90,1
e9418808cbd7ae60,cias_full,387_wheeled_robot_matched_adversarial_identity,387,wheeled_robot,matched_adversarial_identity,0.1527777777777778,0.0,,69,1
e9418808cbd7ae60,cias_full,388_drone_matched_adversarial_identity,388,drone,matched_adversarial_identity,0.3888888888888889,0.0,0.0,33,1
e9418808cbd7ae60,cias_full,388_ground_creature_matched_adversarial_identity,388,ground_creature,matched_adversarial_identity,0.3472222222222222,0.0,,70,1
e9418808cbd7ae60,cias_full,388_virtual_avatar_matched_adversarial_identity,388,virtual_avatar,matched_adversarial_identity,0.375,0.0,,90,1
e9418808cbd7ae60,cias_full,388_wheeled_robot_matched_adversarial_identity,388,wheeled_robot,matched_adversarial_identity,0.125,0.0,,62,1
e9418808cbd7ae60,cias_full,389_drone_matched_adversarial_identity,389,drone,matched_adversarial_identity,0.19444444444444445,0.0,0.0,44,1
e9418808cbd7ae60,cias_full,389_ground_creature_matched_adversarial_identity,389,ground_creature,matched_adversarial_identity,0.2777777777777778,0.0,,74,1
e9418808cbd7ae60,cias_full,389_virtual_avatar_matched_adversarial_identity,389,virtual_avatar,matched_adversarial_identity,0.375,0.0,,92,1
e9418808cbd7ae60,cias_full,389_wheeled_robot_matched_adversarial_identity,389,wheeled_robot,matched_adversarial_identity,0.16666666666666666,0.0,,67,1
e9418808cbd7ae60,cias_full,390_drone_matched_adversarial_identity,390,drone,matched_adversarial_identity,0.19444444444444445,0.0,0.0,32,1
e9418808cbd7ae60,cias_full,390_ground_creature_matched_adversarial_identity,390,ground_creature,matched_adversarial_identity,0.3333333333333333,0.0,,63,1
e9418808cbd7ae60,cias_full,390_virtual_avatar_matched_adversarial_identity,390,virtual_avatar,matched_adversarial_identity,0.375,0.0,,91,1
e9418808cbd7ae60,cias_full,390_wheeled_robot_matched_adversarial_identity,390,wheeled_robot,matched_adversarial_identity,0.16666666666666666,0.0,,61,1
e9418808cbd7ae60,cias_no_persistent_self,361_drone_matched_adversarial_identity,361,drone,matched_adversarial_identity,0.0,0.6666666666666666,,4,0
e9418808cbd7ae60,cias_no_persistent_self,361_ground_creature_matched_adversarial_identity,361,ground_creature,matched_adversarial_identity,0.0,0.6666666666666666,,4,0
e9418808cbd7ae60,cias_no_persistent_self,361_virtual_avatar_matched_adversarial_identity,361,virtual_avatar,matched_adversarial_identity,0.0,0.6666666666666666,,4,0
e9418808cbd7ae60,cias_no_persistent_self,361_wheeled_robot_matched_adversarial_identity,361,wheeled_robot,matched_adversarial_identity,0.0,0.6666666666666666,,4,0
e9418808cbd7ae60,cias_no_persistent_self,362_drone_matched_adversarial_identity,362,drone,matched_adversarial_identity,0.0,0.6666666666666666,,4,0
e9418808cbd7ae60,cias_no_persistent_self,362_ground_creature_matched_adversarial_identity,362,ground_creature,matched_adversarial_identity,0.0,0.6666666666666666,,4,0
e9418808cbd7ae60,cias_no_persistent_self,362_virtual_avatar_matched_adversarial_identity,362,virtual_avatar,matched_adversarial_identity,0.0,0.6666666666666666,,4,0
e9418808cbd7ae60,cias_no_persistent_self,362_wheeled_robot_matched_adversarial_identity,362,wheeled_robot,matched_adversarial_identity,0.0,0.6666666666666666,,4,0
e9418808cbd7ae60,cias_no_persistent_self,363_drone_matched_adversarial_identity,363,drone,matched_adversarial_identity,0.0,0.6666666666666666,,4,0
e9418808cbd7ae60,cias_no_persistent_self,363_ground_creature_matched_adversarial_identity,363,ground_creature,matched_adversarial_identity,0.0,0.6666666666666666,,4,0
e9418808cbd7ae60,cias_no_persistent_self,363_virtual_avatar_matched_adversarial_identity,363,virtual_avatar,matched_adversarial_identity,0.0,0.6666666666666666,,4,0
e9418808cbd7ae60,cias_no_persistent_self,363_wheeled_robot_matched_adversarial_identity,363,wheeled_robot,matched_adversarial_identity,0.0,0.6666666666666666,,4,0
e9418808cbd7ae60,cias_no_persistent_self,364_drone_matched_adversarial_identity,364,drone,matched_adversarial_identity,0.0,0.6666666666666666,,4,0
e9418808cbd7ae60,cias_no_persistent_self,364_ground_creature_matched_adversarial_identity,364,ground_creature,matched_adversarial_identity,0.0,0.6666666666666666,,4,0
e9418808cbd7ae60,cias_no_persistent_self,364_virtual_avatar_matched_adversarial_identity,364,virtual_avatar,matched_adversarial_identity,0.0,0.6666666666666666,,4,0
e9418808cbd7ae60,cias_no_persistent_self,364_wheeled_robot_matched_adversarial_identity,364,wheeled_robot,matched_adversarial_identity,0.0,0.6666666666666666,,4,0
e9418808cbd7ae60,cias_no_persistent_self,365_drone_matched_adversarial_identity,365,drone,matched_adversarial_identity,0.0,0.6666666666666666,,4,0
e9418808cbd7ae60,cias_no_persistent_self,365_ground_creature_matched_adversarial_identity,365,ground_creature,matched_adversarial_identity,0.0,0.6666666666666666,,4,0
e9418808cbd7ae60,cias_no_persistent_self,365_virtual_avatar_matched_adversarial_identity,365,virtual_avatar,matched_adversarial_identity,0.0,0.6666666666666666,,4,0
e9418808cbd7ae60,cias_no_persistent_self,365_wheeled_robot_matched_adversarial_identity,365,wheeled_robot,matched_adversarial_identity,0.0,0.6666666666666666,,4,0
e9418808cbd7ae60,cias_no_persistent_self,366_drone_matched_adversarial_identity,366,drone,matched_adversarial_identity,0.0,0.6666666666666666,,4,0
e9418808cbd7ae60,cias_no_persistent_self,366_ground_creature_matched_adversarial_identity,366,ground_creature,matched_adversarial_identity,0.0,0.6666666666666666,,4,0
e9418808cbd7ae60,cias_no_persistent_self,366_virtual_avatar_matched_adversarial_identity,366,virtual_avatar,matched_adversarial_identity,1.0,0.0,0.0,3,1
e9418808cbd7ae60,cias_no_persistent_self,366_wheeled_robot_matched_adversarial_identity,366,wheeled_robot,matched_adversarial_identity,0.0,0.6666666666666666,,4,0
e9418808cbd7ae60,cias_no_persistent_self,367_drone_matched_adversarial_identity,367,drone,matched_adversarial_identity,0.0,0.6666666666666666,,4,0
e9418808cbd7ae60,cias_no_persistent_self,367_ground_creature_matched_adversarial_identity,367,ground_creature,matched_adversarial_identity,0.0,0.6666666666666666,,4,0
e9418808cbd7ae60,cias_no_persistent_self,367_virtual_avatar_matched_adversarial_identity,367,virtual_avatar,matched_adversarial_identity,1.0,0.0,0.0,3,1
e9418808cbd7ae60,cias_no_persistent_self,367_wheeled_robot_matched_adversarial_identity,367,wheeled_robot,matched_adversarial_identity,0.0,0.6666666666666666,,4,0
e9418808cbd7ae60,cias_no_persistent_self,368_drone_matched_adversarial_identity,368,drone,matched_adversarial_identity,0.0,0.6666666666666666,,4,0
e9418808cbd7ae60,cias_no_persistent_self,368_ground_creature_matched_adversarial_identity,368,ground_creature,matched_adversarial_identity,1.0,0.0,0.0,3,1
e9418808cbd7ae60,cias_no_persistent_self,368_virtual_avatar_matched_adversarial_identity,368,virtual_avatar,matched_adversarial_identity,1.0,0.0,0.0,3,1
e9418808cbd7ae60,cias_no_persistent_self,368_wheeled_robot_matched_adversarial_identity,368,wheeled_robot,matched_adversarial_identity,0.0,0.6666666666666666,,4,0
e9418808cbd7ae60,cias_no_persistent_self,369_drone_matched_adversarial_identity,369,drone,matched_adversarial_identity,0.0,0.6666666666666666,,4,0
e9418808cbd7ae60,cias_no_persistent_self,369_ground_creature_matched_adversarial_identity,369,ground_creature,matched_adversarial_identity,0.0,0.6666666666666666,,4,0
e9418808cbd7ae60,cias_no_persistent_self,369_virtual_avatar_matched_adversarial_identity,369,virtual_avatar,matched_adversarial_identity,1.0,0.0,0.0,3,1
e9418808cbd7ae60,cias_no_persistent_self,369_wheeled_robot_matched_adversarial_identity,369,wheeled_robot,matched_adversarial_identity,0.0,0.6666666666666666,,4,0
e9418808cbd7ae60,cias_no_persistent_self,370_drone_matched_adversarial_identity,370,drone,matched_adversarial_identity,0.0,0.6666666666666666,,4,0
e9418808cbd7ae60,cias_no_persistent_self,370_ground_creature_matched_adversarial_identity,370,ground_creature,matched_adversarial_identity,0.0,0.6666666666666666,,4,0
e9418808cbd7ae60,cias_no_persistent_self,370_virtual_avatar_matched_adversarial_identity,370,virtual_avatar,matched_adversarial_identity,1.0,0.0,0.0,3,1
e9418808cbd7ae60,cias_no_persistent_self,370_wheeled_robot_matched_adversarial_identity,370,wheeled_robot,matched_adversarial_identity,0.0,0.6666666666666666,,4,0
e9418808cbd7ae60,cias_no_persistent_self,371_drone_matched_adversarial_identity,371,drone,matched_adversarial_identity,0.0,0.6666666666666666,,4,0
e9418808cbd7ae60,cias_no_persistent_self,371_ground_creature_matched_adversarial_identity,371,ground_creature,matched_adversarial_identity,1.0,0.0,0.0,3,1
e9418808cbd7ae60,cias_no_persistent_self,371_virtual_avatar_matched_adversarial_identity,371,virtual_avatar,matched_adversarial_identity,1.0,0.0,0.0,3,1
e9418808cbd7ae60,cias_no_persistent_self,371_wheeled_robot_matched_adversarial_identity,371,wheeled_robot,matched_adversarial_identity,1.0,0.0,0.0,3,1
e9418808cbd7ae60,cias_no_persistent_self,372_drone_matched_adversarial_identity,372,drone,matched_adversarial_identity,0.0,0.6666666666666666,,4,0
e9418808cbd7ae60,cias_no_persistent_self,372_ground_creature_matched_adversarial_identity,372,ground_creature,matched_adversarial_identity,0.0,0.6666666666666666,,4,0
e9418808cbd7ae60,cias_no_persistent_self,372_virtual_avatar_matched_adversarial_identity,372,virtual_avatar,matched_adversarial_identity,0.0,0.6666666666666666,,4,0
e9418808cbd7ae60,cias_no_persistent_self,372_wheeled_robot_matched_adversarial_identity,372,wheeled_robot,matched_adversarial_identity,0.0,0.6666666666666666,,4,0
e9418808cbd7ae60,cias_no_persistent_self,373_drone_matched_adversarial_identity,373,drone,matched_adversarial_identity,0.0,0.6666666666666666,,4,0
e9418808cbd7ae60,cias_no_persistent_self,373_ground_creature_matched_adversarial_identity,373,ground_creature,matched_adversarial_identity,0.0,0.6666666666666666,,4,0
e9418808cbd7ae60,cias_no_persistent_self,373_virtual_avatar_matched_adversarial_identity,373,virtual_avatar,matched_adversarial_identity,0.0,0.6666666666666666,,4,0
e9418808cbd7ae60,cias_no_persistent_self,373_wheeled_robot_matched_adversarial_identity,373,wheeled_robot,matched_adversarial_identity,0.0,0.6666666666666666,,4,0
e9418808cbd7ae60,cias_no_persistent_self,374_drone_matched_adversarial_identity,374,drone,matched_adversarial_identity,0.0,0.6666666666666666,,4,0
e9418808cbd7ae60,cias_no_persistent_self,374_ground_creature_matched_adversarial_identity,374,ground_creature,matched_adversarial_identity,0.0,0.6666666666666666,,4,0
e9418808cbd7ae60,cias_no_persistent_self,374_virtual_avatar_matched_adversarial_identity,374,virtual_avatar,matched_adversarial_identity,0.0,0.6666666666666666,,4,0
e9418808cbd7ae60,cias_no_persistent_self,374_wheeled_robot_matched_adversarial_identity,374,wheeled_robot,matched_adversarial_identity,0.0,0.6666666666666666,,4,0
e9418808cbd7ae60,cias_no_persistent_self,375_drone_matched_adversarial_identity,375,drone,matched_adversarial_identity,0.0,0.6666666666666666,,4,0
e9418808cbd7ae60,cias_no_persistent_self,375_ground_creature_matched_adversarial_identity,375,ground_creature,matched_adversarial_identity,0.0,0.6666666666666666,,4,0
e9418808cbd7ae60,cias_no_persistent_self,375_virtual_avatar_matched_adversarial_identity,375,virtual_avatar,matched_adversarial_identity,0.0,0.6666666666666666,,4,0
e9418808cbd7ae60,cias_no_persistent_self,375_wheeled_robot_matched_adversarial_identity,375,wheeled_robot,matched_adversarial_identity,0.0,0.6666666666666666,,4,0
e9418808cbd7ae60,cias_no_persistent_self,376_drone_matched_adversarial_identity,376,drone,matched_adversarial_identity,0.0,0.6666666666666666,,4,0
e9418808cbd7ae60,cias_no_persistent_self,376_ground_creature_matched_adversarial_identity,376,ground_creature,matched_adversarial_identity,0.0,0.6666666666666666,,4,0
e9418808cbd7ae60,cias_no_persistent_self,376_virtual_avatar_matched_adversarial_identity,376,virtual_avatar,matched_adversarial_identity,0.0,0.6666666666666666,,4,0
e9418808cbd7ae60,cias_no_persistent_self,376_wheeled_robot_matched_adversarial_identity,376,wheeled_robot,matched_adversarial_identity,0.0,0.6666666666666666,,4,0
e9418808cbd7ae60,cias_no_persistent_self,377_drone_matched_adversarial_identity,377,drone,matched_adversarial_identity,0.0,0.6666666666666666,,4,0
e9418808cbd7ae60,cias_no_persistent_self,377_ground_creature_matched_adversarial_identity,377,ground_creature,matched_adversarial_identity,0.0,0.6666666666666666,,4,0
e9418808cbd7ae60,cias_no_persistent_self,377_virtual_avatar_matched_adversarial_identity,377,virtual_avatar,matched_adversarial_identity,0.0,0.6666666666666666,,4,0
e9418808cbd7ae60,cias_no_persistent_self,377_wheeled_robot_matched_adversarial_identity,377,wheeled_robot,matched_adversarial_identity,0.0,0.6666666666666666,,4,0
e9418808cbd7ae60,cias_no_persistent_self,378_drone_matched_adversarial_identity,378,drone,matched_adversarial_identity,0.0,0.6666666666666666,,4,0
e9418808cbd7ae60,cias_no_persistent_self,378_ground_creature_matched_adversarial_identity,378,ground_creature,matched_adversarial_identity,0.0,0.6666666666666666,,4,0
e9418808cbd7ae60,cias_no_persistent_self,378_virtual_avatar_matched_adversarial_identity,378,virtual_avatar,matched_adversarial_identity,0.0,0.6666666666666666,,4,0
e9418808cbd7ae60,cias_no_persistent_self,378_wheeled_robot_matched_adversarial_identity,378,wheeled_robot,matched_adversarial_identity,0.0,0.6666666666666666,,4,0
e9418808cbd7ae60,cias_no_persistent_self,379_drone_matched_adversarial_identity,379,drone,matched_adversarial_identity,0.0,0.6666666666666666,,4,0
e9418808cbd7ae60,cias_no_persistent_self,379_ground_creature_matched_adversarial_identity,379,ground_creature,matched_adversarial_identity,0.0,0.6666666666666666,,4,0
e9418808cbd7ae60,cias_no_persistent_self,379_virtual_avatar_matched_adversarial_identity,379,virtual_avatar,matched_adversarial_identity,0.0,0.6666666666666666,,4,0
e9418808cbd7ae60,cias_no_persistent_self,379_wheeled_robot_matched_adversarial_identity,379,wheeled_robot,matched_adversarial_identity,0.0,0.6666666666666666,,4,0
e9418808cbd7ae60,cias_no_persistent_self,380_drone_matched_adversarial_identity,380,drone,matched_adversarial_identity,0.0,0.6666666666666666,,4,0
e9418808cbd7ae60,cias_no_persistent_self,380_ground_creature_matched_adversarial_identity,380,ground_creature,matched_adversarial_identity,0.0,0.6666666666666666,,4,0
e9418808cbd7ae60,cias_no_persistent_self,380_virtual_avatar_matched_adversarial_identity,380,virtual_avatar,matched_adversarial_identity,0.0,0.6666666666666666,,4,0
e9418808cbd7ae60,cias_no_persistent_self,380_wheeled_robot_matched_adversarial_identity,380,wheeled_robot,matched_adversarial_identity,0.0,0.6666666666666666,,4,0
e9418808cbd7ae60,cias_no_persistent_self,381_drone_matched_adversarial_identity,381,drone,matched_adversarial_identity,0.0,0.6666666666666666,,4,0
e9418808cbd7ae60,cias_no_persistent_self,381_ground_creature_matched_adversarial_identity,381,ground_creature,matched_adversarial_identity,0.0,0.6666666666666666,,4,0
e9418808cbd7ae60,cias_no_persistent_self,381_virtual_avatar_matched_adversarial_identity,381,virtual_avatar,matched_adversarial_identity,0.0,0.6666666666666666,,4,0
e9418808cbd7ae60,cias_no_persistent_self,381_wheeled_robot_matched_adversarial_identity,381,wheeled_robot,matched_adversarial_identity,0.0,0.6666666666666666,,4,0
e9418808cbd7ae60,cias_no_persistent_self,382_drone_matched_adversarial_identity,382,drone,matched_adversarial_identity,0.0,0.6666666666666666,,4,0
e9418808cbd7ae60,cias_no_persistent_self,382_ground_creature_matched_adversarial_identity,382,ground_creature,matched_adversarial_identity,0.0,0.6666666666666666,,4,0
e9418808cbd7ae60,cias_no_persistent_self,382_virtual_avatar_matched_adversarial_identity,382,virtual_avatar,matched_adversarial_identity,0.0,0.6666666666666666,,4,0
e9418808cbd7ae60,cias_no_persistent_self,382_wheeled_robot_matched_adversarial_identity,382,wheeled_robot,matched_adversarial_identity,0.0,0.6666666666666666,,4,0
e9418808cbd7ae60,cias_no_persistent_self,383_drone_matched_adversarial_identity,383,drone,matched_adversarial_identity,0.0,0.6666666666666666,,4,0
e9418808cbd7ae60,cias_no_persistent_self,383_ground_creature_matched_adversarial_identity,383,ground_creature,matched_adversarial_identity,0.0,0.6666666666666666,,4,0
e9418808cbd7ae60,cias_no_persistent_self,383_virtual_avatar_matched_adversarial_identity,383,virtual_avatar,matched_adversarial_identity,0.0,0.6666666666666666,,4,0
e9418808cbd7ae60,cias_no_persistent_self,383_wheeled_robot_matched_adversarial_identity,383,wheeled_robot,matched_adversarial_identity,0.0,0.6666666666666666,,4,0
e9418808cbd7ae60,cias_no_persistent_self,384_drone_matched_adversarial_identity,384,drone,matched_adversarial_identity,0.0,0.6666666666666666,,4,0
e9418808cbd7ae60,cias_no_persistent_self,384_ground_creature_matched_adversarial_identity,384,ground_creature,matched_adversarial_identity,0.0,0.6666666666666666,,4,0
e9418808cbd7ae60,cias_no_persistent_self,384_virtual_avatar_matched_adversarial_identity,384,virtual_avatar,matched_adversarial_identity,0.0,0.6666666666666666,,4,0
e9418808cbd7ae60,cias_no_persistent_self,384_wheeled_robot_matched_adversarial_identity,384,wheeled_robot,matched_adversarial_identity,0.0,0.6666666666666666,,4,0
e9418808cbd7ae60,cias_no_persistent_self,385_drone_matched_adversarial_identity,385,drone,matched_adversarial_identity,0.0,0.6666666666666666,,4,0
e9418808cbd7ae60,cias_no_persistent_self,385_ground_creature_matched_adversarial_identity,385,ground_creature,matched_adversarial_identity,0.0,0.6666666666666666,,4,0
e9418808cbd7ae60,cias_no_persistent_self,385_virtual_avatar_matched_adversarial_identity,385,virtual_avatar,matched_adversarial_identity,0.0,0.6666666666666666,,4,0
e9418808cbd7ae60,cias_no_persistent_self,385_wheeled_robot_matched_adversarial_identity,385,wheeled_robot,matched_adversarial_identity,0.0,0.6666666666666666,,4,0
e9418808cbd7ae60,cias_no_persistent_self,386_drone_matched_adversarial_identity,386,drone,matched_adversarial_identity,0.0,0.6666666666666666,,4,0
e9418808cbd7ae60,cias_no_persistent_self,386_ground_creature_matched_adversarial_identity,386,ground_creature,matched_adversarial_identity,0.0,0.6666666666666666,,4,0
e9418808cbd7ae60,cias_no_persistent_self,386_virtual_avatar_matched_adversarial_identity,386,virtual_avatar,matched_adversarial_identity,0.0,0.6666666666666666,,4,0
e9418808cbd7ae60,cias_no_persistent_self,386_wheeled_robot_matched_adversarial_identity,386,wheeled_robot,matched_adversarial_identity,0.0,0.6666666666666666,,4,0
e9418808cbd7ae60,cias_no_persistent_self,387_drone_matched_adversarial_identity,387,drone,matched_adversarial_identity,0.0,0.6666666666666666,,4,0
e9418808cbd7ae60,cias_no_persistent_self,387_ground_creature_matched_adversarial_identity,387,ground_creature,matched_adversarial_identity,0.0,0.6666666666666666,,4,0
e9418808cbd7ae60,cias_no_persistent_self,387_virtual_avatar_matched_adversarial_identity,387,virtual_avatar,matched_adversarial_identity,0.0,0.6666666666666666,,4,0
e9418808cbd7ae60,cias_no_persistent_self,387_wheeled_robot_matched_adversarial_identity,387,wheeled_robot,matched_adversarial_identity,0.0,0.6666666666666666,,4,0
e9418808cbd7ae60,cias_no_persistent_self,388_drone_matched_adversarial_identity,388,drone,matched_adversarial_identity,0.0,0.6666666666666666,,4,0
e9418808cbd7ae60,cias_no_persistent_self,388_ground_creature_matched_adversarial_identity,388,ground_creature,matched_adversarial_identity,0.0,0.6666666666666666,,4,0
e9418808cbd7ae60,cias_no_persistent_self,388_virtual_avatar_matched_adversarial_identity,388,virtual_avatar,matched_adversarial_identity,0.0,0.6666666666666666,,4,0
e9418808cbd7ae60,cias_no_persistent_self,388_wheeled_robot_matched_adversarial_identity,388,wheeled_robot,matched_adversarial_identity,0.0,0.6666666666666666,,4,0
e9418808cbd7ae60,cias_no_persistent_self,389_drone_matched_adversarial_identity,389,drone,matched_adversarial_identity,0.0,0.6666666666666666,,4,0
e9418808cbd7ae60,cias_no_persistent_self,389_ground_creature_matched_adversarial_identity,389,ground_creature,matched_adversarial_identity,1.0,0.0,0.0,3,1
e9418808cbd7ae60,cias_no_persistent_self,389_virtual_avatar_matched_adversarial_identity,389,virtual_avatar,matched_adversarial_identity,1.0,0.0,0.0,3,1
e9418808cbd7ae60,cias_no_persistent_self,389_wheeled_robot_matched_adversarial_identity,389,wheeled_robot,matched_adversarial_identity,0.0,0.6666666666666666,,4,0
e9418808cbd7ae60,cias_no_persistent_self,390_drone_matched_adversarial_identity,390,drone,matched_adversarial_identity,0.0,0.6666666666666666,,4,0
e9418808cbd7ae60,cias_no_persistent_self,390_ground_creature_matched_adversarial_identity,390,ground_creature,matched_adversarial_identity,0.0,0.6666666666666666,,4,0
e9418808cbd7ae60,cias_no_persistent_self,390_virtual_avatar_matched_adversarial_identity,390,virtual_avatar,matched_adversarial_identity,0.0,0.6666666666666666,,4,0
e9418808cbd7ae60,cias_no_persistent_self,390_wheeled_robot_matched_adversarial_identity,390,wheeled_robot,matched_adversarial_identity,0.0,0.6666666666666666,,4,0
f740ac6001868916,cias_full,361_drone_matched_adversarial_identity,361,drone,matched_adversarial_identity,1.0,0.0,0.0,10,1
f740ac6001868916,cias_full,361_ground_creature_matched_adversarial_identity,361,ground_creature,matched_adversarial_identity,1.0,0.0,0.0,0,1
f740ac6001868916,cias_full,361_virtual_avatar_matched_adversarial_identity,361,virtual_avatar,matched_adversarial_identity,1.0,0.0,0.0,0,1
f740ac6001868916,cias_full,361_wheeled_robot_matched_adversarial_identity,361,wheeled_robot,matched_adversarial_identity,1.0,0.0,0.0,0,1
f740ac6001868916,cias_full,362_drone_matched_adversarial_identity,362,drone,matched_adversarial_identity,0.9166666666666666,0.0,0.0,18,1
f740ac6001868916,cias_full,362_ground_creature_matched_adversarial_identity,362,ground_creature,matched_adversarial_identity,1.0,0.0,0.0,0,1
f740ac6001868916,cias_full,362_virtual_avatar_matched_adversarial_identity,362,virtual_avatar,matched_adversarial_identity,1.0,0.0,0.0,0,1
f740ac6001868916,cias_full,362_wheeled_robot_matched_adversarial_identity,362,wheeled_robot,matched_adversarial_identity,1.0,0.0,0.0,0,1
f740ac6001868916,cias_full,363_drone_matched_adversarial_identity,363,drone,matched_adversarial_identity,0.8333333333333334,0.0,0.0,18,1
f740ac6001868916,cias_full,363_ground_creature_matched_adversarial_identity,363,ground_creature,matched_adversarial_identity,1.0,0.0,0.0,0,1
f740ac6001868916,cias_full,363_virtual_avatar_matched_adversarial_identity,363,virtual_avatar,matched_adversarial_identity,1.0,0.0,0.0,0,1
f740ac6001868916,cias_full,363_wheeled_robot_matched_adversarial_identity,363,wheeled_robot,matched_adversarial_identity,1.0,0.0,0.0,0,1
f740ac6001868916,cias_full,364_drone_matched_adversarial_identity,364,drone,matched_adversarial_identity,0.9861111111111112,0.013888888888888888,0.1,14,1
f740ac6001868916,cias_full,364_ground_creature_matched_adversarial_identity,364,ground_creature,matched_adversarial_identity,1.0,0.0,0.0,0,1
f740ac6001868916,cias_full,364_virtual_avatar_matched_adversarial_identity,364,virtual_avatar,matched_adversarial_identity,1.0,0.0,0.0,0,1
f740ac6001868916,cias_full,364_wheeled_robot_matched_adversarial_identity,364,wheeled_robot,matched_adversarial_identity,0.9722222222222222,0.0,0.0,4,1
f740ac6001868916,cias_full,365_drone_matched_adversarial_identity,365,drone,matched_adversarial_identity,0.8611111111111112,0.013888888888888888,0.1,28,1
f740ac6001868916,cias_full,365_ground_creature_matched_adversarial_identity,365,ground_creature,matched_adversarial_identity,1.0,0.0,0.0,0,1
f740ac6001868916,cias_full,365_virtual_avatar_matched_adversarial_identity,365,virtual_avatar,matched_adversarial_identity,1.0,0.0,0.0,0,1
f740ac6001868916,cias_full,365_wheeled_robot_matched_adversarial_identity,365,wheeled_robot,matched_adversarial_identity,1.0,0.0,0.0,0,1
f740ac6001868916,cias_full,366_drone_matched_adversarial_identity,366,drone,matched_adversarial_identity,0.9583333333333334,0.0,0.0,8,1
f740ac6001868916,cias_full,366_ground_creature_matched_adversarial_identity,366,ground_creature,matched_adversarial_identity,1.0,0.0,0.0,0,1
f740ac6001868916,cias_full,366_virtual_avatar_matched_adversarial_identity,366,virtual_avatar,matched_adversarial_identity,1.0,0.0,0.0,0,1
f740ac6001868916,cias_full,366_wheeled_robot_matched_adversarial_identity,366,wheeled_robot,matched_adversarial_identity,1.0,0.0,0.0,0,1
f740ac6001868916,cias_full,367_drone_matched_adversarial_identity,367,drone,matched_adversarial_identity,0.8472222222222222,0.05555555555555555,0.5,26,1
f740ac6001868916,cias_full,367_ground_creature_matched_adversarial_identity,367,ground_creature,matched_adversarial_identity,1.0,0.0,0.0,0,1
f740ac6001868916,cias_full,367_virtual_avatar_matched_adversarial_identity,367,virtual_avatar,matched_adversarial_identity,1.0,0.0,0.0,0,1
f740ac6001868916,cias_full,367_wheeled_robot_matched_adversarial_identity,367,wheeled_robot,matched_adversarial_identity,0.9861111111111112,0.0,0.0,2,1
f740ac6001868916,cias_full,368_drone_matched_adversarial_identity,368,drone,matched_adversarial_identity,0.8611111111111112,0.0,0.0,16,1
f740ac6001868916,cias_full,368_ground_creature_matched_adversarial_identity,368,ground_creature,matched_adversarial_identity,1.0,0.0,0.0,0,1
f740ac6001868916,cias_full,368_virtual_avatar_matched_adversarial_identity,368,virtual_avatar,matched_adversarial_identity,1.0,0.0,0.0,0,1
f740ac6001868916,cias_full,368_wheeled_robot_matched_adversarial_identity,368,wheeled_robot,matched_adversarial_identity,1.0,0.0,0.0,0,1
f740ac6001868916,cias_full,369_drone_matched_adversarial_identity,369,drone,matched_adversarial_identity,0.8888888888888888,0.06944444444444445,0.5,14,1
f740ac6001868916,cias_full,369_ground_creature_matched_adversarial_identity,369,ground_creature,matched_adversarial_identity,1.0,0.0,0.0,0,1
f740ac6001868916,cias_full,369_virtual_avatar_matched_adversarial_identity,369,virtual_avatar,matched_adversarial_identity,1.0,0.0,0.0,0,1
f740ac6001868916,cias_full,369_wheeled_robot_matched_adversarial_identity,369,wheeled_robot,matched_adversarial_identity,1.0,0.0,0.0,0,1
f740ac6001868916,cias_full,370_drone_matched_adversarial_identity,370,drone,matched_adversarial_identity,0.9166666666666666,0.013888888888888888,0.1,16,1
f740ac6001868916,cias_full,370_ground_creature_matched_adversarial_identity,370,ground_creature,matched_adversarial_identity,1.0,0.0,0.0,0,1
f740ac6001868916,cias_full,370_virtual_avatar_matched_adversarial_identity,370,virtual_avatar,matched_adversarial_identity,1.0,0.0,0.0,0,1
f740ac6001868916,cias_full,370_wheeled_robot_matched_adversarial_identity,370,wheeled_robot,matched_adversarial_identity,1.0,0.0,0.0,2,1
f740ac6001868916,cias_full,371_drone_matched_adversarial_identity,371,drone,matched_adversarial_identity,0.9027777777777778,0.0,0.0,16,1
f740ac6001868916,cias_full,371_ground_creature_matched_adversarial_identity,371,ground_creature,matched_adversarial_identity,1.0,0.0,0.0,0,1
f740ac6001868916,cias_full,371_virtual_avatar_matched_adversarial_identity,371,virtual_avatar,matched_adversarial_identity,1.0,0.0,0.0,0,1
f740ac6001868916,cias_full,371_wheeled_robot_matched_adversarial_identity,371,wheeled_robot,matched_adversarial_identity,1.0,0.0,0.0,2,1
f740ac6001868916,cias_full,372_drone_matched_adversarial_identity,372,drone,matched_adversarial_identity,0.7638888888888888,0.041666666666666664,0.5,26,1
f740ac6001868916,cias_full,372_ground_creature_matched_adversarial_identity,372,ground_creature,matched_adversarial_identity,1.0,0.0,0.0,0,1
f740ac6001868916,cias_full,372_virtual_avatar_matched_adversarial_identity,372,virtual_avatar,matched_adversarial_identity,1.0,0.0,0.0,0,1
f740ac6001868916,cias_full,372_wheeled_robot_matched_adversarial_identity,372,wheeled_robot,matched_adversarial_identity,0.9861111111111112,0.0,0.0,4,1
f740ac6001868916,cias_full,373_drone_matched_adversarial_identity,373,drone,matched_adversarial_identity,0.8194444444444444,0.013888888888888888,0.1,24,1
f740ac6001868916,cias_full,373_ground_creature_matched_adversarial_identity,373,ground_creature,matched_adversarial_identity,1.0,0.0,0.0,0,1
f740ac6001868916,cias_full,373_virtual_avatar_matched_adversarial_identity,373,virtual_avatar,matched_adversarial_identity,1.0,0.0,0.0,0,1
f740ac6001868916,cias_full,373_wheeled_robot_matched_adversarial_identity,373,wheeled_robot,matched_adversarial_identity,1.0,0.0,0.0,0,1
f740ac6001868916,cias_full,374_drone_matched_adversarial_identity,374,drone,matched_adversarial_identity,0.9583333333333334,0.0,0.0,12,1
f740ac6001868916,cias_full,374_ground_creature_matched_adversarial_identity,374,ground_creature,matched_adversarial_identity,1.0,0.0,0.0,0,1
f740ac6001868916,cias_full,374_virtual_avatar_matched_adversarial_identity,374,virtual_avatar,matched_adversarial_identity,1.0,0.0,0.0,0,1
f740ac6001868916,cias_full,374_wheeled_robot_matched_adversarial_identity,374,wheeled_robot,matched_adversarial_identity,1.0,0.0,0.0,2,1
f740ac6001868916,cias_full,375_drone_matched_adversarial_identity,375,drone,matched_adversarial_identity,0.8194444444444444,0.06944444444444445,0.5,24,1
f740ac6001868916,cias_full,375_ground_creature_matched_adversarial_identity,375,ground_creature,matched_adversarial_identity,1.0,0.0,0.0,0,1
f740ac6001868916,cias_full,375_virtual_avatar_matched_adversarial_identity,375,virtual_avatar,matched_adversarial_identity,1.0,0.0,0.0,0,1
f740ac6001868916,cias_full,375_wheeled_robot_matched_adversarial_identity,375,wheeled_robot,matched_adversarial_identity,0.9861111111111112,0.0,0.0,2,1
f740ac6001868916,cias_full,376_drone_matched_adversarial_identity,376,drone,matched_adversarial_identity,0.7916666666666666,0.05555555555555555,0.5,30,1
f740ac6001868916,cias_full,376_ground_creature_matched_adversarial_identity,376,ground_creature,matched_adversarial_identity,1.0,0.0,0.0,0,1
f740ac6001868916,cias_full,376_virtual_avatar_matched_adversarial_identity,376,virtual_avatar,matched_adversarial_identity,1.0,0.0,0.0,0,1
f740ac6001868916,cias_full,376_wheeled_robot_matched_adversarial_identity,376,wheeled_robot,matched_adversarial_identity,1.0,0.0,0.0,0,1
f740ac6001868916,cias_full,377_drone_matched_adversarial_identity,377,drone,matched_adversarial_identity,0.8055555555555556,0.013888888888888888,0.1,18,1
f740ac6001868916,cias_full,377_ground_creature_matched_adversarial_identity,377,ground_creature,matched_adversarial_identity,1.0,0.0,0.0,0,1
f740ac6001868916,cias_full,377_virtual_avatar_matched_adversarial_identity,377,virtual_avatar,matched_adversarial_identity,1.0,0.0,0.0,0,1
f740ac6001868916,cias_full,377_wheeled_robot_matched_adversarial_identity,377,wheeled_robot,matched_adversarial_identity,1.0,0.0,0.0,2,1
f740ac6001868916,cias_full,378_drone_matched_adversarial_identity,378,drone,matched_adversarial_identity,0.8611111111111112,0.013888888888888888,0.1,26,1
f740ac6001868916,cias_full,378_ground_creature_matched_adversarial_identity,378,ground_creature,matched_adversarial_identity,1.0,0.0,0.0,0,1
f740ac6001868916,cias_full,378_virtual_avatar_matched_adversarial_identity,378,virtual_avatar,matched_adversarial_identity,1.0,0.0,0.0,0,1
f740ac6001868916,cias_full,378_wheeled_robot_matched_adversarial_identity,378,wheeled_robot,matched_adversarial_identity,1.0,0.0,0.0,2,1
f740ac6001868916,cias_full,379_drone_matched_adversarial_identity,379,drone,matched_adversarial_identity,0.9583333333333334,0.013888888888888888,0.1,14,1
f740ac6001868916,cias_full,379_ground_creature_matched_adversarial_identity,379,ground_creature,matched_adversarial_identity,1.0,0.0,0.0,0,1
f740ac6001868916,cias_full,379_virtual_avatar_matched_adversarial_identity,379,virtual_avatar,matched_adversarial_identity,1.0,0.0,0.0,0,1
f740ac6001868916,cias_full,379_wheeled_robot_matched_adversarial_identity,379,wheeled_robot,matched_adversarial_identity,1.0,0.0,0.0,2,1
f740ac6001868916,cias_full,380_drone_matched_adversarial_identity,380,drone,matched_adversarial_identity,0.8194444444444444,0.013888888888888888,0.1,24,1
f740ac6001868916,cias_full,380_ground_creature_matched_adversarial_identity,380,ground_creature,matched_adversarial_identity,1.0,0.0,0.0,0,1
f740ac6001868916,cias_full,380_virtual_avatar_matched_adversarial_identity,380,virtual_avatar,matched_adversarial_identity,1.0,0.0,0.0,0,1
f740ac6001868916,cias_full,380_wheeled_robot_matched_adversarial_identity,380,wheeled_robot,matched_adversarial_identity,1.0,0.0,0.0,2,1
f740ac6001868916,cias_full,381_drone_matched_adversarial_identity,381,drone,matched_adversarial_identity,0.8611111111111112,0.0,0.0,22,1
f740ac6001868916,cias_full,381_ground_creature_matched_adversarial_identity,381,ground_creature,matched_adversarial_identity,1.0,0.0,0.0,0,1
f740ac6001868916,cias_full,381_virtual_avatar_matched_adversarial_identity,381,virtual_avatar,matched_adversarial_identity,1.0,0.0,0.0,0,1
f740ac6001868916,cias_full,381_wheeled_robot_matched_adversarial_identity,381,wheeled_robot,matched_adversarial_identity,1.0,0.0,0.0,0,1
f740ac6001868916,cias_full,382_drone_matched_adversarial_identity,382,drone,matched_adversarial_identity,0.9444444444444444,0.0,0.0,14,1
f740ac6001868916,cias_full,382_ground_creature_matched_adversarial_identity,382,ground_creature,matched_adversarial_identity,1.0,0.0,0.0,0,1
f740ac6001868916,cias_full,382_virtual_avatar_matched_adversarial_identity,382,virtual_avatar,matched_adversarial_identity,1.0,0.0,0.0,0,1
f740ac6001868916,cias_full,382_wheeled_robot_matched_adversarial_identity,382,wheeled_robot,matched_adversarial_identity,1.0,0.0,0.0,0,1
f740ac6001868916,cias_full,383_drone_matched_adversarial_identity,383,drone,matched_adversarial_identity,0.9027777777777778,0.027777777777777776,0.2,18,1
f740ac6001868916,cias_full,383_ground_creature_matched_adversarial_identity,383,ground_creature,matched_adversarial_identity,1.0,0.0,0.0,0,1
f740ac6001868916,cias_full,383_virtual_avatar_matched_adversarial_identity,383,virtual_avatar,matched_adversarial_identity,1.0,0.0,0.0,0,1
f740ac6001868916,cias_full,383_wheeled_robot_matched_adversarial_identity,383,wheeled_robot,matched_adversarial_identity,1.0,0.0,0.0,4,1
f740ac6001868916,cias_full,384_drone_matched_adversarial_identity,384,drone,matched_adversarial_identity,0.8611111111111112,0.0,0.0,16,1
f740ac6001868916,cias_full,384_ground_creature_matched_adversarial_identity,384,ground_creature,matched_adversarial_identity,1.0,0.0,0.0,0,1
f740ac6001868916,cias_full,384_virtual_avatar_matched_adversarial_identity,384,virtual_avatar,matched_adversarial_identity,1.0,0.0,0.0,0,1
f740ac6001868916,cias_full,384_wheeled_robot_matched_adversarial_identity,384,wheeled_robot,matched_adversarial_identity,1.0,0.0,0.0,2,1
f740ac6001868916,cias_full,385_drone_matched_adversarial_identity,385,drone,matched_adversarial_identity,0.9722222222222222,0.0,0.0,10,1
f740ac6001868916,cias_full,385_ground_creature_matched_adversarial_identity,385,ground_creature,matched_adversarial_identity,1.0,0.0,0.0,0,1
f740ac6001868916,cias_full,385_virtual_avatar_matched_adversarial_identity,385,virtual_avatar,matched_adversarial_identity,1.0,0.0,0.0,0,1
f740ac6001868916,cias_full,385_wheeled_robot_matched_adversarial_identity,385,wheeled_robot,matched_adversarial_identity,1.0,0.0,0.0,0,1
f740ac6001868916,cias_full,386_drone_matched_adversarial_identity,386,drone,matched_adversarial_identity,0.9027777777777778,0.027777777777777776,0.2,18,1
f740ac6001868916,cias_full,386_ground_creature_matched_adversarial_identity,386,ground_creature,matched_adversarial_identity,1.0,0.0,0.0,0,1
f740ac6001868916,cias_full,386_virtual_avatar_matched_adversarial_identity,386,virtual_avatar,matched_adversarial_identity,1.0,0.0,0.0,0,1
f740ac6001868916,cias_full,386_wheeled_robot_matched_adversarial_identity,386,wheeled_robot,matched_adversarial_identity,1.0,0.0,0.0,0,1
f740ac6001868916,cias_full,387_drone_matched_adversarial_identity,387,drone,matched_adversarial_identity,0.7638888888888888,0.041666666666666664,0.5,22,1
f740ac6001868916,cias_full,387_ground_creature_matched_adversarial_identity,387,ground_creature,matched_adversarial_identity,1.0,0.0,0.0,0,1
f740ac6001868916,cias_full,387_virtual_avatar_matched_adversarial_identity,387,virtual_avatar,matched_adversarial_identity,1.0,0.0,0.0,0,1
f740ac6001868916,cias_full,387_wheeled_robot_matched_adversarial_identity,387,wheeled_robot,matched_adversarial_identity,1.0,0.0,0.0,4,1
f740ac6001868916,cias_full,388_drone_matched_adversarial_identity,388,drone,matched_adversarial_identity,0.9444444444444444,0.0,0.0,14,1
f740ac6001868916,cias_full,388_ground_creature_matched_adversarial_identity,388,ground_creature,matched_adversarial_identity,1.0,0.0,0.0,0,1
f740ac6001868916,cias_full,388_virtual_avatar_matched_adversarial_identity,388,virtual_avatar,matched_adversarial_identity,1.0,0.0,0.0,0,1
f740ac6001868916,cias_full,388_wheeled_robot_matched_adversarial_identity,388,wheeled_robot,matched_adversarial_identity,1.0,0.0,0.0,0,1
f740ac6001868916,cias_full,389_drone_matched_adversarial_identity,389,drone,matched_adversarial_identity,0.9583333333333334,0.0,0.0,12,1
f740ac6001868916,cias_full,389_ground_creature_matched_adversarial_identity,389,ground_creature,matched_adversarial_identity,1.0,0.0,0.0,0,1
f740ac6001868916,cias_full,389_virtual_avatar_matched_adversarial_identity,389,virtual_avatar,matched_adversarial_identity,1.0,0.0,0.0,0,1
f740ac6001868916,cias_full,389_wheeled_robot_matched_adversarial_identity,389,wheeled_robot,matched_adversarial_identity,1.0,0.0,0.0,0,1
f740ac6001868916,cias_full,390_drone_matched_adversarial_identity,390,drone,matched_adversarial_identity,0.9583333333333334,0.013888888888888888,0.1,12,1
f740ac6001868916,cias_full,390_ground_creature_matched_adversarial_identity,390,ground_creature,matched_adversarial_identity,1.0,0.0,0.0,0,1
f740ac6001868916,cias_full,390_virtual_avatar_matched_adversarial_identity,390,virtual_avatar,matched_adversarial_identity,1.0,0.0,0.0,0,1
f740ac6001868916,cias_full,390_wheeled_robot_matched_adversarial_identity,390,wheeled_robot,matched_adversarial_identity,1.0,0.0,0.0,2,1
f740ac6001868916,cias_no_persistent_self,361_drone_matched_adversarial_identity,361,drone,matched_adversarial_identity,0.0,0.6666666666666666,,4,0
f740ac6001868916,cias_no_persistent_self,361_ground_creature_matched_adversarial_identity,361,ground_creature,matched_adversarial_identity,0.0,0.6666666666666666,,4,0
f740ac6001868916,cias_no_persistent_self,361_virtual_avatar_matched_adversarial_identity,361,virtual_avatar,matched_adversarial_identity,0.0,0.6666666666666666,,4,0
f740ac6001868916,cias_no_persistent_self,361_wheeled_robot_matched_adversarial_identity,361,wheeled_robot,matched_adversarial_identity,0.0,0.6666666666666666,,4,0
f740ac6001868916,cias_no_persistent_self,362_drone_matched_adversarial_identity,362,drone,matched_adversarial_identity,0.0,0.6666666666666666,,4,0
f740ac6001868916,cias_no_persistent_self,362_ground_creature_matched_adversarial_identity,362,ground_creature,matched_adversarial_identity,0.0,0.6666666666666666,,4,0
f740ac6001868916,cias_no_persistent_self,362_virtual_avatar_matched_adversarial_identity,362,virtual_avatar,matched_adversarial_identity,0.0,0.6666666666666666,,4,0
f740ac6001868916,cias_no_persistent_self,362_wheeled_robot_matched_adversarial_identity,362,wheeled_robot,matched_adversarial_identity,0.0,0.6666666666666666,,4,0
f740ac6001868916,cias_no_persistent_self,363_drone_matched_adversarial_identity,363,drone,matched_adversarial_identity,0.0,0.6666666666666666,,4,0
f740ac6001868916,cias_no_persistent_self,363_ground_creature_matched_adversarial_identity,363,ground_creature,matched_adversarial_identity,0.0,0.6666666666666666,,4,0
f740ac6001868916,cias_no_persistent_self,363_virtual_avatar_matched_adversarial_identity,363,virtual_avatar,matched_adversarial_identity,0.0,0.6666666666666666,,4,0
f740ac6001868916,cias_no_persistent_self,363_wheeled_robot_matched_adversarial_identity,363,wheeled_robot,matched_adversarial_identity,0.0,0.6666666666666666,,4,0
f740ac6001868916,cias_no_persistent_self,364_drone_matched_adversarial_identity,364,drone,matched_adversarial_identity,0.0,0.6666666666666666,,4,0
f740ac6001868916,cias_no_persistent_self,364_ground_creature_matched_adversarial_identity,364,ground_creature,matched_adversarial_identity,0.0,0.6666666666666666,,4,0
f740ac6001868916,cias_no_persistent_self,364_virtual_avatar_matched_adversarial_identity,364,virtual_avatar,matched_adversarial_identity,0.0,0.6666666666666666,,4,0
f740ac6001868916,cias_no_persistent_self,364_wheeled_robot_matched_adversarial_identity,364,wheeled_robot,matched_adversarial_identity,0.0,0.6666666666666666,,4,0
f740ac6001868916,cias_no_persistent_self,365_drone_matched_adversarial_identity,365,drone,matched_adversarial_identity,0.0,0.6666666666666666,,4,0
f740ac6001868916,cias_no_persistent_self,365_ground_creature_matched_adversarial_identity,365,ground_creature,matched_adversarial_identity,0.0,0.6666666666666666,,4,0
f740ac6001868916,cias_no_persistent_self,365_virtual_avatar_matched_adversarial_identity,365,virtual_avatar,matched_adversarial_identity,0.0,0.6666666666666666,,4,0
f740ac6001868916,cias_no_persistent_self,365_wheeled_robot_matched_adversarial_identity,365,wheeled_robot,matched_adversarial_identity,0.0,0.6666666666666666,,4,0
f740ac6001868916,cias_no_persistent_self,366_drone_matched_adversarial_identity,366,drone,matched_adversarial_identity,0.0,0.6666666666666666,,4,0
f740ac6001868916,cias_no_persistent_self,366_ground_creature_matched_adversarial_identity,366,ground_creature,matched_adversarial_identity,0.0,0.6666666666666666,,4,0
f740ac6001868916,cias_no_persistent_self,366_virtual_avatar_matched_adversarial_identity,366,virtual_avatar,matched_adversarial_identity,0.0,0.6666666666666666,,4,0
f740ac6001868916,cias_no_persistent_self,366_wheeled_robot_matched_adversarial_identity,366,wheeled_robot,matched_adversarial_identity,0.0,0.6666666666666666,,4,0
f740ac6001868916,cias_no_persistent_self,367_drone_matched_adversarial_identity,367,drone,matched_adversarial_identity,0.0,0.6666666666666666,,4,0
f740ac6001868916,cias_no_persistent_self,367_ground_creature_matched_adversarial_identity,367,ground_creature,matched_adversarial_identity,0.0,0.6666666666666666,,4,0
f740ac6001868916,cias_no_persistent_self,367_virtual_avatar_matched_adversarial_identity,367,virtual_avatar,matched_adversarial_identity,0.0,0.6666666666666666,,4,0
f740ac6001868916,cias_no_persistent_self,367_wheeled_robot_matched_adversarial_identity,367,wheeled_robot,matched_adversarial_identity,0.0,0.6666666666666666,,4,0
f740ac6001868916,cias_no_persistent_self,368_drone_matched_adversarial_identity,368,drone,matched_adversarial_identity,0.0,0.6666666666666666,,4,0
f740ac6001868916,cias_no_persistent_self,368_ground_creature_matched_adversarial_identity,368,ground_creature,matched_adversarial_identity,0.0,0.6666666666666666,,4,0
f740ac6001868916,cias_no_persistent_self,368_virtual_avatar_matched_adversarial_identity,368,virtual_avatar,matched_adversarial_identity,0.0,0.6666666666666666,,4,0
f740ac6001868916,cias_no_persistent_self,368_wheeled_robot_matched_adversarial_identity,368,wheeled_robot,matched_adversarial_identity,0.0,0.6666666666666666,,4,0
f740ac6001868916,cias_no_persistent_self,369_drone_matched_adversarial_identity,369,drone,matched_adversarial_identity,0.0,0.6666666666666666,,4,0
f740ac6001868916,cias_no_persistent_self,369_ground_creature_matched_adversarial_identity,369,ground_creature,matched_adversarial_identity,0.0,0.6666666666666666,,4,0
f740ac6001868916,cias_no_persistent_self,369_virtual_avatar_matched_adversarial_identity,369,virtual_avatar,matched_adversarial_identity,0.0,0.6666666666666666,,4,0
f740ac6001868916,cias_no_persistent_self,369_wheeled_robot_matched_adversarial_identity,369,wheeled_robot,matched_adversarial_identity,0.0,0.6666666666666666,,4,0
f740ac6001868916,cias_no_persistent_self,370_drone_matched_adversarial_identity,370,drone,matched_adversarial_identity,0.0,0.6666666666666666,,4,0
f740ac6001868916,cias_no_persistent_self,370_ground_creature_matched_adversarial_identity,370,ground_creature,matched_adversarial_identity,0.0,0.6666666666666666,,4,0
f740ac6001868916,cias_no_persistent_self,370_virtual_avatar_matched_adversarial_identity,370,virtual_avatar,matched_adversarial_identity,0.0,0.6666666666666666,,4,0
f740ac6001868916,cias_no_persistent_self,370_wheeled_robot_matched_adversarial_identity,370,wheeled_robot,matched_adversarial_identity,0.0,0.6666666666666666,,4,0
f740ac6001868916,cias_no_persistent_self,371_drone_matched_adversarial_identity,371,drone,matched_adversarial_identity,0.0,0.6666666666666666,,4,0
f740ac6001868916,cias_no_persistent_self,371_ground_creature_matched_adversarial_identity,371,ground_creature,matched_adversarial_identity,0.0,0.6666666666666666,,4,0
f740ac6001868916,cias_no_persistent_self,371_virtual_avatar_matched_adversarial_identity,371,virtual_avatar,matched_adversarial_identity,0.0,0.6666666666666666,,4,0
f740ac6001868916,cias_no_persistent_self,371_wheeled_robot_matched_adversarial_identity,371,wheeled_robot,matched_adversarial_identity,0.0,0.6666666666666666,,4,0
f740ac6001868916,cias_no_persistent_self,372_drone_matched_adversarial_identity,372,drone,matched_adversarial_identity,0.0,0.6666666666666666,,4,0
f740ac6001868916,cias_no_persistent_self,372_ground_creature_matched_adversarial_identity,372,ground_creature,matched_adversarial_identity,0.0,0.6666666666666666,,4,0
f740ac6001868916,cias_no_persistent_self,372_virtual_avatar_matched_adversarial_identity,372,virtual_avatar,matched_adversarial_identity,0.0,0.6666666666666666,,4,0
f740ac6001868916,cias_no_persistent_self,372_wheeled_robot_matched_adversarial_identity,372,wheeled_robot,matched_adversarial_identity,0.0,0.6666666666666666,,4,0
f740ac6001868916,cias_no_persistent_self,373_drone_matched_adversarial_identity,373,drone,matched_adversarial_identity,0.0,0.6666666666666666,,4,0
f740ac6001868916,cias_no_persistent_self,373_ground_creature_matched_adversarial_identity,373,ground_creature,matched_adversarial_identity,0.0,0.6666666666666666,,4,0
f740ac6001868916,cias_no_persistent_self,373_virtual_avatar_matched_adversarial_identity,373,virtual_avatar,matched_adversarial_identity,0.0,0.6666666666666666,,4,0
f740ac6001868916,cias_no_persistent_self,373_wheeled_robot_matched_adversarial_identity,373,wheeled_robot,matched_adversarial_identity,0.0,0.6666666666666666,,4,0
f740ac6001868916,cias_no_persistent_self,374_drone_matched_adversarial_identity,374,drone,matched_adversarial_identity,0.0,0.6666666666666666,,4,0
f740ac6001868916,cias_no_persistent_self,374_ground_creature_matched_adversarial_identity,374,ground_creature,matched_adversarial_identity,0.0,0.6666666666666666,,4,0
f740ac6001868916,cias_no_persistent_self,374_virtual_avatar_matched_adversarial_identity,374,virtual_avatar,matched_adversarial_identity,0.0,0.6666666666666666,,4,0
f740ac6001868916,cias_no_persistent_self,374_wheeled_robot_matched_adversarial_identity,374,wheeled_robot,matched_adversarial_identity,0.0,0.6666666666666666,,4,0
f740ac6001868916,cias_no_persistent_self,375_drone_matched_adversarial_identity,375,drone,matched_adversarial_identity,0.0,0.6666666666666666,,4,0
f740ac6001868916,cias_no_persistent_self,375_ground_creature_matched_adversarial_identity,375,ground_creature,matched_adversarial_identity,0.0,0.6666666666666666,,4,0
f740ac6001868916,cias_no_persistent_self,375_virtual_avatar_matched_adversarial_identity,375,virtual_avatar,matched_adversarial_identity,0.0,0.6666666666666666,,4,0
f740ac6001868916,cias_no_persistent_self,375_wheeled_robot_matched_adversarial_identity,375,wheeled_robot,matched_adversarial_identity,0.0,0.6666666666666666,,4,0
f740ac6001868916,cias_no_persistent_self,376_drone_matched_adversarial_identity,376,drone,matched_adversarial_identity,0.0,0.6666666666666666,,4,0
f740ac6001868916,cias_no_persistent_self,376_ground_creature_matched_adversarial_identity,376,ground_creature,matched_adversarial_identity,0.0,0.6666666666666666,,4,0
f740ac6001868916,cias_no_persistent_self,376_virtual_avatar_matched_adversarial_identity,376,virtual_avatar,matched_adversarial_identity,0.0,0.6666666666666666,,4,0
f740ac6001868916,cias_no_persistent_self,376_wheeled_robot_matched_adversarial_identity,376,wheeled_robot,matched_adversarial_identity,0.0,0.6666666666666666,,4,0
f740ac6001868916,cias_no_persistent_self,377_drone_matched_adversarial_identity,377,drone,matched_adversarial_identity,0.0,0.6666666666666666,,4,0
f740ac6001868916,cias_no_persistent_self,377_ground_creature_matched_adversarial_identity,377,ground_creature,matched_adversarial_identity,0.0,0.6666666666666666,,4,0
f740ac6001868916,cias_no_persistent_self,377_virtual_avatar_matched_adversarial_identity,377,virtual_avatar,matched_adversarial_identity,0.0,0.6666666666666666,,4,0
f740ac6001868916,cias_no_persistent_self,377_wheeled_robot_matched_adversarial_identity,377,wheeled_robot,matched_adversarial_identity,0.0,0.6666666666666666,,4,0
f740ac6001868916,cias_no_persistent_self,378_drone_matched_adversarial_identity,378,drone,matched_adversarial_identity,0.0,0.6666666666666666,,4,0
f740ac6001868916,cias_no_persistent_self,378_ground_creature_matched_adversarial_identity,378,ground_creature,matched_adversarial_identity,0.0,0.6666666666666666,,4,0
f740ac6001868916,cias_no_persistent_self,378_virtual_avatar_matched_adversarial_identity,378,virtual_avatar,matched_adversarial_identity,0.0,0.6666666666666666,,4,0
f740ac6001868916,cias_no_persistent_self,378_wheeled_robot_matched_adversarial_identity,378,wheeled_robot,matched_adversarial_identity,0.0,0.6666666666666666,,4,0
f740ac6001868916,cias_no_persistent_self,379_drone_matched_adversarial_identity,379,drone,matched_adversarial_identity,0.0,0.6666666666666666,,4,0
f740ac6001868916,cias_no_persistent_self,379_ground_creature_matched_adversarial_identity,379,ground_creature,matched_adversarial_identity,0.0,0.6666666666666666,,4,0
f740ac6001868916,cias_no_persistent_self,379_virtual_avatar_matched_adversarial_identity,379,virtual_avatar,matched_adversarial_identity,0.0,0.6666666666666666,,4,0
f740ac6001868916,cias_no_persistent_self,379_wheeled_robot_matched_adversarial_identity,379,wheeled_robot,matched_adversarial_identity,0.0,0.6666666666666666,,4,0
f740ac6001868916,cias_no_persistent_self,380_drone_matched_adversarial_identity,380,drone,matched_adversarial_identity,0.0,0.6666666666666666,,4,0
f740ac6001868916,cias_no_persistent_self,380_ground_creature_matched_adversarial_identity,380,ground_creature,matched_adversarial_identity,0.0,0.6666666666666666,,4,0
f740ac6001868916,cias_no_persistent_self,380_virtual_avatar_matched_adversarial_identity,380,virtual_avatar,matched_adversarial_identity,0.0,0.6666666666666666,,4,0
f740ac6001868916,cias_no_persistent_self,380_wheeled_robot_matched_adversarial_identity,380,wheeled_robot,matched_adversarial_identity,0.0,0.6666666666666666,,4,0
f740ac6001868916,cias_no_persistent_self,381_drone_matched_adversarial_identity,381,drone,matched_adversarial_identity,0.0,0.6666666666666666,,4,0
f740ac6001868916,cias_no_persistent_self,381_ground_creature_matched_adversarial_identity,381,ground_creature,matched_adversarial_identity,0.0,0.6666666666666666,,4,0
f740ac6001868916,cias_no_persistent_self,381_virtual_avatar_matched_adversarial_identity,381,virtual_avatar,matched_adversarial_identity,0.0,0.6666666666666666,,4,0
f740ac6001868916,cias_no_persistent_self,381_wheeled_robot_matched_adversarial_identity,381,wheeled_robot,matched_adversarial_identity,0.0,0.6666666666666666,,4,0
f740ac6001868916,cias_no_persistent_self,382_drone_matched_adversarial_identity,382,drone,matched_adversarial_identity,0.0,0.6666666666666666,,4,0
f740ac6001868916,cias_no_persistent_self,382_ground_creature_matched_adversarial_identity,382,ground_creature,matched_adversarial_identity,0.0,0.6666666666666666,,4,0
f740ac6001868916,cias_no_persistent_self,382_virtual_avatar_matched_adversarial_identity,382,virtual_avatar,matched_adversarial_identity,0.0,0.6666666666666666,,4,0
f740ac6001868916,cias_no_persistent_self,382_wheeled_robot_matched_adversarial_identity,382,wheeled_robot,matched_adversarial_identity,0.0,0.6666666666666666,,4,0
f740ac6001868916,cias_no_persistent_self,383_drone_matched_adversarial_identity,383,drone,matched_adversarial_identity,0.0,0.6666666666666666,,4,0
f740ac6001868916,cias_no_persistent_self,383_ground_creature_matched_adversarial_identity,383,ground_creature,matched_adversarial_identity,0.0,0.6666666666666666,,4,0
f740ac6001868916,cias_no_persistent_self,383_virtual_avatar_matched_adversarial_identity,383,virtual_avatar,matched_adversarial_identity,0.0,0.6666666666666666,,4,0
f740ac6001868916,cias_no_persistent_self,383_wheeled_robot_matched_adversarial_identity,383,wheeled_robot,matched_adversarial_identity,0.0,0.6666666666666666,,4,0
f740ac6001868916,cias_no_persistent_self,384_drone_matched_adversarial_identity,384,drone,matched_adversarial_identity,0.0,0.6666666666666666,,4,0
f740ac6001868916,cias_no_persistent_self,384_ground_creature_matched_adversarial_identity,384,ground_creature,matched_adversarial_identity,0.0,0.6666666666666666,,4,0
f740ac6001868916,cias_no_persistent_self,384_virtual_avatar_matched_adversarial_identity,384,virtual_avatar,matched_adversarial_identity,0.0,0.6666666666666666,,4,0
f740ac6001868916,cias_no_persistent_self,384_wheeled_robot_matched_adversarial_identity,384,wheeled_robot,matched_adversarial_identity,0.0,0.6666666666666666,,4,0
f740ac6001868916,cias_no_persistent_self,385_drone_matched_adversarial_identity,385,drone,matched_adversarial_identity,0.0,0.6666666666666666,,4,0
f740ac6001868916,cias_no_persistent_self,385_ground_creature_matched_adversarial_identity,385,ground_creature,matched_adversarial_identity,0.0,0.6666666666666666,,4,0
f740ac6001868916,cias_no_persistent_self,385_virtual_avatar_matched_adversarial_identity,385,virtual_avatar,matched_adversarial_identity,0.0,0.6666666666666666,,4,0
f740ac6001868916,cias_no_persistent_self,385_wheeled_robot_matched_adversarial_identity,385,wheeled_robot,matched_adversarial_identity,0.0,0.6666666666666666,,4,0
f740ac6001868916,cias_no_persistent_self,386_drone_matched_adversarial_identity,386,drone,matched_adversarial_identity,0.0,0.6666666666666666,,4,0
f740ac6001868916,cias_no_persistent_self,386_ground_creature_matched_adversarial_identity,386,ground_creature,matched_adversarial_identity,0.0,0.6666666666666666,,4,0
f740ac6001868916,cias_no_persistent_self,386_virtual_avatar_matched_adversarial_identity,386,virtual_avatar,matched_adversarial_identity,0.0,0.6666666666666666,,4,0
f740ac6001868916,cias_no_persistent_self,386_wheeled_robot_matched_adversarial_identity,386,wheeled_robot,matched_adversarial_identity,0.0,0.6666666666666666,,4,0
f740ac6001868916,cias_no_persistent_self,387_drone_matched_adversarial_identity,387,drone,matched_adversarial_identity,0.0,0.6666666666666666,,4,0
f740ac6001868916,cias_no_persistent_self,387_ground_creature_matched_adversarial_identity,387,ground_creature,matched_adversarial_identity,0.0,0.6666666666666666,,4,0
f740ac6001868916,cias_no_persistent_self,387_virtual_avatar_matched_adversarial_identity,387,virtual_avatar,matched_adversarial_identity,0.0,0.6666666666666666,,4,0
f740ac6001868916,cias_no_persistent_self,387_wheeled_robot_matched_adversarial_identity,387,wheeled_robot,matched_adversarial_identity,0.0,0.6666666666666666,,4,0
f740ac6001868916,cias_no_persistent_self,388_drone_matched_adversarial_identity,388,drone,matched_adversarial_identity,0.0,0.6666666666666666,,4,0
f740ac6001868916,cias_no_persistent_self,388_ground_creature_matched_adversarial_identity,388,ground_creature,matched_adversarial_identity,0.0,0.6666666666666666,,4,0
f740ac6001868916,cias_no_persistent_self,388_virtual_avatar_matched_adversarial_identity,388,virtual_avatar,matched_adversarial_identity,0.0,0.6666666666666666,,4,0
f740ac6001868916,cias_no_persistent_self,388_wheeled_robot_matched_adversarial_identity,388,wheeled_robot,matched_adversarial_identity,0.0,0.6666666666666666,,4,0
f740ac6001868916,cias_no_persistent_self,389_drone_matched_adversarial_identity,389,drone,matched_adversarial_identity,0.0,0.6666666666666666,,4,0
f740ac6001868916,cias_no_persistent_self,389_ground_creature_matched_adversarial_identity,389,ground_creature,matched_adversarial_identity,0.0,0.6666666666666666,,4,0
f740ac6001868916,cias_no_persistent_self,389_virtual_avatar_matched_adversarial_identity,389,virtual_avatar,matched_adversarial_identity,0.0,0.6666666666666666,,4,0
f740ac6001868916,cias_no_persistent_self,389_wheeled_robot_matched_adversarial_identity,389,wheeled_robot,matched_adversarial_identity,0.0,0.6666666666666666,,4,0
f740ac6001868916,cias_no_persistent_self,390_drone_matched_adversarial_identity,390,drone,matched_adversarial_identity,0.0,0.6666666666666666,,4,0
f740ac6001868916,cias_no_persistent_self,390_ground_creature_matched_adversarial_identity,390,ground_creature,matched_adversarial_identity,0.0,0.6666666666666666,,4,0
f740ac6001868916,cias_no_persistent_self,390_virtual_avatar_matched_adversarial_identity,390,virtual_avatar,matched_adversarial_identity,0.0,0.6666666666666666,,4,0
f740ac6001868916,cias_no_persistent_self,390_wheeled_robot_matched_adversarial_identity,390,wheeled_robot,matched_adversarial_identity,0.0,0.6666666666666666,,4,0
